rank,compound,z_promote_muscle_max,z_promote_muscle_median,n_signatures_dn,cell_lines_dn,protein_targets_dn,z_mimic_atrophy_max,z_mimic_atrophy_median,gmt_overlap_count,gmt_best_p,gmt_n_signatures,gmt_directions,gmt_overlapping_genes,anti_mimic_score,gmt_evidence,z_promote_norm,anti_mimic_norm,gmt_evidence_norm,reversal_score,compound_name,clinical_phase,moa,target,disease_area,indication
1,BRD-K71328603,7.8469,7.8469,1,VCAP,,0.0,0.0,0.0,1.0,0.0,,,1.0,-0.0,8.818276461068296,1.0546450570426453,-0.07709312585630698,4.710113122475679,BRD-K71328603,,,,,
2,Fenretinide,3.3337,3.3337,1,MCF7,RARA,5.3535,3.5191,2.0,0.16497513057288618,1.0,drug_up_reverses_query_down,",,1,A,B,D,E,F,H",0.15739356260328952,0.7825815192345986,0.8925362031567126,-1.1526891834964887,21.939330591265524,4.488327464782515,Fenretinide,Phase 3,apoptosis stimulant|retinoid receptor agonist,RARA,,
3,Wortmannin,7.8415,5.4518,2,"A549,CD34",PIK3CA|PIK3CG|PLK1,5.0364,2.878,0.0,1.0,0.0,,,0.16566165264064672,-0.0,8.808793389767951,-1.13102967861577,-0.07709312585630698,4.049669166127982,Wortmannin,Preclinical,PI3K inhibitor,PI4KA|PI4KB|PIK3CA|PIK3CD|PIK3CG|PIK3R1|PLK1|PRKDC,,
4,"ethyl 6-(2,3-dihydro-1H-indol-1-ylmethyl)-4-(3-nitrophenyl)-2-oxo-1,2,3,4-tetrahydro-5-pyrimidinecarboxylate",6.5875,6.5875,1,CD34,,3.2024,3.2024,0.0,1.0,0.0,,,0.2379592613744527,-0.0,6.606613498909773,-0.9416352232870407,-0.07709312585630698,3.005397557297513,"ethyl 6-(2,3-dihydro-1H-indol-1-ylmethyl)-4-(3-nitrophenyl)-2-oxo-1,2,3,4-tetrahydro-5-pyrimidinecarboxylate",,,,,
5,Phenoxazine,5.311,5.311,1,SNU1040,,0.0,0.0,0.0,1.0,0.0,,,1.0,-0.0,4.36492081096682,1.0546450570426453,-0.07709312585630698,2.483435297424942,Phenoxazine,,,,,
6,DMXAA (Vadimezan),5.2721,5.2721,1,HA1E,,0.0,0.0,0.0,1.0,0.0,,,1.0,-0.0,4.2966075751180295,1.0546450570426453,-0.07709312585630698,2.449278679500547,DMXAA (Vadimezan),,,,,
7,BRD-K63199400,4.3813,4.3813,1,VCAP,,0.0,0.0,0.0,1.0,0.0,,,1.0,-0.0,2.7322520354238797,1.0546450570426453,-0.07709312585630698,1.6671009096534721,BRD-K63199400,,,,,
8,BRD-K85822033,4.9007,4.9007,1,CD34,,2.6864,2.6864,0.0,1.0,0.0,,,0.2712673611111111,-0.0,3.6443830045719943,-0.8543796484742371,-0.07709312585630698,1.5504589825724646,BRD-K85822033,,,,,
9,MLS002264476,4.0574,4.0574,1,A375,,0.0,0.0,0.0,1.0,0.0,,,1.0,-0.0,2.1634433698345945,1.0546450570426453,-0.07709312585630698,1.3826965768588295,MLS002264476,,,,,
10,38194-50-2,4.0269,4.0269,1,HEK293T,AKR1B1|PTGS1|PTGS2,0.0,0.0,0.0,1.0,0.0,,,1.0,-0.0,2.1098815782307874,1.0546450570426453,-0.07709312585630698,1.355915681056926,38194-50-2,,,,,
11,PRX-08066 Maleic acid,4.0232,4.0232,1,A375,,0.0,0.0,0.0,1.0,0.0,,,1.0,-0.0,2.1033839182657346,1.0546450570426453,-0.07709312585630698,1.3526668510743995,PRX-08066 Maleic acid,,,,,
12,BRD-K95208083,3.9416,3.9416,1,MCF7,,0.0,0.0,0.0,1.0,0.0,,,1.0,-0.0,1.9600841741716144,1.0546450570426453,-0.07709312585630698,1.2810169790273394,BRD-K95208083,,,,,
13,Thalidomide,4.5743,3.2198,3,"DV90,H1299,PC3",CRBN|CUL4A|DDB1|RBX1|TNF,3.4264,3.3591,0.0,1.0,0.0,,,0.22591722392915237,-0.0,3.0711840281955127,-0.9731811507795828,-0.07709312585630698,1.2282190436926201,Thalidomide,Launched,tumor necrosis factor production inhibitor,TNF,oncology,myeloma
14,BRD-K56370195,3.8593,3.8593,1,PC3,,0.0,0.0,0.0,1.0,0.0,,,1.0,-0.0,1.8155551430570784,1.0546450570426453,-0.07709312585630698,1.2087524634700715,BRD-K56370195,,,,,
15,MLS003370629,3.7913,3.7913,1,MCF7,,0.0,0.0,0.0,1.0,0.0,,,1.0,-0.0,1.696138689645311,1.0546450570426453,-0.07709312585630698,1.1490442367641878,MLS003370629,,,,,
16,BRD-K75381775,3.7622,3.7622,1,VCAP,,0.0,0.0,0.0,1.0,0.0,,,1.0,-0.0,1.645035472082334,1.0546450570426453,-0.07709312585630698,1.123492627982699,BRD-K75381775,,,,,
17,RO-281675,4.4724,4.4724,1,MCF7,GCK,4.4072,2.55405,0.0,1.0,0.0,,,0.1849386003846723,-0.0,2.89223496050935,-1.0805308158964981,-0.07709312585630698,1.1065396103144642,RO-281675,,,,,
18,BRD-M66254575,3.7341,3.7341,1,HT29,,0.0,0.0,0.0,1.0,0.0,,,1.0,-0.0,1.5956883788342364,1.0546450570426453,-0.07709312585630698,1.0988190813586505,BRD-M66254575,,,,,
19,5-BrdU,3.66,3.66,1,HT29,,0.0,0.0,0.0,1.0,0.0,,,1.0,-0.0,1.4655595671017076,1.0546450570426453,-0.07709312585630698,1.033754675492386,5-BrdU,,,,,
20,BRD-A35207501,3.6402,3.6402,1,U937,,0.0,0.0,0.0,1.0,0.0,,,1.0,-0.0,1.430788305667105,1.0546450570426453,-0.07709312585630698,1.0163690447750846,BRD-A35207501,,,,,
21,Oxaprozin,3.6346,3.6346,1,MCF7,PTGS1|PTGS2,0.0,0.0,0.0,1.0,0.0,,,1.0,-0.0,1.4209540095037823,1.0546450570426453,-0.07709312585630698,1.0114518966934234,Oxaprozin,Launched,cyclooxygenase inhibitor,PTGS1|PTGS2,rheumatology,osteoarthritis|rheumatoid arthritis
22,Dmbi,3.6345,3.6345,1,PHH,PDGFRB,0.0,0.0,0.0,1.0,0.0,,,1.0,-0.0,1.420778397072295,1.0546450570426453,-0.07709312585630698,1.0113640904776797,Dmbi,,,,,
23,BRD-K56215828,3.5968,3.5968,1,A375,,0.0,0.0,0.0,1.0,0.0,,,1.0,-0.0,1.354572510401359,1.0546450570426453,-0.07709312585630698,0.9782611471422118,BRD-K56215828,,,,,
24,BRD-K55981249,3.586,3.586,1,HT29,,0.0,0.0,0.0,1.0,0.0,,,1.0,-0.0,1.3356063678006664,1.0546450570426453,-0.07709312585630698,0.9687780758418654,BRD-K55981249,,,,,
25,STK-674938,4.258,4.258,1,PC3,,3.3319,3.16555,0.0,1.0,0.0,,,0.2308455873865971,-0.0,2.5157219073993073,-0.9602705617707336,-0.07709312585630698,0.9543611599971722,STK-674938,,,,,
26,10-DEBC,4.2916,4.2916,1,A375,PIM1,4.1754,3.4477,0.0,1.0,0.0,,,0.193221779959037,-0.0,2.574727684379239,-1.0588317817050215,-0.07709312585630698,0.9542956825068516,10-DEBC,Preclinical,AKT inhibitor,PIM1,,
27,MEGXP0_000778,3.5673,3.5673,1,NEU,,0.0,0.0,0.0,1.0,0.0,,,1.0,-0.0,1.3027668431124306,1.0546450570426453,-0.07709312585630698,0.9523583134977476,MEGXP0_000778,,,,,
28,Methimazole,3.5544,3.5544,1,YAPC,TPO,0.0,0.0,0.0,1.0,0.0,,,1.0,-0.0,1.2801128394504921,1.0546450570426453,-0.07709312585630698,0.9410313116667783,Methimazole,Launched,antithyroid agent,TPO,endocrinology,hyperthyroidism
29,BRD-K26663582,3.544,3.544,1,VCAP,,0.0,0.0,0.0,1.0,0.0,,,1.0,-0.0,1.2618491465757518,1.0546450570426453,-0.07709312585630698,0.9318994652294081,BRD-K26663582,,,,,
30,Diphenidol,3.5164,3.5164,1,PC3,CHRM1|CHRM3|CHRM4,0.0,0.0,0.0,1.0,0.0,,,1.0,-0.0,1.2133801154850932,1.0546450570426453,-0.07709312585630698,0.9076649496840787,Diphenidol,Launched,acetylcholine receptor agonist,CHRM1|CHRM2|CHRM3|CHRM4,neurology/psychiatry,vertigo
31,Oxybutynin,4.1893,4.1893,1,PC3,CHRM1|CHRM2|CHRM3,3.2418,2.8131500000000003,0.0,1.0,0.0,,,0.23574897449196097,-0.0,2.395076166967125,-0.9474254020711146,-0.07709312585630698,0.8978918376909668,Oxybutynin,Launched,acetylcholine receptor antagonist,CHRM1|CHRM2|CHRM3,urology,urinary incontinence
32,BRD-K30611309,4.1451,4.1451,1,VCAP,,2.5279,2.5279,0.0,1.0,0.0,,,0.2834547464497293,-0.0,2.3174554722494762,-0.8224529603234902,-0.07709312585630698,0.8965732228564297,BRD-K30611309,,,,,
33,BRD-K82048228,3.4921,3.4921,1,PC3,,0.0,0.0,0.0,1.0,0.0,,,1.0,-0.0,1.1707062946335356,1.0546450570426453,-0.07709312585630698,0.8863280392583,BRD-K82048228,,,,,
34,BRD-K94412749,3.4767,3.4767,1,PC3,,0.0,0.0,0.0,1.0,0.0,,,1.0,-0.0,1.1436619801844,1.0546450570426453,-0.07709312585630698,0.8728058820337321,BRD-K94412749,,,,,
35,Androstenol,3.4441,3.4441,1,FIBRNPC,NR1I3,0.0,0.0,0.0,1.0,0.0,,,1.0,-0.0,1.086412327519347,1.0546450570426453,-0.07709312585630698,0.8441810557012057,Androstenol,,,,,
36,BRD-K71195237,3.4438,3.4438,1,MCF7,,0.0,0.0,0.0,1.0,0.0,,,1.0,-0.0,1.085885490224883,1.0546450570426453,-0.07709312585630698,0.8439176370539736,BRD-K71195237,,,,,
37,SA-247582,3.4406,3.4406,1,NKDBA,,0.0,0.0,0.0,1.0,0.0,,,1.0,-0.0,1.0802658924172701,1.0546450570426453,-0.07709312585630698,0.8411078381501673,SA-247582,,,,,
38,AGK 2,4.12,4.12,1,SKL.C,SIRT2,3.2051,2.76855,0.0,1.0,0.0,,,0.23780647309219757,-0.0,2.273376751946015,-0.9420354751626575,-0.07709312585630698,0.8386591082529489,AGK 2,,,,,
39,BRD-K77629773,3.4342,3.4342,1,NEU,,0.0,0.0,0.0,1.0,0.0,,,1.0,-0.0,1.0690266968020454,1.0546450570426453,-0.07709312585630698,0.835488240342555,BRD-K77629773,,,,,
40,GSK 1059615,4.151,3.82285,2,"HS578T,MCF7",PIK3CA|PIK3CB|PIK3CD|PIK3CG,4.2043,2.8613999999999997,0.0,1.0,0.0,,,0.1921488000307438,-0.0,2.3278166057072616,-1.061642613939404,-0.07709312585630698,0.8299968935005482,GSK 1059615,,,,,
41,Ibrutinib (PCI-32765),3.4159,3.4159,1,PC3,BTK,0.0,0.0,0.0,1.0,0.0,,,1.0,-0.0,1.036889621839761,1.0546450570426453,-0.07709312585630698,0.8194197028614127,Ibrutinib (PCI-32765),,,,,
42,CHEMBL2138369,3.394,3.394,1,A549,,0.0,0.0,0.0,1.0,0.0,,,1.0,-0.0,0.9984304993439125,1.0546450570426453,-0.07709312585630698,0.8001901416134884,CHEMBL2138369,,,,,
43,D-LACTITOL MONOHYDRATE,3.3842,3.3842,1,HELA,,0.0,0.0,0.0,1.0,0.0,,,1.0,-0.0,0.9812204810580986,1.0546450570426453,-0.07709312585630698,0.7915851324705815,D-LACTITOL MONOHYDRATE,,,,,
44,16Beta-bromoandrosterone,3.382,3.382,1,EFO27,G6PD,0.0,0.0,0.0,1.0,0.0,,,1.0,-0.0,0.9773570075653653,1.0546450570426453,-0.07709312585630698,0.7896533957242149,16Beta-bromoandrosterone,,,,,
45,tioconazole,3.3666,3.3666,1,A375,,0.0,0.0,0.0,1.0,0.0,,,1.0,-0.0,0.9503126931162297,1.0546450570426453,-0.07709312585630698,0.776131238499647,tioconazole,Launched,sterol demethylase inhibitor,,infectious disease,yeast infection
46,Niacin,4.0156,4.0156,1,PHH,HCAR2|HCAR3,2.7724,2.7724,0.0,1.0,0.0,,,0.26508323613614676,-0.0,2.0900373734726547,-0.8705798935699023,-0.07709312585630698,0.7684260934940954,Niacin,Launched,NAD precursor|vitamin B,DGAT2|HCAR1|HCAR2|HCAR3|NNMT|QPRT,endocrinology,hypertriglyceridemia
47,Etizolam,3.3347,2.8785,2,"HA1E,HT29",,0.0,0.0,0.0,1.0,0.0,,,1.0,-0.0,0.8942923274715922,1.0546450570426453,-0.07709312585630698,0.7481210556773283,Etizolam,Launched,benzodiazepine receptor agonist,GABRA1,neurology/psychiatry,insomnia|anxiety
48,TL_HRAS26,4.0495,3.3281,2,"A375,PC3",,3.9978,2.8449,0.0,1.0,0.0,,,0.2000880387370443,-0.0,2.1495699877470504,-1.040844584560025,-0.07709312585630698,0.7471129933342564,TL_HRAS26,,,,,
49,BRD-K21136828,3.3033,3.3033,1,HT29,,0.0,0.0,0.0,1.0,0.0,,,1.0,-0.0,0.8391500239843935,1.0546450570426453,-0.07709312585630698,0.720549903933729,BRD-K21136828,,,,,
50,AC1NWAO0,3.2975,3.2975,1,HA1E,ADRB2,0.0,0.0,0.0,1.0,0.0,,,1.0,-0.0,0.8289645029580953,1.0546450570426453,-0.07709312585630698,0.7154571434205799,AC1NWAO0,,,,,
51,1135243-19-4,3.2963,3.2963,1,HCC515,CHRM1,0.0,0.0,0.0,1.0,0.0,,,1.0,-0.0,0.8268571537802408,1.0546450570426453,-0.07709312585630698,0.7144034688316526,1135243-19-4,,,,,
52,N-Cyclooctyl-4-methylbenzenesulfonamide,3.2923,3.2923,1,HEPG2,,0.0,0.0,0.0,1.0,0.0,,,1.0,-0.0,0.8198326565207251,1.0546450570426453,-0.07709312585630698,0.7108912202018948,N-Cyclooctyl-4-methylbenzenesulfonamide,,,,,
53,BRD-K02576169,3.2487,3.2487,1,VCAP,,0.0,0.0,0.0,1.0,0.0,,,1.0,-0.0,0.7432656363920037,1.0546450570426453,-0.07709312585630698,0.6726077101375341,BRD-K02576169,,,,,
54,SA-1459031,3.2402,3.2402,1,MCF7,,0.0,0.0,0.0,1.0,0.0,,,1.0,-0.0,0.7283385797155333,1.0546450570426453,-0.07709312585630698,0.6651441817992989,SA-1459031,,,,,
55,Verapamil,3.9061,3.9061,1,HA1E,CACNA1C|CACNA1D|CACNA1F|CACNA1G|CACNA1S,3.0074,3.0074,0.0,1.0,0.0,,,0.24953835404501667,-0.0,1.8977417609934117,-0.9113020492312174,-0.07709312585630698,0.6600616405560793,Verapamil,Launched,calcium channel blocker,CACNA1A|CACNA1B|CACNA1C|CACNA1D|CACNA1F|CACNA1G|CACNA1I|CACNA1S|CACNB1|CACNB2|CACNB3|CACNB4|CYP3A4|KCNA10|KCNA7|KCNH2|KCNJ11|NALCN|SCN5A|SLC29A4|SLC6A4,cardiology,hypertension
56,BRD-K38044934,3.2131,3.2131,1,VCAP,,0.0,0.0,0.0,1.0,0.0,,,1.0,-0.0,0.6807476107823137,1.0546450570426453,-0.07709312585630698,0.6413486973326891,BRD-K38044934,,,,,
57,BRD-K08266813,3.2047,3.2047,1,A549,,0.0,0.0,0.0,1.0,0.0,,,1.0,-0.0,0.6659961665373307,1.0546450570426453,-0.07709312585630698,0.6339729752101976,BRD-K08266813,,,,,
58,BRD-K84039354,3.2028,3.2028,1,VCAP,,0.0,0.0,0.0,1.0,0.0,,,1.0,-0.0,0.6626595303390608,1.0546450570426453,-0.07709312585630698,0.6323046571110627,BRD-K84039354,,,,,
59,BRD-K11480730,3.2007,3.2007,1,VCAP,,0.0,0.0,0.0,1.0,0.0,,,1.0,-0.0,0.658971669277815,1.0546450570426453,-0.07709312585630698,0.6304607265804397,BRD-K11480730,,,,,
60,CHEMBL2333346,3.8412,3.8412,1,MCF7,,2.7112,2.7112,0.0,1.0,0.0,,,0.2694546238413451,-0.0,1.7837692929577698,-0.859128386280013,-0.07709312585630698,0.6187275054236197,CHEMBL2333346,,,,,
61,Concneorine,3.1864,3.1864,1,A549,,0.0,0.0,0.0,1.0,0.0,,,1.0,-0.0,0.6338590915750464,1.0546450570426453,-0.07709312585630698,0.6179044377290555,Concneorine,,,,,
62,Topiramate,3.1796,3.1796,1,HELA,CA2|CA4|GABRA1|GABRA2|GABRA3|GABRA4|GABRA5|GABRA6|GABRB1|GABRB2|GABRB3|GABRD|GABRE|GABRG1|GABRG2|GABRG3|GABRP|GABRQ|GRIA1|GRIA2|GRIA3|GRIA4|GRIK1|GRIK2|GRIK3|GRIK4|GRIK5|SCN10A|SCN11A|SCN1A|SCN2A|SCN3A|SCN4A|SCN5A|SCN7A|SCN8A|SCN9A,0.0,0.0,0.0,1.0,0.0,,,1.0,-0.0,0.6219174462338701,1.0546450570426453,-0.07709312585630698,0.6119336150584673,Topiramate,Launched,carbonic anhydrase inhibitor|glutamate receptor antagonist|kainate receptor antagonist,CA1|CA12|CA2|CA4|CA7|GABRA1|GABRA2|GABRA3|GABRA4|GABRA5|GABRA6|GABRB1|GABRB2|GABRB3|GABRD|GABRE|GABRG1|GABRG2|GABRG3|GABRP|GABRQ|GRIA1|GRIA2|GRIA3|GRIA4|GRIK1|GRIK2|GRIK3|GRIK4|GRIK5|SCN10A|SCN11A|SCN1A|SCN2A|SCN3A|SCN4A|SCN5A|SCN7A|SCN8A|SCN9A,neurology/psychiatry,epilepsy|migraine headache
63,ZINC01037816,3.1703,3.1703,1,NEU,,0.0,0.0,0.0,1.0,0.0,,,1.0,-0.0,0.605585490105496,1.0546450570426453,-0.07709312585630698,0.6037676369942802,ZINC01037816,,,,,
64,BRD-K23488072,3.1695,3.1695,1,PC3,,0.0,0.0,0.0,1.0,0.0,,,1.0,-0.0,0.604180590653593,1.0546450570426453,-0.07709312585630698,0.6030651872683287,BRD-K23488072,,,,,
65,Iloprost,3.8004,3.1727999999999996,2,"ASC,HL60",PTGER1|PTGER2|PTGIR,2.4335,2.4335,0.0,1.0,0.0,,,0.291247997670016,-0.0,1.7121194209107087,-0.8020373671115395,-0.07709312585630698,0.6000298751506311,Iloprost,Launched,platelet aggregation inhibitor|prostanoid receptor agonist,PTGDR|PTGER1|PTGER2|PTGER3|PTGER4|PTGFR|PTGIR|TBXA2R,pulmonary,pulmonary arterial hypertension (PAH)
66,Levonorgestrel,3.7781,3.7781,1,MCF7,PGR,2.3454,2.3454,0.0,1.0,0.0,,,0.29891791713995336,-0.0,1.6729578486889085,-0.7819448599613721,-0.07709312585630698,0.5864768411847813,Levonorgestrel,Launched,estrogen receptor agonist|glucocorticoid receptor antagonist|progesterone receptor agonist|progesterone receptor antagonist,PGR,endocrinology,contraceptive
67,BRD-K69073546,3.1468,3.1468,1,VCAP,,0.0,0.0,0.0,1.0,0.0,,,1.0,-0.0,0.5643165687058406,1.0546450570426453,-0.07709312585630698,0.5831331762944525,BRD-K69073546,,,,,
68,"VX-222 (VCH-222, Lomibuvir)",3.781,3.781,1,HT29,,2.5045,2.41995,0.0,1.0,0.0,,,0.28534741047224993,-0.0,1.6780506092020582,-0.8174948423726546,-0.07709312585630698,0.5783582267179714,"VX-222 (VCH-222, Lomibuvir)",,,,,
69,Valproic acid,3.1288,2.86705,2,"PC3,YAPC",ABAT|ALDH5A1|HDAC1|SCN1A|SCN3A,0.0,0.0,0.0,1.0,0.0,,,1.0,-0.0,0.5327063310380202,1.0546450570426453,-0.07709312585630698,0.5673280574605424,Valproic acid,,,,,
70,SR59230A,3.1279,3.1279,1,NEU,ADRB3,0.0,0.0,0.0,1.0,0.0,,,1.0,-0.0,0.531125819154629,1.0546450570426453,-0.07709312585630698,0.5665378015188467,SR59230A,,,,,
71,SCH-23390,3.0886,3.0886,1,VCAP,DRD1|DRD5|HTR2C,0.0,0.0,0.0,1.0,0.0,,,1.0,-0.0,0.4621101335798873,1.0546450570426453,-0.07709312585630698,0.5320299587314758,SCH-23390,Preclinical,dopamine receptor antagonist,DRD1|DRD5|HTR2C|KCNJ4|KCNJ6,,
72,Broad-Sai-424,3.0881,3.0881,1,A375,,0.0,0.0,0.0,1.0,0.0,,,1.0,-0.0,0.4612320714224475,1.0546450570426453,-0.07709312585630698,0.531590927652756,Broad-Sai-424,,,,,
73,FPL64176,3.0877,3.0877,1,VCAP,CACNA1C,0.0,0.0,0.0,1.0,0.0,,,1.0,-0.0,0.460529621696496,1.0546450570426453,-0.07709312585630698,0.5312397027897802,FPL64176,,,,,
74,AB00540134,3.0804,3.07715,2,"A549,NPC",,0.0,0.0,0.0,1.0,0.0,,,1.0,-0.0,0.4477099141978801,1.0546450570426453,-0.07709312585630698,0.5248298490404723,AB00540134,,,,,
75,Azelastine,3.0799,3.0799,1,HA1E,HRH1,0.0,0.0,0.0,1.0,0.0,,,1.0,-0.0,0.4468318520404403,1.0546450570426453,-0.07709312585630698,0.5243908179617524,Azelastine,Launched,histamine receptor antagonist,HRH1,ophthalmology,conjunctivitis
76,BRD-K47170156,3.0721,3.0721,1,PC3,,0.0,0.0,0.0,1.0,0.0,,,1.0,-0.0,0.4331340823843846,1.0546450570426453,-0.07709312585630698,0.5175419331337245,BRD-K47170156,,,,,
77,Amiodarone,3.7912,3.7912,1,PL21,KCNH2,4.1731,2.99655,0.0,1.0,0.0,,,0.19330768784674568,-0.0,1.6959630772138228,-1.0586067330777436,-0.07709312585630698,0.514980893512327,Amiodarone,Launched,potassium channel blocker,ADRB1|CACNA1H|CACNA2D2|KCNA7|KCNH2,cardiology,ventricular arrhythmias
78,CHEMBL198368,3.0656,3.0656,1,NPC,SLC1A2,0.0,0.0,0.0,1.0,0.0,,,1.0,-0.0,0.42171927433767165,1.0546450570426453,-0.07709312585630698,0.5118345291103681,CHEMBL198368,,,,,
79,SCHEMBL3958507,3.7319,3.1006,2,"MCF10A,MDAMB231",COQ8B|EGFR,3.0563,2.6567,0.0,1.0,0.0,,,0.24653008899736212,-0.0,1.5918249053415023,-0.919182651787282,-0.07709312585630698,0.5047390319633052,SCHEMBL3958507,,,,,
80,Lidocaine,3.0543,3.0543,1,HT29,SCN10A|SCN11A|SCN1A|SCN2A|SCN3A|SCN4A|SCN5A|SCN7A|SCN8A|SCN9A,0.0,0.0,0.0,1.0,0.0,,,1.0,-0.0,0.40187506957954,1.0546450570426453,-0.07709312585630698,0.5019124267313022,Lidocaine,Launched,histamine receptor agonist,EGFR|SCN10A|SCN5A|SCN9A,neurology/psychiatry|dermatology|hematology,itching|eczema|hemorrhage
81,BAY-117821,3.0501,3.0501,1,DV90,,0.0,0.0,0.0,1.0,0.0,,,1.0,-0.0,0.3944993474570485,1.0546450570426453,-0.07709312585630698,0.4982245656700564,BAY-117821,,,,,
82,Moxisylyte,3.0468,3.0086500000000003,2,"HT29,PC3",,0.0,0.0,0.0,1.0,0.0,,,1.0,-0.0,0.38870413721794833,1.0546450570426453,-0.07709312585630698,0.49532696055050635,Moxisylyte,Withdrawn,adrenergic receptor antagonist,,,
83,MLS002699818,3.04,3.04,1,A375,,0.0,0.0,0.0,1.0,0.0,,,1.0,-0.0,0.37676249187677135,1.0546450570426453,-0.07709312585630698,0.4893561378799178,MLS002699818,,,,,
84,"Trans-1,4-bis(2-chlorobenzaminomethyl)cyclohexane dihydrochloride",3.0382,3.0382,1,SKB,,0.0,0.0,0.0,1.0,0.0,,,1.0,-0.0,0.37360146810998884,1.0546450570426453,-0.07709312585630698,0.48777562599652663,"Trans-1,4-bis(2-chlorobenzaminomethyl)cyclohexane dihydrochloride",,,,,
85,Dasatinib,3.0421,2.62035,6,"HME1,PC3,SKL",ABL1|BCR|BLK|EPHA2|FGR|FRK|FYN|HCK|KIT|LCK|LYN|PDGFRB|SRC|SRMS|YES1,4.3722,2.8731,1.0,0.7735329960557833,1.0,drug_down_reverses_query_up,"B,C,S",0.18614347939391682,0.1115211561736448,0.3804503529380171,-1.0773744541898047,3.0603398027204842,0.479080800756164,Dasatinib,Launched,Bcr-Abl kinase inhibitor|ephrin inhibitor|KIT inhibitor|PDGFR tyrosine kinase receptor inhibitor|SRC inhibitor|tyrosine kinase inhibitor,ABL1|ABL2|BLK|EPHA2|FGR|FRK|FYN|HCK|KIT|LCK|LYN|PDGFRB|SRC|SRMS|STAT5B|YES1,hematologic malignancy,chronic myeloid leukemia (CML)|acute lymphoblastic leukemia (ALL)
86,Batimastat,3.713,3.713,1,HELA,,3.284,2.52395,0.0,1.0,0.0,,,0.2334267040149393,-0.0,1.5586341557902907,-0.9535089387167166,-0.07709312585630698,0.477845771108869,Batimastat,Phase 3,matrix metalloprotease inhibitor,ADAM28|ADAMTS5|MMP12|MMP16|MMP2|MMP8,,
87,Clioquinol,3.7543,3.7543,1,PC3,,4.6403,2.91105,0.0,1.0,0.0,,,0.17729553392550043,-0.0,1.6311620899947907,-1.1005529775478733,-0.07709312585630698,0.469996526561772,Clioquinol,Withdrawn,chelating agent,OPRK1,,
88,LM-1685,3.0147,3.0147,1,NEU,PTGS2,0.0,0.0,0.0,1.0,0.0,,,1.0,-0.0,0.33233254671033424,1.0546450570426453,-0.07709312585630698,0.4671411652966993,LM-1685,,,,,
89,Rescinnamine,2.9971,2.9971,1,SKB,ACE|SLC18A2,0.0,0.0,0.0,1.0,0.0,,,1.0,-0.0,0.30142475876846536,1.0546450570426453,-0.07709312585630698,0.45168727132576486,Rescinnamine,,,,,
90,BRD-K13185593,2.9954,2.9954,1,VCAP,,0.0,0.0,0.0,1.0,0.0,,,1.0,-0.0,0.29843934743317113,1.0546450570426453,-0.07709312585630698,0.4501945656581177,BRD-K13185593,,,,,
91,BRD-K52160314,2.9851,2.9851,1,A375,,0.0,0.0,0.0,1.0,0.0,,,1.0,-0.0,0.28035126698991825,1.0546450570426453,-0.07709312585630698,0.4411505254364913,BRD-K52160314,,,,,
92,BRD-K88217904,2.98,2.98,1,HA1E,,0.0,0.0,0.0,1.0,0.0,,,1.0,-0.0,0.2713950329840355,1.0546450570426453,-0.07709312585630698,0.4366724084335499,BRD-K88217904,,,,,
93,CHEMBL2152380,2.9775,2.9775,1,HA1E,,0.0,0.0,0.0,1.0,0.0,,,1.0,-0.0,0.26700472219683824,1.0546450570426453,-0.07709312585630698,0.43447725303995127,CHEMBL2152380,,,,,
94,Zamifenacin,2.9686,2.9686,1,HT29,CHRM3,0.0,0.0,0.0,1.0,0.0,,,1.0,-0.0,0.2513752157944156,1.0546450570426453,-0.07709312585630698,0.42666249983873994,Zamifenacin,Phase 3,acetylcholine receptor antagonist,CHRM3,,
95,HSCI1_000191,2.9539,2.9539,1,SKB,JAK3,0.0,0.0,0.0,1.0,0.0,,,1.0,-0.0,0.2255601883656954,1.0546450570426453,-0.07709312585630698,0.41375498612437983,HSCI1_000191,,,,,
96,Gefitinib,2.6676,2.4313,3,"LNCAP,PC3,PHH",EGFR,3.6979,2.903,2.0,0.7012488400236921,1.0,drug_down_reverses_query_up,",,2,8,A,D,F,H,P,S,W,Z",0.2128610655824943,0.15412784412683572,-0.2772182029841416,-1.007383720436561,4.258996903744407,0.41097516312584237,Gefitinib,Launched,EGFR inhibitor,EGFR,oncology,non-small cell lung cancer (NSCLC)
97,Ibuprofen,2.9487,2.9487,1,HA1E,PTGS1|PTGS2,0.0,0.0,0.0,1.0,0.0,,,1.0,-0.0,0.21642834192832522,1.0546450570426453,-0.07709312585630698,0.40918906290569473,Ibuprofen,Launched,cyclooxygenase inhibitor,,neurology/psychiatry|rheumatology|otolaryngology|obstetrics/gynecology|endocrinology|dental,headache|muscle pain|rheumatoid arthritis|backache|common cold|menstrual pain|fever|toothache
98,BRD-K19770227,2.9482,2.9482,1,VCAP,,0.0,0.0,0.0,1.0,0.0,,,1.0,-0.0,0.21555027977088545,1.0546450570426453,-0.07709312585630698,0.4087500318269749,BRD-K19770227,,,,,
99,Masitinib,3.641,3.1881,2,"A375,HT29",FGFR3|KIT|LYN|PDGFRA|PDGFRB,3.789,2.7051,0.0,1.0,0.0,,,0.2088118605136772,-0.0,1.4321932051190078,-1.017991221873387,-0.07709312585630698,0.3952806108262264,Masitinib,Launched,KIT inhibitor|PDGFR tyrosine kinase receptor inhibitor|SRC inhibitor,FGFR3|KIT|PDGFRA|PDGFRB,dermatology,mastocytoma
100,MLS002264391,2.9227,2.9227,1,HEPG2,,0.0,0.0,0.0,1.0,0.0,,,1.0,-0.0,0.17076910974147264,1.0546450570426453,-0.07709312585630698,0.38635944681226847,MLS002264391,,,,,
101,AC1M43RN,2.9205,2.9205,1,NEU,,0.0,0.0,0.0,1.0,0.0,,,1.0,-0.0,0.16690563624873941,1.0546450570426453,-0.07709312585630698,0.3844277100659019,AC1M43RN,,,,,
102,Trilostane,2.9099,2.9099,1,HT29,,0.0,0.0,0.0,1.0,0.0,,,1.0,-0.0,0.14829071851102246,1.0546450570426453,-0.07709312585630698,0.3751202511970434,Trilostane,Launched,3beta-hydroxy-delta5-steroid dehydrogenase inhibitor,,endocrinology,Cushing's syndrome
103,BRD-K20578716,2.9074,2.9074,1,PC3,,0.0,0.0,0.0,1.0,0.0,,,1.0,-0.0,0.14390040772382523,1.0546450570426453,-0.07709312585630698,0.37292509580344474,BRD-K20578716,,,,,
104,"1-[1-(3-Chloro-4-fluorophenyl)-2,5-dioxopyrrolidin-3-yl]piperidine-4-carboxamide",2.9072,2.9072,1,A549,,0.0,0.0,0.0,1.0,0.0,,,1.0,-0.0,0.1435491828608495,1.0546450570426453,-0.07709312585630698,0.3727494833719569,"1-[1-(3-Chloro-4-fluorophenyl)-2,5-dioxopyrrolidin-3-yl]piperidine-4-carboxamide",,,,,
105,BRD-K82117061,2.9031,2.9031,1,VCAP,,0.0,0.0,0.0,1.0,0.0,,,1.0,-0.0,0.1363490731698455,1.0546450570426453,-0.07709312585630698,0.3691494285264549,BRD-K82117061,,,,,
106,Palmitoyl Carnitine,2.903,2.903,1,A549,,0.0,0.0,0.0,1.0,0.0,,,1.0,-0.0,0.136173460738358,1.0546450570426453,-0.07709312585630698,0.36906162231071116,Palmitoyl Carnitine,,,,,
107,BRD-K50157880,2.9002,2.9002,1,HT29,,0.0,0.0,0.0,1.0,0.0,,,1.0,-0.0,0.13125631265669677,1.0546450570426453,-0.07709312585630698,0.36660304826988055,BRD-K50157880,,,,,
108,SCHEMBL17497583,2.893,2.893,1,MCF7,,0.0,0.0,0.0,1.0,0.0,,,1.0,-0.0,0.11861221758956832,1.0546450570426453,-0.07709312585630698,0.3602810007363163,SCHEMBL17497583,,,,,
109,BRD-K62242359,2.8817,2.8817,1,A549,,0.0,0.0,0.0,1.0,0.0,,,1.0,-0.0,0.09876801283143666,1.0546450570426453,-0.07709312585630698,0.3503588983572505,BRD-K62242359,,,,,
110,SMR000162699,3.5207,3.5207,1,NCIH508,,2.5177,2.5177,0.0,1.0,0.0,,,0.284276658043608,-0.0,1.2209314500390729,-0.8202998393368173,-0.07709312585630698,0.3489571480472298,SMR000162699,,,,,
111,BRD-K20126873,2.8782,2.8782,1,HT29,,0.0,0.0,0.0,1.0,0.0,,,1.0,-0.0,0.0926215777293607,1.0546450570426453,-0.07709312585630698,0.3472856808062125,BRD-K20126873,,,,,
112,MLS001150507,2.8644,2.8644,1,NPC,,0.0,0.0,0.0,1.0,0.0,,,1.0,-0.0,0.06838706218403101,1.0546450570426453,-0.07709312585630698,0.33516842303354766,MLS001150507,,,,,
113,Zibotentan,2.8643,2.8643,1,NEU,EDNRA,0.0,0.0,0.0,1.0,0.0,,,1.0,-0.0,0.06821144975254353,1.0546450570426453,-0.07709312585630698,0.33508061681780393,Zibotentan,Phase 3,endothelin receptor antagonist,EDNRA,,
114,LACOSAMIDE,2.8575,2.8575,1,MCF7,SCN10A|SCN11A|SCN1A|SCN2A|SCN3A|SCN4A|SCN5A|SCN7A|SCN8A|SCN9A,0.0,0.0,0.0,1.0,0.0,,,1.0,-0.0,0.056269804411366565,1.0546450570426453,-0.07709312585630698,0.3291097941472154,LACOSAMIDE,,,,,
115,BRD-K83726357,2.8558,2.8558,1,HT29,,0.0,0.0,0.0,1.0,0.0,,,1.0,-0.0,0.05328439307607233,1.0546450570426453,-0.07709312585630698,0.32761708847956833,BRD-K83726357,,,,,
116,BRD-K95776192,3.5022,3.5022,1,MCF7,,2.6595,2.6595,0.0,1.0,0.0,,,0.27326137450471377,-0.0,1.1884431502138129,-0.8491560306089483,-0.07709312585630698,0.3240561407529605,BRD-K95776192,,,,,
117,cucurbitacin-i,2.8466,2.6391999999999998,2,"A375,HA1E",,0.0,0.0,0.0,1.0,0.0,,,1.0,-0.0,0.037128049379186394,1.0546450570426453,-0.07709312585630698,0.3195389166311253,cucurbitacin-i,,,,,
118,Pyrazinamide,2.842,2.842,1,HA1E,FASN,0.0,0.0,0.0,1.0,0.0,,,1.0,-0.0,0.02904987753074343,1.0546450570426453,-0.07709312585630698,0.31549983070690385,Pyrazinamide,Launched,fatty acid synthase inhibitor,FASN,infectious disease,tuberculosis
119,Avrainvillamide Analog 3,3.4807,3.31145,2,"A375,HCC515",,2.5137,2.5137,0.0,1.0,0.0,,,0.28460027890827333,-0.0,1.1506864774439156,-0.8194520658285402,-0.07709312585630698,0.31408899380213434,Avrainvillamide Analog 3,,,,,
120,Etoricoxib,2.8343,2.8343,1,PC3,PTGS2,0.0,0.0,0.0,1.0,0.0,,,1.0,-0.0,0.015527720306175215,1.0546450570426453,-0.07709312585630698,0.30873875209461976,Etoricoxib,Launched,cyclooxygenase inhibitor,PTGS2,rheumatology,rheumatoid arthritis|psoriatic arthritis|osteoarthritis|gout|ankylosing spondylitis
121,MLS001065846,2.8342,2.8342,1,A549,,0.0,0.0,0.0,1.0,0.0,,,1.0,-0.0,0.015352107874687732,1.0546450570426453,-0.07709312585630698,0.30865094587887604,MLS001065846,,,,,
122,BRD-K33932270,2.8332,2.8332,1,VCAP,,0.0,0.0,0.0,1.0,0.0,,,1.0,-0.0,0.013595983559808997,1.0546450570426453,-0.07709312585630698,0.30777288372143663,BRD-K33932270,,,,,
123,BRD-K30645599,2.8331,2.8331,1,MCF7,,0.0,0.0,0.0,1.0,0.0,,,1.0,-0.0,0.013420371128320733,1.0546450570426453,-0.07709312585630698,0.3076850775056925,BRD-K30645599,,,,,
124,M3M3FBS,2.8292,2.8292,1,RKO,PLCB2|PLCB3|PLCD1|PLCG1|PLCG2,0.0,0.0,0.0,1.0,0.0,,,1.0,-0.0,0.0065714863002932725,1.0546450570426453,-0.07709312585630698,0.3042606350916788,M3M3FBS,,,,,
125,BMS-794833,3.5232,3.5232,1,PC3,,3.53,3.53,0.0,1.0,0.0,,,0.22075055187637974,-0.0,1.22532176082627,-0.9867160249813002,-0.07709312585630698,0.3012274477474836,BMS-794833,,,,,
126,SA-440832,2.8239,2.8239,1,MCF7,,0.0,0.0,0.0,1.0,0.0,,,1.0,-0.0,-0.0027359725685651972,1.0546450570426453,-0.07709312585630698,0.29960690565724957,SA-440832,,,,,
127,CHEMBL2360603,2.823,2.823,1,A549,,0.0,0.0,0.0,1.0,0.0,,,1.0,-0.0,-0.0043164844519564495,1.0546450570426453,-0.07709312585630698,0.29881664971555394,CHEMBL2360603,,,,,
128,Saxagliptin,2.8204,2.8204,1,HA1E,DPP4,0.0,0.0,0.0,1.0,0.0,,,1.0,-0.0,-0.008882407670641943,1.0546450570426453,-0.07709312585630698,0.29653368810621117,Saxagliptin,Launched,dipeptidyl peptidase inhibitor,DPP4,endocrinology,diabetes mellitus
129,BRD-K65946722,2.8203,2.8203,1,PC3,,0.0,0.0,0.0,1.0,0.0,,,1.0,-0.0,-0.009058020102129426,1.0546450570426453,-0.07709312585630698,0.29644588189046744,BRD-K65946722,,,,,
130,BRD-A81936046,3.472,3.0302499999999997,2,"H1299,RMGI",,2.7051,2.6285999999999996,0.0,1.0,0.0,,,0.26989824836036813,-0.0,1.1354081959044686,-0.85796624515775,-0.07709312585630698,0.2948955992336479,BRD-A81936046,,,,,
131,CHEMBL1290246,2.8146,2.8146,1,PC3,,0.0,0.0,0.0,1.0,0.0,,,1.0,-0.0,-0.01906792869693939,1.0546450570426453,-0.07709312585630698,0.29144092759306245,CHEMBL1290246,,,,,
132,Sotrastaurin,3.4915,3.4915,1,PC3,PRKCA|PRKCB|PRKCD|PRKCE|PRKCG|PRKCH|PRKCI|PRKCQ|PRKCZ|PRKD1|PRKD3,3.1476,3.1476,0.0,1.0,0.0,,,0.24110328864885713,-0.0,1.1696526200446076,-0.9333989711674591,-0.07709312585630698,0.2893879935008047,Sotrastaurin,Phase 2,PKC inhibitor,PRKCA|PRKCB|PRKCD|PRKCE|PRKCH|PRKCQ,,
133,Pioglitazone,2.472,2.472,1,A549,PPARG,3.0572,2.7135499999999997,1.0,0.6949046308730638,1.0,drug_up_reverses_query_down,"2,C,D,F,M",0.24647540175490487,0.1580747941546019,-0.6207161189744606,-0.9193259132406,4.370036740573925,0.28785151465537473,Pioglitazone,Launched,insulin sensitizer|PPAR receptor agonist,PPARG|TRPM3,endocrinology,diabetes mellitus
134,BRD-K39947788,2.8071,2.8071,1,VCAP,,0.0,0.0,0.0,1.0,0.0,,,1.0,-0.0,-0.032238861058531076,1.0546450570426453,-0.07709312585630698,0.28485546141226664,BRD-K39947788,,,,,
135,BRD-K75828577,2.8067,2.8067,1,PC3,,0.0,0.0,0.0,1.0,0.0,,,1.0,-0.0,-0.03294131078448257,1.0546450570426453,-0.07709312585630698,0.28450423654929086,BRD-K75828577,,,,,
136,BRD-K87536251,2.8015,2.8015,1,HT29,,0.0,0.0,0.0,1.0,0.0,,,1.0,-0.0,-0.04207315722185356,1.0546450570426453,-0.07709312585630698,0.27993831333060537,BRD-K87536251,,,,,
137,Zaurategrast,2.7928,2.7928,1,PC3,,0.0,0.0,0.0,1.0,0.0,,,1.0,-0.0,-0.05735143876129973,1.0546450570426453,-0.07709312585630698,0.27229917256088226,Zaurategrast,,,,,
138,Camostat Mesilate,2.7909,2.7909,1,PC3,,0.0,0.0,0.0,1.0,0.0,,,1.0,-0.0,-0.06068807495956972,1.0546450570426453,-0.07709312585630698,0.2706308544617473,Camostat Mesilate,,,,,
139,BRD-K48723823,2.7906,2.7906,1,PC3,,0.0,0.0,0.0,1.0,0.0,,,1.0,-0.0,-0.06121491225403373,1.0546450570426453,-0.07709312585630698,0.2703674358145153,BRD-K48723823,,,,,
140,BRD-K26755359,2.7882,2.7882,1,HT29,,0.0,0.0,0.0,1.0,0.0,,,1.0,-0.0,-0.06542961060974348,1.0546450570426453,-0.07709312585630698,0.2682600866366604,BRD-K26755359,,,,,
141,6-Methoxy-harmalan,2.786,2.786,1,NEU,,0.0,0.0,0.0,1.0,0.0,,,1.0,-0.0,-0.0692930841024767,1.0546450570426453,-0.07709312585630698,0.2663283498902938,6-Methoxy-harmalan,,,,,
142,Bumetanide,2.784,2.784,1,VCAP,SLC12A1|SLC12A2,0.0,0.0,0.0,1.0,0.0,,,1.0,-0.0,-0.07280533273223495,1.0546450570426453,-0.07709312585630698,0.26457222557541465,Bumetanide,Launched,solute carrier family member inhibitor,CFTR|GPR35|SLC12A1|SLC12A2|SLC12A4|SLC12A5,cardiology,edema|congestive heart failure
143,CHEMBL2131973,3.5322,3.5322,1,A549,,5.3704,3.5921,0.0,1.0,0.0,,,0.15697601406505085,-0.0,1.2411268796601802,-1.153783014666814,-0.07709312585630698,0.2590099102587845,CHEMBL2131973,,,,,
144,BRD-K46718584,2.7701,2.7701,1,VCAP,,0.0,0.0,0.0,1.0,0.0,,,1.0,-0.0,-0.0972154607090521,1.0546450570426453,-0.07709312585630698,0.2523671615870061,BRD-K46718584,,,,,
145,Antipyrine,2.7685,2.7685,1,MCF7,,0.0,0.0,0.0,1.0,0.0,,,1.0,-0.0,-0.10002525961285809,1.0546450570426453,-0.07709312585630698,0.2509622621351031,Antipyrine,,,,,
146,Roquinimex,3.4311,3.4311,1,HA1E,,2.8749,2.8749,0.0,1.0,0.0,,,0.2580711760303492,-0.0,1.0635827114259202,-0.8889490392128737,-0.07709312585630698,0.2496880187778366,Roquinimex,Phase 3,angiogenesis inhibitor|tumor necrosis factor production inhibitor,,,
147,CHEMBL2362635,2.7587,2.7587,1,MCF7,,0.0,0.0,0.0,1.0,0.0,,,1.0,-0.0,-0.11723527789867125,1.0546450570426453,-0.07709312585630698,0.24235725299219654,CHEMBL2362635,,,,,
148,Ornidazole,2.7554,2.7554,1,HELA,,0.0,0.0,0.0,1.0,0.0,,,1.0,-0.0,-0.12303048813777225,1.0546450570426453,-0.07709312585630698,0.23945964787264604,Ornidazole,Launched,antiprotozoal agent,,infectious disease,protozoan infection
149,Clofibrate,2.7546,2.7546,1,A375,PPARA,0.0,0.0,0.0,1.0,0.0,,,1.0,-0.0,-0.12443538758967523,1.0546450570426453,-0.07709312585630698,0.23875719814669458,Clofibrate,Launched,PPAR receptor agonist,LPL|PPARA,endocrinology|cardiology,hyperlipidemia|cholesterol
150,Broad-Sai-595,2.7519,2.7519,1,HA1E,,0.0,0.0,0.0,1.0,0.0,,,1.0,-0.0,-0.12917692323984822,1.0546450570426453,-0.07709312585630698,0.23638643032160808,Broad-Sai-595,,,,,
151,BRD-K82041810-001-01-8,3.3822,3.3822,1,VCAP,,2.5411,2.5411,0.0,1.0,0.0,,,0.28239812487645083,-0.0,0.977708232428341,-0.8252209393875901,-0.07709312585630698,0.22586920922663212,BRD-K82041810-001-01-8,,,,,
152,HA 1004,3.4377,3.4377,1,PHH,,3.549,3.549,0.0,1.0,0.0,,,0.21982853374367994,-0.0,1.0751731319041213,-0.9891313900964707,-0.07709312585630698,0.2254285237518581,HA 1004,,,,,
153,CHEMBL2152368,3.381,3.381,1,JURKAT,,2.6017,2.6017,0.0,1.0,0.0,,,0.2776466668517644,-0.0,0.9756008832504858,-0.8376680980192976,-0.07709312585630698,0.22108138704819222,CHEMBL2152368,,,,,
154,BRD-K41342615,2.7338,2.7338,1,VCAP,,0.0,0.0,0.0,1.0,0.0,,,1.0,-0.0,-0.16096277333915684,1.0546450570426453,-0.07709312585630698,0.22049350527195374,BRD-K41342615,,,,,
155,ANISODAMINE HYDROBROMIDE,2.733,2.733,1,A375,,0.0,0.0,0.0,1.0,0.0,,,1.0,-0.0,-0.16236767279105985,1.0546450570426453,-0.07709312585630698,0.21979105554600226,ANISODAMINE HYDROBROMIDE,,,,,
156,BRD-K77888550,2.7303,2.7303,1,VCAP,,0.0,0.0,0.0,1.0,0.0,,,1.0,-0.0,-0.1671092084412328,1.0546450570426453,-0.07709312585630698,0.2174202877209158,BRD-K77888550,,,,,
157,BRD-K22610673,2.7275,2.7275,1,VCAP,,0.0,0.0,0.0,1.0,0.0,,,1.0,-0.0,-0.17202635652289405,1.0546450570426453,-0.07709312585630698,0.21496171368008515,BRD-K22610673,,,,,
158,Etilefrine,2.7271,2.7271,1,VCAP,ADRA1A|ADRB1,0.0,0.0,0.0,1.0,0.0,,,1.0,-0.0,-0.17272880624884554,1.0546450570426453,-0.07709312585630698,0.2146104888171094,Etilefrine,Launched,adrenergic receptor agonist,ADRA1A|ADRB1,neurology/psychiatry|otolaryngology|endocrinology|pulmonary,headache|nasal congestion|fever|cough suppressant|common cold
159,MAYBRIDGE4_002839,2.7246,2.7246,1,NPC,,0.0,0.0,0.0,1.0,0.0,,,1.0,-0.0,-0.17711911703604277,1.0546450570426453,-0.07709312585630698,0.2124153334235108,MAYBRIDGE4_002839,,,,,
160,BRD-K29528387,2.7181,2.7181,1,A375,,0.0,0.0,0.0,1.0,0.0,,,1.0,-0.0,-0.18853392508275574,1.0546450570426453,-0.07709312585630698,0.2067079294001543,BRD-K29528387,,,,,
161,Leflunomide,2.7143,2.7143,1,PC3,DHODH,0.0,0.0,0.0,1.0,0.0,,,1.0,-0.0,-0.1952071974792957,1.0546450570426453,-0.07709312585630698,0.20337129320188432,Leflunomide,Launched,dihydroorotate dehydrogenase inhibitor|PDGFR tyrosine kinase receptor inhibitor,AHR|DHODH|PTK2B,rheumatology,rheumatoid arthritis
162,BRD-K23001296,2.7142,2.7142,1,VCAP,,0.0,0.0,0.0,1.0,0.0,,,1.0,-0.0,-0.19538280991078397,1.0546450570426453,-0.07709312585630698,0.2032834869861402,BRD-K23001296,,,,,
163,Tyrphostin AG 1288,2.7138,2.7138,1,HCC515,TNF,0.0,0.0,0.0,1.0,0.0,,,1.0,-0.0,-0.19608525963673545,1.0546450570426453,-0.07709312585630698,0.20293226212316445,Tyrphostin AG 1288,,,,,
164,CHEMBL2142321,3.4521,3.4521,1,NEU,,4.9269,3.15925,0.0,1.0,0.0,,,0.16872226627748063,-0.0,1.1004613220383783,-1.1230119410602428,-0.07709312585630698,0.19790845352985495,CHEMBL2142321,,,,,
165,Fentiazac,2.7058,2.7058,1,HA1E,PTGS1|PTGS2,0.0,0.0,0.0,1.0,0.0,,,1.0,-0.0,-0.21013425415576692,1.0546450570426453,-0.07709312585630698,0.19590776486364872,Fentiazac,Launched,cyclooxygenase inhibitor,PTGS1|PTGS2,neurology/psychiatry|rheumatology,muscle pain|joint pain
166,BRD-K26381032,2.6994,2.6994,1,MCF7,,0.0,0.0,0.0,1.0,0.0,,,1.0,-0.0,-0.22137344977099238,1.0546450570426453,-0.07709312585630698,0.190288167056036,BRD-K26381032,,,,,
167,L-745870,2.6947,2.6947,1,VCAP,DRD4,0.0,0.0,0.0,1.0,0.0,,,1.0,-0.0,-0.22962723405092283,1.0546450570426453,-0.07709312585630698,0.18616127491607076,L-745870,Preclinical,dopamine receptor antagonist,DRD1|DRD2|DRD3|DRD4|HTR1A|HTR2A|HTR6|HTR7,,
168,MLS003129251,2.6936,2.6936,1,VCAP,,0.0,0.0,0.0,1.0,0.0,,,1.0,-0.0,-0.23155897079728982,1.0546450570426453,-0.07709312585630698,0.18519540654288727,MLS003129251,,,,,
169,BRD-K21305994,2.6897,2.6897,1,VCAP,,0.0,0.0,0.0,1.0,0.0,,,1.0,-0.0,-0.2384078556253173,1.0546450570426453,-0.07709312585630698,0.18177096412887353,BRD-K21305994,,,,,
170,MK 0893,2.6875,2.6875,1,HELA,GCGR,0.0,0.0,0.0,1.0,0.0,,,1.0,-0.0,-0.2422713291180513,1.0546450570426453,-0.07709312585630698,0.17983922738250654,MK 0893,,,,,
171,BRD-K84797952,2.6868,2.6868,1,A375,,0.0,0.0,0.0,1.0,0.0,,,1.0,-0.0,-0.2435006161384668,1.0546450570426453,-0.07709312585630698,0.17922458387229878,BRD-K84797952,,,,,
172,Pravastatin,2.6843,2.6843,1,ASC,HMGCR,0.0,0.0,0.0,1.0,0.0,,,1.0,-0.0,-0.24789092692566403,1.0546450570426453,-0.07709312585630698,0.17702942847870015,Pravastatin,Launched,HMGCR inhibitor,HMGCR|SLCO1B1,endocrinology|cardiology,hypercholesterolemia|myocardial infarction|hyperlipidemia
173,sulmazole,3.3908,3.3908,1,A375,,3.7886,3.7886,0.0,1.0,0.0,,,0.2088293029277868,-0.0,0.9928109015362997,-1.0179455288473278,-0.07709312585630698,0.17560316694269015,sulmazole,Phase 1,adenosine receptor antagonist,,,
174,AGI-5198,2.6813,2.6813,1,HT29,,0.0,0.0,0.0,1.0,0.0,,,1.0,-0.0,-0.253159299870301,1.0546450570426453,-0.07709312585630698,0.17439524200638168,AGI-5198,Preclinical,isocitrate dehydrogenase inhibitor,IDH1,,
175,BRD-K36725752,2.6808,2.6808,1,A549,,0.0,0.0,0.0,1.0,0.0,,,1.0,-0.0,-0.25403736202773997,1.0546450570426453,-0.07709312585630698,0.1739562109276622,BRD-K36725752,,,,,
176,STK249718,2.679,2.679,1,HEPG2,,0.0,0.0,0.0,1.0,0.0,,,1.0,-0.0,-0.2571983857945225,1.0546450570426453,-0.07709312585630698,0.17237569904427094,STK249718,,,,,
177,CID755673,2.6779,2.6779,1,PHH,,0.0,0.0,0.0,1.0,0.0,,,1.0,-0.0,-0.2591301225408887,1.0546450570426453,-0.07709312585630698,0.17140983067108784,CID755673,,,,,
178,levopropoxyphene,2.6749,2.6737,2,"A375,PC3",,0.0,0.0,0.0,1.0,0.0,,,1.0,-0.0,-0.2643984954855257,1.0546450570426453,-0.07709312585630698,0.16877564419876934,levopropoxyphene,Launched,antitussive,,pulmonary,cough suppressant
179,BRD-K46911271,2.6698,2.6698,1,HT29,,0.0,0.0,0.0,1.0,0.0,,,1.0,-0.0,-0.27335472949140843,1.0546450570426453,-0.07709312585630698,0.16429752719582796,BRD-K46911271,,,,,
180,Estradiol,2.5462,2.5462,1,A549,ESR1|ESR2|NR1I2,3.021,3.021,1.0,0.753386442680322,1.0,drug_up_reverses_query_down,"4,F,L,M,O",0.2486943546381497,0.12298219926694531,-0.49041169481044433,-0.9135130325647035,3.3827741750898808,0.15729507784334307,Estradiol,Launched,estrogen receptor agonist,ESR1|ESR2|GPER1|KCNMA1|NR1I2,endocrinology,contraceptive
181,BRD-K65959597,2.6543,2.6543,1,VCAP,,0.0,0.0,0.0,1.0,0.0,,,1.0,-0.0,-0.30057465637203157,1.0546450570426453,-0.07709312585630698,0.1506875637555164,BRD-K65959597,,,,,
182,BRD-K49255961,2.6476,2.6476,1,VCAP,,0.0,0.0,0.0,1.0,0.0,,,1.0,-0.0,-0.31234068928172026,1.0546450570426453,-0.07709312585630698,0.14480454730067205,BRD-K49255961,,,,,
183,"5-(Z)-7-(4-o-hydroxyphenyl-2-trifluoromethyl-1,3 dioxan-cis-5-yl)heptenoic acid",2.6412,2.6412,1,HT29,,0.0,0.0,0.0,1.0,0.0,,,1.0,-0.0,-0.3235798848969457,1.0546450570426453,-0.07709312585630698,0.13918494949305932,"5-(Z)-7-(4-o-hydroxyphenyl-2-trifluoromethyl-1,3 dioxan-cis-5-yl)heptenoic acid",,,,,
184,Folic acid,2.6407,2.6407,1,A375,FOLR2,0.0,0.0,0.0,1.0,0.0,,,1.0,-0.0,-0.32445794705438546,1.0546450570426453,-0.07709312585630698,0.13874591841433945,Folic acid,,,,,
185,MLS003672589,2.6378,2.6378,1,SW620,,0.0,0.0,0.0,1.0,0.0,,,1.0,-0.0,-0.3295507075675342,1.0546450570426453,-0.07709312585630698,0.1361995381577651,MLS003672589,,,,,
186,Methocarbamol,2.6376,2.52585,2,"HA1E,SKB",CA1,0.0,0.0,0.0,1.0,0.0,,,1.0,-0.0,-0.32990193243050997,1.0546450570426453,-0.07709312585630698,0.1360239257262772,Methocarbamol,Launched,muscle relaxant,CA1,neurology/psychiatry,muscle relaxant
187,TP14,2.6363,2.6363,1,MCF7,,0.0,0.0,0.0,1.0,0.0,,,1.0,-0.0,-0.3321848940398527,1.0546450570426453,-0.07709312585630698,0.13488244492160584,TP14,,,,,
188,GSK-1070916,3.3266,3.32315,2,"ASC,CD34",AURKB|AURKC,3.3744,2.7293,0.0,1.0,0.0,,,0.2286027798098025,-0.0,0.8800677205210724,-0.9661459334027076,-0.07709312585630698,0.13477145506846253,GSK-1070916,,,,,
189,Metformin,2.4935,2.4935,1,HEK293T,GPD2|MT-ND1|ND2|ND3|ND4|ND4L|ND5|ND6|NDUFA1|NDUFA10|NDUFA11|NDUFA12|NDUFA13|NDUFA2|NDUFA3|NDUFA4|NDUFA4L2|NDUFA5|NDUFA6|NDUFA7|NDUFA8|NDUFA9|NDUFAB1|NDUFAF1|NDUFAF2|NDUFAF3|NDUFAF4|NDUFB1|NDUFB10|NDUFB11|NDUFB2|NDUFB3|NDUFB4|NDUFB5|NDUFB6|NDUFB7|NDUFB8|NDUFB9|NDUFC1|NDUFC2|NDUFS1|NDUFS2|NDUFS3|NDUFS4|NDUFS5|NDUFS6|NDUFS7|NDUFS8|NDUFV1|NDUFV2|NDUFV3,2.9422,2.5955500000000002,1.0,0.7480741949003822,1.0,drug_up_reverses_query_down,"2,C,D,F,M",0.253665465983461,0.12605532614912354,-0.5829594462045635,-0.9004904590368537,3.4692306807848876,0.13221927534363964,Metformin,Launched,insulin sensitizer,ACACB|PRKAB1,endocrinology,diabetes mellitus
190,AC1LIQPX,2.6296,2.6296,1,ASC,,0.0,0.0,0.0,1.0,0.0,,,1.0,-0.0,-0.3439509269495414,1.0546450570426453,-0.07709312585630698,0.1289994284667615,AC1LIQPX,,,,,
191,BRD-K11366122,2.6294,2.6294,1,A375,,0.0,0.0,0.0,1.0,0.0,,,1.0,-0.0,-0.34430215181251717,1.0546450570426453,-0.07709312585630698,0.1288238160352736,BRD-K11366122,,,,,
192,Blebbistatin,2.6237,2.6237,1,MCF7,MYH2,0.0,0.0,0.0,1.0,0.0,,,1.0,-0.0,-0.3543120604073271,1.0546450570426453,-0.07709312585630698,0.12381886173786862,Blebbistatin,,,,,
193,MLS003221411,2.6232,2.6232,1,VCAP,,0.0,0.0,0.0,1.0,0.0,,,1.0,-0.0,-0.35519012256476606,1.0546450570426453,-0.07709312585630698,0.12337983065914913,MLS003221411,,,,,
194,Relcovaptan,2.6208,2.6208,1,YAPC,AVPR1A|OXTR,0.0,0.0,0.0,1.0,0.0,,,1.0,-0.0,-0.3594048209204758,1.0546450570426453,-0.07709312585630698,0.12127248148129426,Relcovaptan,Phase 2,vasopressin receptor antagonist,AVPR1A|AVPR1B|AVPR2|OXTR,,
195,CHEMBL254777,2.6201,2.6201,1,HT29,GRM1,0.0,0.0,0.0,1.0,0.0,,,1.0,-0.0,-0.36063410794089135,1.0546450570426453,-0.07709312585630698,0.12065783797108649,CHEMBL254777,,,,,
196,Diotyrosine,2.6134,2.6134,1,HCC515,,0.0,0.0,0.0,1.0,0.0,,,1.0,-0.0,-0.37240014085058004,1.0546450570426453,-0.07709312585630698,0.11477482151624215,Diotyrosine,,,,,
197,Biotin,2.6133,2.6133,1,ASC,,0.0,0.0,0.0,1.0,0.0,,,1.0,-0.0,-0.37257575328206755,1.0546450570426453,-0.07709312585630698,0.1146870153004984,Biotin,Launched,vitamin B,ACACA|ACACB|HLCS|MCCC1|MCCC2|PC|PCCA|PCCB|SLC5A6,,
198,GSK962040,2.6115,2.6115,1,PC3,MLNR,0.0,0.0,0.0,1.0,0.0,,,1.0,-0.0,-0.37573677704885,1.0546450570426453,-0.07709312585630698,0.11310650341710717,GSK962040,,,,,
199,Naringenin,2.6104,2.6104,1,A375,CYP19A1|ESR2,0.0,0.0,0.0,1.0,0.0,,,1.0,-0.0,-0.37766851379521704,1.0546450570426453,-0.07709312585630698,0.11214063504392364,Naringenin,Phase 1,aromatase inhibitor|TRPV antagonist,CYP19A1|CYP1B1|ESR2|GLO1|HSD17B1,,
200,BAS 00631343,3.2909,3.2909,1,HEPG2,,3.1722,2.9532,0.0,1.0,0.0,,,0.23968170269881597,-0.0,0.817374082479895,-0.9371230292853747,-0.07709312585630698,0.11213150728307365,BAS 00631343,,,,,
201,AC1Q3NSV,2.6061,2.6061,1,ASC,GRIN2B,0.0,0.0,0.0,1.0,0.0,,,1.0,-0.0,-0.385219848349196,1.0546450570426453,-0.07709312585630698,0.10836496776693418,AC1Q3NSV,,,,,
202,Nitrendipine,3.2521,3.2521,1,HA1E,CACNA1C|CACNA1D|CACNA2D1,2.6741,2.6741,0.0,1.0,0.0,,,0.27217549876160146,-0.0,0.7492364590625922,-0.8520006453690111,-0.07709312585630698,0.10359941074933139,Nitrendipine,Launched,calcium channel blocker,CACNA1D|CACNA2D1|KCNN4,cardiology,hypertension
203,Syringic acid,2.5984,2.5984,1,HEPG2,,0.0,0.0,0.0,1.0,0.0,,,1.0,-0.0,-0.3987420055737642,1.0546450570426453,-0.07709312585630698,0.10160388915465006,Syringic acid,,,,,
204,BRD-K62472719,2.5973,2.5973,1,VCAP,,0.0,0.0,0.0,1.0,0.0,,,1.0,-0.0,-0.4006737423201304,1.0546450570426453,-0.07709312585630698,0.10063802078146696,BRD-K62472719,,,,,
205,Pantoprazole,2.5951,2.5951,1,MCF7,ATP4A|ATP4B,0.0,0.0,0.0,1.0,0.0,,,1.0,-0.0,-0.4045372158128644,1.0546450570426453,-0.07709312585630698,0.09870628403509997,Pantoprazole,Launched,ATPase inhibitor,ATP4A,gastroenterology,gastroesophageal reflux disease (GERD)|erosive esophagitis (EE)|Zollinger-Ellison syndrome
206,CI-1040,3.2979,2.892,2,"BT20,SKBR3",MAP2K1|MAP2K2,3.6906,2.8696,0.0,1.0,0.0,,,0.21319234213107066,-0.0,0.8296669526840469,-1.0065158917133206,-0.07709312585630698,0.09746008365676591,CI-1040,,,,,
207,BRD-A88765664,2.5932,2.5932,1,VCAP,,0.0,0.0,0.0,1.0,0.0,,,1.0,-0.0,-0.4078738520111344,1.0546450570426453,-0.07709312585630698,0.09703796593596496,BRD-A88765664,,,,,
208,Betulin,2.5916,2.5916,1,MCF7,,0.0,0.0,0.0,1.0,0.0,,,1.0,-0.0,-0.41068365091494036,1.0546450570426453,-0.07709312585630698,0.09563306648406199,Betulin,,,,,
209,BRD-K66186977,2.5877,2.5877,1,VCAP,,0.0,0.0,0.0,1.0,0.0,,,1.0,-0.0,-0.4175325357429686,1.0546450570426453,-0.07709312585630698,0.09220862407004786,BRD-K66186977,,,,,
210,"(13S)-3-Hydroxy-13-methyl-7,8,9,11,12,14,15,16-octahydro-6H-cyclopenta[a]phenanthren-17-one",2.5796,2.5796,1,PC3,ESR1,0.0,0.0,0.0,1.0,0.0,,,1.0,-0.0,-0.43175714269348753,1.0546450570426453,-0.07709312585630698,0.0850963205947884,"(13S)-3-Hydroxy-13-methyl-7,8,9,11,12,14,15,16-octahydro-6H-cyclopenta[a]phenanthren-17-one",,,,,
211,Celecoxib,3.2431,3.2431,1,A375,PTGS2,2.9109,2.9109,0.0,1.0,0.0,,,0.25569561993403056,-0.0,0.733431340228682,-0.8951721655492048,-0.07709312585630698,0.08274539527831816,Celecoxib,Launched,cyclooxygenase inhibitor,CA12|PDPK1|PTGS2,rheumatology|endocrinology,osteoarthritis|rheumatoid arthritis|ankylosing spondylitis|primary dysmenorrhea (PD)
212,BRD-K41539628,2.5744,2.5744,1,VCAP,,0.0,0.0,0.0,1.0,0.0,,,1.0,-0.0,-0.44088898913085856,1.0546450570426453,-0.07709312585630698,0.08053039737610289,BRD-K41539628,,,,,
213,MLS003129346,2.5724,2.5724,1,MCF7,,0.0,0.0,0.0,1.0,0.0,,,1.0,-0.0,-0.444401237760616,1.0546450570426453,-0.07709312585630698,0.07877427306122416,MLS003129346,,,,,
214,TAK-700 (Orteronel),2.5724,2.5724,1,HA1E,,0.0,0.0,0.0,1.0,0.0,,,1.0,-0.0,-0.444401237760616,1.0546450570426453,-0.07709312585630698,0.07877427306122416,TAK-700 (Orteronel),,,,,
215,DY131,2.5663,2.5663,1,PHH,ESR2|ESRRG,0.0,0.0,0.0,1.0,0.0,,,1.0,-0.0,-0.45511359608137747,1.0546450570426453,-0.07709312585630698,0.07341809390084343,DY131,Preclinical,estrogen-related receptor agonist,ESRRB|ESRRG,,
216,SMR000651464,2.5649,2.5649,1,A549,,0.0,0.0,0.0,1.0,0.0,,,1.0,-0.0,-0.4575721701222077,1.0546450570426453,-0.07709312585630698,0.07218880688042832,SMR000651464,,,,,
217,Methazolamide,2.5616,2.5616,1,PC3,CA1|CA2|CA4|CA7,0.0,0.0,0.0,1.0,0.0,,,1.0,-0.0,-0.4633673803613087,1.0546450570426453,-0.07709312585630698,0.06929120176087782,Methazolamide,Launched,carbonic anhydrase inhibitor,CA1|CA12|CA14|CA2|CA4|CA7,ophthalmology,glaucoma|intraocular pressure
218,SKF-81297,2.5604,2.5604,1,HA1E,,0.0,0.0,0.0,1.0,0.0,,,1.0,-0.0,-0.4654747295391632,1.0546450570426453,-0.07709312585630698,0.06823752717195057,SKF-81297,Preclinical,dopamine receptor agonist,DRD1|DRD5,,
219,Lisofylline,3.209,3.209,1,HA1E,,2.8405,2.8405,0.0,1.0,0.0,,,0.2603827626611118,-0.0,0.6735475010913105,-0.8828934905087608,-0.07709312585630698,0.05648707822176559,Lisofylline,Phase 2,interleukin receptor antagonist|STAT inhibitor,,,
220,BRD-K94498396,3.1883,3.1883,1,MCF7,,2.5432,2.5432,0.0,1.0,0.0,,,0.28223075186272295,-0.0,0.6371957277733163,-0.825659398159974,-0.07709312585630698,0.05548141926740459,BRD-K94498396,,,,,
221,EFLORNITHINE HYDROCHLORIDE,2.5453,2.5453,1,YAPC,ODC1,0.0,0.0,0.0,1.0,0.0,,,1.0,-0.0,-0.4919922066938348,1.0546450570426453,-0.07709312585630698,0.05497878859461476,EFLORNITHINE HYDROCHLORIDE,,,,,
222,SA-1919875,2.5432,2.5432,1,MCF7,,0.0,0.0,0.0,1.0,0.0,,,1.0,-0.0,-0.49568006775508056,1.0546450570426453,-0.07709312585630698,0.05313485806399189,SA-1919875,,,,,
223,Rebamipide,2.5402,2.5402,1,PC3,,0.0,0.0,0.0,1.0,0.0,,,1.0,-0.0,-0.5009484406997176,1.0546450570426453,-0.07709312585630698,0.05050067159167339,Rebamipide,Launched,free radical scavenger,FPR1,gastroenterology,peptic ulcer disease (PUD)|gastritis
224,BRD-K78655498,2.5372,2.5372,1,A549,,0.0,0.0,0.0,1.0,0.0,,,1.0,-0.0,-0.5062168136443546,1.0546450570426453,-0.07709312585630698,0.04786648511935489,BRD-K78655498,,,,,
225,ASN 05257430,3.1771,3.1771,1,SW480,,2.6553,2.6553,0.0,1.0,0.0,,,0.2735753563319016,-0.0,0.6175271354466721,-0.8483335080084801,-0.07709312585630698,0.038844890149530645,ASN 05257430,,,,,
226,Lithocholic-acid,2.5259,2.5259,1,MCF7,NR1I2|VDR,0.0,0.0,0.0,1.0,0.0,,,1.0,-0.0,-0.5260610184024862,1.0546450570426453,-0.07709312585630698,0.037944382740289065,Lithocholic-acid,Preclinical,FXR antagonist|vitamin D receptor agonist,GPBAR1|NR1H4|NR1I2|VDR,,
227,STK366994,2.5251,2.5251,1,NPC,,0.0,0.0,0.0,1.0,0.0,,,1.0,-0.0,-0.5274659178543892,1.0546450570426453,-0.07709312585630698,0.03724193301433755,STK366994,,,,,
228,Isamoltan,2.5233,2.5233,1,VCAP,HTR1A|HTR1B,0.0,0.0,0.0,1.0,0.0,,,1.0,-0.0,-0.5306269416211717,1.0546450570426453,-0.07709312585630698,0.035661421130946294,Isamoltan,,,,,
229,KUC104226,3.1731,3.1731,1,PC3,,2.6748,2.6748,0.0,1.0,0.0,,,0.27212365298791774,-0.0,0.6105026381871564,-0.8521364631676894,-0.07709312585630698,0.034191754972010005,KUC104226,,,,,
230,BG-51,2.5149,2.5149,1,HA1E,HDAC3,0.0,0.0,0.0,1.0,0.0,,,1.0,-0.0,-0.5453783858661546,1.0546450570426453,-0.07709312585630698,0.02828569900845486,BG-51,,,,,
231,Valsartan,3.1637,2.8927,2,HELA,AGTR1,2.6433,2.6366,0.0,1.0,0.0,,,0.2744764361979524,-0.0,0.5939950696272948,-0.8459729938306636,-0.07709312585630698,0.027787011493186922,Valsartan,Launched,angiotensin receptor antagonist,AGTR1,cardiology,hypertension|congestive heart failure|congestive heart failure
232,Broad-Sai-443,3.1646,3.1646,1,HA1E,,2.678,2.678,0.0,1.0,0.0,,,0.27188689505165853,-0.0,0.595575581510686,-0.8527566861760003,-0.07709312585630698,0.026542159731281503,Broad-Sai-443,,,,,
233,Dilazep,3.1782,3.1782,1,PC3,SLC29A1,2.897,2.8689,0.0,1.0,0.0,,,0.25660764690787785,-0.0,0.6194588721930392,-0.892782973776723,-0.07709312585630698,0.02647591879224133,Dilazep,Launched,adenosine reuptake inhibitor,SLC29A1,cardiology,coronary heart disease
234,Molindone,2.5088,2.5088,1,MCF7,DRD2|HTR2A,0.0,0.0,0.0,1.0,0.0,,,1.0,-0.0,-0.5560907441869161,1.0546450570426453,-0.07709312585630698,0.022929519848074134,Molindone,Launched,dopamine receptor antagonist,DRD2|HRH1|HTR2A,neurology/psychiatry,schizophrenia
235,BRD-K43568193,3.1536,3.1536,1,NEU,,2.5897,2.5897,0.0,1.0,0.0,,,0.2785748112655654,-0.0,0.5762582140470176,-0.835236684189755,-0.07709312585630698,0.02213947659532091,BRD-K43568193,,,,,
236,Cyproheptadine,3.1524,3.1524,1,MCF7,HRH1,2.599,2.5269500000000003,0.0,1.0,0.0,,,0.2778549597110308,-0.0,0.5741508648691631,-0.8371224435596201,-0.07709312585630698,0.020520074195434126,Cyproheptadine,Launched,histamine receptor antagonist,ADRA1A|ADRA1B|ADRA1D|CHRM1|CHRM2|CHRM3|HRH1|HTR2A|HTR2C|HTR6|HTR7,allergy|otolaryngology|ophthalmology|dermatology,allergic rhinitis|vasomotor rhinitis|conjunctivitis|urticaria|dermatographism
237,ZINC100309116,2.5046,2.5046,1,NEU,CNR2,0.0,0.0,0.0,1.0,0.0,,,1.0,-0.0,-0.5634664663094076,1.0546450570426453,-0.07709312585630698,0.01924165878682839,ZINC100309116,,,,,
238,SCHEMBL16065773,2.501,2.501,1,MCF7,,0.0,0.0,0.0,1.0,0.0,,,1.0,-0.0,-0.5697885138429718,1.0546450570426453,-0.07709312585630698,0.016080635020046266,SCHEMBL16065773,,,,,
239,BRD-K10010115,2.5001,2.5001,1,MCF7,,0.0,0.0,0.0,1.0,0.0,,,1.0,-0.0,-0.5713690257263623,1.0546450570426453,-0.07709312585630698,0.015290379078351029,BRD-K10010115,,,,,
240,Cholic acid,2.4997,2.4997,1,A375,CES1|FECH|PLA2G1B,0.0,0.0,0.0,1.0,0.0,,,1.0,-0.0,-0.5720714754523145,1.0546450570426453,-0.07709312585630698,0.01493915421537491,Cholic acid,,,,,
241,BRD-K38841486,2.4826,2.4826,1,PC3,,0.0,0.0,0.0,1.0,0.0,,,1.0,-0.0,-0.6021012012367436,1.0546450570426453,-0.07709312585630698,-7.570867683963194e-05,BRD-K38841486,,,,,
242,BRD-K53642448,2.4826,2.4826,1,VCAP,,0.0,0.0,0.0,1.0,0.0,,,1.0,-0.0,-0.6021012012367436,1.0546450570426453,-0.07709312585630698,-7.570867683963194e-05,BRD-K53642448,,,,,
243,ZINC00125569,3.113,3.113,1,VCAP,,2.421,2.421,0.0,1.0,0.0,,,0.2923121894182988,-0.0,0.5049595668629331,-0.7992495568359128,-0.07709312585630698,-0.0027137087905686873,ZINC00125569,,,,,
244,Clenbuterol,2.4771,2.4771,1,MCF7,ADRB2,0.0,0.0,0.0,1.0,0.0,,,1.0,-0.0,-0.6117598849685779,1.0546450570426453,-0.07709312585630698,-0.00490505054275679,Clenbuterol,Launched,adrenergic receptor agonist,ABCC8|ADRB2|KCNJ11,pulmonary,chronic obstructive pulmonary disease (COPD)|asthma
245,CHEMBL2361244,2.4771,2.4771,1,PC3,,0.0,0.0,0.0,1.0,0.0,,,1.0,-0.0,-0.6117598849685779,1.0546450570426453,-0.07709312585630698,-0.00490505054275679,CHEMBL2361244,,,,,
246,SA-1459975,2.4752,2.4752,1,NKDBA,,0.0,0.0,0.0,1.0,0.0,,,1.0,-0.0,-0.6150965211668479,1.0546450570426453,-0.07709312585630698,-0.00657336864189177,SA-1459975,,,,,
247,SA-1459187,2.4747,2.4747,1,MCF7,,0.0,0.0,0.0,1.0,0.0,,,1.0,-0.0,-0.6159745833242876,1.0546450570426453,-0.07709312585630698,-0.007012399720611613,SA-1459187,,,,,
248,Gliquidone,2.4733,2.4733,1,A375,ABCC8,0.0,0.0,0.0,1.0,0.0,,,1.0,-0.0,-0.6184331573651178,1.0546450570426453,-0.07709312585630698,-0.00824168674102675,Gliquidone,Launched,sulfonylurea,ABCC8|KCNJ10|KCNJ8,endocrinology,diabetes mellitus
249,Cariprazine,2.4715,2.4715,1,HA1E,DRD2|DRD3,0.0,0.0,0.0,1.0,0.0,,,1.0,-0.0,-0.6215941811319003,1.0546450570426453,-0.07709312585630698,-0.009822198624418006,Cariprazine,Launched,dopamine receptor antagonist,DRD2|DRD3,neurology/psychiatry,schizophrenia
250,BRD-K62753164,2.4713,2.4713,1,VCAP,,0.0,0.0,0.0,1.0,0.0,,,1.0,-0.0,-0.6219454059948761,1.0546450570426453,-0.07709312585630698,-0.009997811055905899,BRD-K62753164,,,,,
251,Y-26763,2.4712,2.4712,1,MCF7,KCNJ8,0.0,0.0,0.0,1.0,0.0,,,1.0,-0.0,-0.6221210184263636,1.0546450570426453,-0.07709312585630698,-0.010085617271649623,Y-26763,Phase 1,potassium channel activator,KCNJ8,,
252,MLS002607737,2.4671,2.4671,1,HT29,,0.0,0.0,0.0,1.0,0.0,,,1.0,-0.0,-0.6293211281173675,1.0546450570426453,-0.07709312585630698,-0.013685672117151588,MLS002607737,,,,,
253,Ulipristal,3.1319,3.1319,1,PC3,,2.913,2.7204,0.0,1.0,0.0,,,0.2555583950932788,-0.0,0.5381503164141447,-0.8955316466499897,-0.07709312585630698,-0.015002960959185947,Ulipristal,Launched,progesterone receptor antagonist,PGR,endocrinology,contraceptive
254,E-Doxepin,2.4647,2.4647,1,SKB,HRH1|HRH2|SLC6A2|SLC6A4,0.0,0.0,0.0,1.0,0.0,,,1.0,-0.0,-0.6335358264730765,1.0546450570426453,-0.07709312585630698,-0.01579302129500608,E-Doxepin,,,,,
255,Arundine,2.4639,2.4639,1,PHH,AR|HIF1A|IFNG|PI3,0.0,0.0,0.0,1.0,0.0,,,1.0,-0.0,-0.6349407259249795,1.0546450570426453,-0.07709312585630698,-0.016495471020957594,Arundine,,,,,
256,BRD-K98624380,2.4617,2.4617,1,A549,,0.0,0.0,0.0,1.0,0.0,,,1.0,-0.0,-0.6388041994177135,1.0546450570426453,-0.07709312585630698,-0.01842720776732458,BRD-K98624380,,,,,
257,BRD-K38891183,2.4605,2.4605,1,MCF7,,0.0,0.0,0.0,1.0,0.0,,,1.0,-0.0,-0.640911548595568,1.0546450570426453,-0.07709312585630698,-0.019480882356251825,BRD-K38891183,,,,,
258,BRD-K21193980,2.4541,2.4541,1,VCAP,,0.0,0.0,0.0,1.0,0.0,,,1.0,-0.0,-0.6521507442107934,1.0546450570426453,-0.07709312585630698,-0.025100480163864555,BRD-K21193980,,,,,
259,BRD-K74634175,2.4541,2.4541,1,PC3,,0.0,0.0,0.0,1.0,0.0,,,1.0,-0.0,-0.6521507442107934,1.0546450570426453,-0.07709312585630698,-0.025100480163864555,BRD-K74634175,,,,,
260,Piperidolate,2.4531,2.4531,1,SKB,CHRM1,0.0,0.0,0.0,1.0,0.0,,,1.0,-0.0,-0.6539068685256723,1.0546450570426453,-0.07709312585630698,-0.025978542321303963,Piperidolate,Launched,acetylcholine receptor antagonist,CHRM1,neurology/psychiatry,spasms
261,TH-302,2.45,2.45,1,HA1E,,0.0,0.0,0.0,1.0,0.0,,,1.0,-0.0,-0.6593508539017967,1.0546450570426453,-0.07709312585630698,-0.028700535009366188,TH-302,Phase 3,DNA alkylating agent,,,
262,Hypericin,2.4483,2.4483,1,HA1E,,0.0,0.0,0.0,1.0,0.0,,,1.0,-0.0,-0.6623362652370909,1.0546450570426453,-0.07709312585630698,-0.030193240677013275,Hypericin,Phase 3,tyrosine kinase inhibitor,,,
263,BRD-M32778103,2.4464,2.4464,1,HT29,,0.0,0.0,0.0,1.0,0.0,,,1.0,-0.0,-0.665672901435361,1.0546450570426453,-0.07709312585630698,-0.03186155877614831,BRD-M32778103,,,,,
264,MLS003129286,2.4446,2.4446,1,VCAP,,0.0,0.0,0.0,1.0,0.0,,,1.0,-0.0,-0.6688339252021435,1.0546450570426453,-0.07709312585630698,-0.033442070659539566,MLS003129286,,,,,
265,BRD-K65378566,2.4436,2.4436,1,VCAP,,0.0,0.0,0.0,1.0,0.0,,,1.0,-0.0,-0.6705900495170222,1.0546450570426453,-0.07709312585630698,-0.03432013281697892,BRD-K65378566,,,,,
266,CHEMBL2152359,2.44,2.44,1,HT29,,0.0,0.0,0.0,1.0,0.0,,,1.0,-0.0,-0.6769120970505864,1.0546450570426453,-0.07709312585630698,-0.03748115658376104,CHEMBL2152359,,,,,
267,ALDA 1,2.4369,2.4369,1,RMUGS,ALDH2,0.0,0.0,0.0,1.0,0.0,,,1.0,-0.0,-0.6823560824267109,1.0546450570426453,-0.07709312585630698,-0.040203149271823266,ALDA 1,,,,,
268,Phenprobamate,2.4366,2.4366,1,VCAP,,0.0,0.0,0.0,1.0,0.0,,,1.0,-0.0,-0.6828829197211749,1.0546450570426453,-0.07709312585630698,-0.04046656791905527,Phenprobamate,Launched,muscle relaxant,,neurology/psychiatry,anxiety|muscle relaxant
269,BRD-K51797651,2.4345,2.4345,1,A549,,0.0,0.0,0.0,1.0,0.0,,,1.0,-0.0,-0.6865707807824206,1.0546450570426453,-0.07709312585630698,-0.042310498449678144,BRD-K51797651,,,,,
270,BRD-K67887361,2.4325,2.4325,1,MCF7,,0.0,0.0,0.0,1.0,0.0,,,1.0,-0.0,-0.690083029412178,1.0546450570426453,-0.07709312585630698,-0.04406662276455685,BRD-K67887361,,,,,
271,CHEMBL288096,2.4323,2.4323,1,SKB,,0.0,0.0,0.0,1.0,0.0,,,1.0,-0.0,-0.6904342542751538,1.0546450570426453,-0.07709312585630698,-0.04424223519604474,CHEMBL288096,,,,,
272,CHEMBL1270219,2.4301,2.4301,1,A549,,0.0,0.0,0.0,1.0,0.0,,,1.0,-0.0,-0.6942977277678878,1.0546450570426453,-0.07709312585630698,-0.046173971942411726,CHEMBL1270219,,,,,
273,Levothyroxine,2.4262,2.4262,1,HELA,THRA|THRB,0.0,0.0,0.0,1.0,0.0,,,1.0,-0.0,-0.7011466125959153,1.0546450570426453,-0.07709312585630698,-0.049598414356425466,Levothyroxine,Launched,thyroid hormone stimulant,THRA|THRB,endocrinology,myxedema coma
274,BRD-K83216232,2.426,2.426,1,VCAP,,0.0,0.0,0.0,1.0,0.0,,,1.0,-0.0,-0.701497837458891,1.0546450570426453,-0.07709312585630698,-0.04977402678791336,BRD-K83216232,,,,,
275,MLS002699913,2.4255,2.4255,1,PHH,,0.0,0.0,0.0,1.0,0.0,,,1.0,-0.0,-0.7023758996163307,1.0546450570426453,-0.07709312585630698,-0.0502130578666332,MLS002699913,,,,,
276,BRD-K98062568,2.4254,2.4254,1,VCAP,,0.0,0.0,0.0,1.0,0.0,,,1.0,-0.0,-0.7025515120478191,1.0546450570426453,-0.07709312585630698,-0.05030086408237737,BRD-K98062568,,,,,
277,Vitamin P,2.4241,2.4241,1,SKB,AKR1C3,0.0,0.0,0.0,1.0,0.0,,,1.0,-0.0,-0.704834473657161,1.0546450570426453,-0.07709312585630698,-0.05144234488704834,Vitamin P,,,,,
278,Estriol,2.4241,2.4241,1,HEPG2,ESR1|ESR2,0.0,0.0,0.0,1.0,0.0,,,1.0,-0.0,-0.704834473657161,1.0546450570426453,-0.07709312585630698,-0.05144234488704834,Estriol,Launched,estrogen receptor agonist,ESR1|ESR2,endocrinology|obstetrics/gynecology|infectious disease,menopause|vaginal atrophy|urinary tract infections
279,BRD-K02952507,2.4237,2.4237,1,NEU,,0.0,0.0,0.0,1.0,0.0,,,1.0,-0.0,-0.7055369233831125,1.0546450570426453,-0.07709312585630698,-0.05179356975002407,BRD-K02952507,,,,,
280,BRD-K04831789,2.4227,2.4227,1,VCAP,,0.0,0.0,0.0,1.0,0.0,,,1.0,-0.0,-0.7072930476979921,1.0546450570426453,-0.07709312585630698,-0.052671631907463864,BRD-K04831789,,,,,
281,MLS003153121,2.4216,2.4216,1,VCAP,,0.0,0.0,0.0,1.0,0.0,,,1.0,-0.0,-0.7092247844443582,1.0546450570426453,-0.07709312585630698,-0.05363750028064694,MLS003153121,,,,,
282,Etya,2.4215,2.4215,1,PC3,ALOX12|PPARA|PPARG|PTGS1,0.0,0.0,0.0,1.0,0.0,,,1.0,-0.0,-0.7094003968758466,1.0546450570426453,-0.07709312585630698,-0.05372530649639111,Etya,,,,,
283,MLS003130357,2.4192,2.4192,1,VCAP,,0.0,0.0,0.0,1.0,0.0,,,1.0,-0.0,-0.713439482800068,1.0546450570426453,-0.07709312585630698,-0.05574484945850182,MLS003130357,,,,,
284,Lapatinib,3.1003,3.1003,1,HS578T,EGFR|ERBB2,3.2073,2.5297,0.0,1.0,0.0,,,0.2376821239274594,-0.0,0.48265678806397044,-0.9423612264943908,-0.07709312585630698,-0.056798599087593396,Lapatinib,Launched,EGFR inhibitor,EGFR|ERBB2,oncology,breast cancer
285,BRD-K35247118,2.4169,2.4169,1,PC3,,0.0,0.0,0.0,1.0,0.0,,,1.0,-0.0,-0.7174785687242895,1.0546450570426453,-0.07709312585630698,-0.057764392420612584,BRD-K35247118,,,,,
286,"SIN-1, Hydrochloride",3.1019,3.1019,1,MCF7,,3.2832,2.9021999999999997,0.0,1.0,0.0,,,0.23347030257751214,-0.0,0.48546658696777717,-0.9533947257274323,-0.07709312585630698,-0.05870374940560248,"SIN-1, Hydrochloride",,,,,
287,Amthamine,2.4144,2.4144,1,A549,,0.0,0.0,0.0,1.0,0.0,,,1.0,-0.0,-0.7218688795114867,1.0546450570426453,-0.07709312585630698,-0.059959547814211187,Amthamine,Preclinical,histamine receptor agonist,HRH2,,
288,SR-03000001970,3.113,3.113,1,PC3,,3.6507,3.6507,0.0,1.0,0.0,,,0.21502139462876554,-0.0,0.5049595668629331,-1.001724413715147,-0.07709312585630698,-0.06345616585433898,SR-03000001970,,,,,
289,CHEMBL153158,2.4101,2.4101,1,SKB,SSTR4,0.0,0.0,0.0,1.0,0.0,,,1.0,-0.0,-0.7294202140654664,1.0546450570426453,-0.07709312585630698,-0.06373521509120104,CHEMBL153158,,,,,
290,BRD-K76103428,2.4066,2.4066,1,VCAP,,0.0,0.0,0.0,1.0,0.0,,,1.0,-0.0,-0.7355666491675424,1.0546450570426453,-0.07709312585630698,-0.06680843264223905,BRD-K76103428,,,,,
291,Arg-Gly-Asp-Ser,2.4055,2.4055,1,HT29,,0.0,0.0,0.0,1.0,0.0,,,1.0,-0.0,-0.7374983859139094,1.0546450570426453,-0.07709312585630698,-0.06777430101542252,Arg-Gly-Asp-Ser,,,,,
292,K784-3187,2.4047,2.4047,1,HT29,ESR2,0.0,0.0,0.0,1.0,0.0,,,1.0,-0.0,-0.7389032853658124,1.0546450570426453,-0.07709312585630698,-0.06847675074137403,K784-3187,,,,,
293,Pemirolast (BMY 26517) potassium,2.4008,2.4008,1,HA1E,,0.0,0.0,0.0,1.0,0.0,,,1.0,-0.0,-0.7457521701938407,1.0546450570426453,-0.07709312585630698,-0.07190119315538816,Pemirolast (BMY 26517) potassium,,,,,
294,CHEMBL2357204,2.4004,2.4004,1,NEU,,0.0,0.0,0.0,1.0,0.0,,,1.0,-0.0,-0.7464546199197921,1.0546450570426453,-0.07709312585630698,-0.07225241801836389,CHEMBL2357204,,,,,
295,3-Methylcholanthrene,2.4,2.4,1,NEU,AHR,0.0,0.0,0.0,1.0,0.0,,,1.0,-0.0,-0.7471570696457436,1.0546450570426453,-0.07709312585630698,-0.07260364288133962,3-Methylcholanthrene,,,,,
296,SA-243913,2.3993,2.3993,1,MCF7,,0.0,0.0,0.0,1.0,0.0,,,1.0,-0.0,-0.7483863566661584,1.0546450570426453,-0.07709312585630698,-0.07321828639154702,SA-243913,,,,,
297,AC1MCK56,2.3987,2.3987,1,A375,,0.0,0.0,0.0,1.0,0.0,,,1.0,-0.0,-0.7494400312550864,1.0546450570426453,-0.07709312585630698,-0.07374512368601104,AC1MCK56,,,,,
298,IN1549,3.1248,3.1248,1,HA1E,,4.3792,2.5271999999999997,0.0,1.0,0.0,,,0.185901249256395,-0.0,0.5256818337785045,-1.0780090124520159,-0.07709312585630698,-0.0759804120176139,IN1549,,,,,
299,MLS002264410,2.3951,2.3951,1,A549,,0.0,0.0,0.0,1.0,0.0,,,1.0,-0.0,-0.7557620787886505,1.0546450570426453,-0.07709312585630698,-0.0769061474527931,MLS002264410,,,,,
300,Fosinopril,2.395,2.395,1,YAPC,ACE,0.0,0.0,0.0,1.0,0.0,,,1.0,-0.0,-0.7559376912201381,1.0546450570426453,-0.07709312585630698,-0.07699395366853688,Fosinopril,Launched,angiotensin converting enzyme inhibitor,ACE,cardiology,hypertension|congestive heart failure
301,BRD-K63898109,2.3925,2.3925,1,VCAP,,0.0,0.0,0.0,1.0,0.0,,,1.0,-0.0,-0.7603280020073353,1.0546450570426453,-0.07709312585630698,-0.07918910906213548,BRD-K63898109,,,,,
302,844499-71-4,2.3908,2.3908,1,A375,,0.0,0.0,0.0,1.0,0.0,,,1.0,-0.0,-0.7633134133426296,1.0546450570426453,-0.07709312585630698,-0.08068181472978263,844499-71-4,,,,,
303,BRD-K53155533,2.39,2.39,1,VCAP,,0.0,0.0,0.0,1.0,0.0,,,1.0,-0.0,-0.7647183127945325,1.0546450570426453,-0.07709312585630698,-0.08138426445573409,BRD-K53155533,,,,,
304,Pyridoxine,2.3881,2.3881,1,PC3,,0.0,0.0,0.0,1.0,0.0,,,1.0,-0.0,-0.7680549489928025,1.0546450570426453,-0.07709312585630698,-0.08305258255486907,Pyridoxine,Launched,vitamin B,DDC|PDXK,metabolism,vitamin B6 deficiency
305,MLS004683642,2.3836,2.3836,1,HT29,KEAP1,0.0,0.0,0.0,1.0,0.0,,,1.0,-0.0,-0.775957508409758,1.0546450570426453,-0.07709312585630698,-0.08700386226334682,MLS004683642,,,,,
306,PF477736,3.097,2.94955,2,"MCF7,MDAMB231",CHEK1,3.9387,2.9366,0.0,1.0,0.0,,,0.20248243464879423,-0.0,0.4768615778248702,-1.0345721044947862,-0.07709312585630698,-0.08735946760726217,PF477736,,,,,
307,Targinine,2.3822,2.3822,1,HELA,,0.0,0.0,0.0,1.0,0.0,,,1.0,-0.0,-0.7784160824505882,1.0546450570426453,-0.07709312585630698,-0.08823314928376196,Targinine,Phase 3,nitric oxide synthase inhibitor,NOS3,,
308,ZD-7288,2.3801,2.3801,1,PC3,HCN1|HCN2|HCN3|HCN4,0.0,0.0,0.0,1.0,0.0,,,1.0,-0.0,-0.782103943511834,1.0546450570426453,-0.07709312585630698,-0.09007707981438483,ZD-7288,Phase 2,HCN channel blocker,HCN1|HCN2|HCN3|HCN4,,
309,Ramelteon,2.3788,2.3788,1,A375,MTNR1A|MTNR1B,0.0,0.0,0.0,1.0,0.0,,,1.0,-0.0,-0.7843869051211767,1.0546450570426453,-0.07709312585630698,-0.09121856061905619,Ramelteon,Launched,melatonin receptor agonist,MTNR1A|MTNR1B,neurology/psychiatry,insomnia
310,Doxylamine,2.3781,2.3781,1,HT29,HRH1,0.0,0.0,0.0,1.0,0.0,,,1.0,-0.0,-0.7856161921415922,1.0546450570426453,-0.07709312585630698,-0.09183320412926392,Doxylamine,Launched,histamine receptor antagonist,HRH1,neurology/psychiatry,sedative
311,Voriconazole,2.3773,2.3773,1,HELA,CYP2C19|CYP2C9|CYP3A4|CYP3A5|PTGS1,0.0,0.0,0.0,1.0,0.0,,,1.0,-0.0,-0.7870210915934952,1.0546450570426453,-0.07709312585630698,-0.09253565385521544,Voriconazole,Launched,cytochrome P450 inhibitor,CYP2C19|CYP2C9|CYP3A4|CYP3A5|PTGS1,infectious disease,esophageal candidiasis|aspergillosis|skin infections
312,Ceforanide,2.3773,2.3773,1,HEPG2,,0.0,0.0,0.0,1.0,0.0,,,1.0,-0.0,-0.7870210915934952,1.0546450570426453,-0.07709312585630698,-0.09253565385521544,Ceforanide,Launched,penicillin binding protein inhibitor,,infectious disease,gram-negative bacterial infections
313,BRD-K59024795,2.3771,2.3771,1,MCF7,,0.0,0.0,0.0,1.0,0.0,,,1.0,-0.0,-0.787372316456471,1.0546450570426453,-0.07709312585630698,-0.09271126628670333,BRD-K59024795,,,,,
314,AMBCB17415880,2.3755,2.3755,1,VCAP,,0.0,0.0,0.0,1.0,0.0,,,1.0,-0.0,-0.7901821153602769,1.0546450570426453,-0.07709312585630698,-0.0941161657386063,AMBCB17415880,,,,,
315,BRD-K69827766,2.3726,2.3726,1,VCAP,,0.0,0.0,0.0,1.0,0.0,,,1.0,-0.0,-0.7952748758734264,1.0546450570426453,-0.07709312585630698,-0.09666254599518102,BRD-K69827766,,,,,
316,Naphazoline,2.3718,2.3718,1,YAPC,ADRA1A|ADRA1B|ADRA1D|ADRA2A|ADRA2B|ADRA2C,0.0,0.0,0.0,1.0,0.0,,,1.0,-0.0,-0.7966797753253294,1.0546450570426453,-0.07709312585630698,-0.09736499572113254,Naphazoline,Launched,adrenergic receptor agonist,ADRA1A|ADRA2A,ophthalmology,eye irritation
317,Levocetirizine,2.369,2.369,1,HELA,HRH1,0.0,0.0,0.0,1.0,0.0,,,1.0,-0.0,-0.8015969234069898,1.0546450570426453,-0.07709312585630698,-0.09982356976196276,Levocetirizine,Launched,histamine receptor antagonist,HRH1,allergy,allergic rhinitis|urticaria
318,Desoxymetasone,3.0044,3.0044,1,VCAP,NR3C1,2.4733,2.4733,0.0,1.0,0.0,,,0.2879106325396597,-0.0,0.31424446626708136,-0.8107800968112754,-0.07709312585630698,-0.10153042108110331,Desoxymetasone,,,,,
319,YK 4-279,3.0123,3.0123,1,HT29,DHX9|FLI1,2.591,2.591,0.0,1.0,0.0,,,0.278473962684489,-0.0,0.3281178483546253,-0.8355008722094994,-0.07709312585630698,-0.10200996265679856,YK 4-279,,,,,
320,SU 11274,2.3642,2.3642,1,MCF7,MET,0.0,0.0,0.0,1.0,0.0,,,1.0,-0.0,-0.8100263201184094,1.0546450570426453,-0.07709312585630698,-0.10403826811767251,SU 11274,,,,,
321,Mitoxantrone,3.047,2.73355,4,"MCF10A,SKBR3",TOP2A,3.2573,2.5252,0.0,1.0,0.0,,,0.2348906583985155,-0.0,0.38905536208092406,-0.9496738901174692,-0.07709312585630698,-0.10579311116604011,Mitoxantrone,Launched,topoisomerase inhibitor,TOP2A,neurology/psychiatry|oncology|hematologic malignancy,multiple sclerosis|prostate cancer|acute myeloid leukemia (AML)
322,BRD-K77006185,2.3575,2.3575,1,A549,,0.0,0.0,0.0,1.0,0.0,,,1.0,-0.0,-0.821792353028098,1.0546450570426453,-0.07709312585630698,-0.10992128457251686,BRD-K77006185,,,,,
323,nimodipine,3.0018,2.9484,2,"A375,MCF7",,2.605,2.605,0.0,1.0,0.0,,,0.27739251040221913,-0.0,0.3096785430483958,-0.8383338990488607,-0.07709312585630698,-0.11207952336172171,nimodipine,Launched,calcium channel blocker,CFTR|NR3C2,hematology,hemorrhage
324,AC1NXRFO,3.0706,3.0706,1,A549,,4.0444,3.78765,0.0,1.0,0.0,,,0.19823963206724288,-0.0,0.4304998959120669,-1.045686763721745,-0.07709312585630698,-0.11387470633175147,AC1NXRFO,,,,,
325,BRD-A02747686,2.35,2.35,1,HELA,,0.0,0.0,0.0,1.0,0.0,,,1.0,-0.0,-0.8349632853896898,1.0546450570426453,-0.07709312585630698,-0.11650675075331272,BRD-A02747686,,,,,
326,"3,6-Dimethoxyflavone",2.3496,2.3496,1,SKB,,0.0,0.0,0.0,1.0,0.0,,,1.0,-0.0,-0.8356657351156412,1.0546450570426453,-0.07709312585630698,-0.11685797561628845,"3,6-Dimethoxyflavone",,,,,
327,STK139544,2.3489,2.3489,1,MCF7,,0.0,0.0,0.0,1.0,0.0,,,1.0,-0.0,-0.8368950221360567,1.0546450570426453,-0.07709312585630698,-0.11747261912649619,STK139544,,,,,
328,BRD-K13324372,2.3466,2.3466,1,VCAP,,0.0,0.0,0.0,1.0,0.0,,,1.0,-0.0,-0.8409341080602782,1.0546450570426453,-0.07709312585630698,-0.11949216208860695,BRD-K13324372,,,,,
329,Fomepizole,2.3448,2.3448,1,MCF7,ADH1A|ADH1B|ADH1C,0.0,0.0,0.0,1.0,0.0,,,1.0,-0.0,-0.84409513182706,1.0546450570426453,-0.07709312585630698,-0.12107267397199782,Fomepizole,Launched,alcohol dehydrogenase inhibitor,ADH1A|ADH1B|ADH1C|AKR1A1|CAT,critical care,poison antidote
330,MLS003128821,2.3416,2.3416,1,VCAP,,0.0,0.0,0.0,1.0,0.0,,,1.0,-0.0,-0.8497147296346726,1.0546450570426453,-0.07709312585630698,-0.12388247287580416,MLS003128821,,,,,
331,Chloroxine,3.0637,3.0637,1,HELA,,4.2172,2.96425,0.0,1.0,0.0,,,0.19167369470213907,-0.0,0.4183826381394017,-1.0628872237752032,-0.07709312585630698,-0.12509347323412148,Chloroxine,Launched,opioid receptor antagonist,OPRK1,gastroenterology|infectious disease|dermatology,diarrhea|inflammatory bowel disease|giardiasis|dandruff
332,BRD-K36360168,2.3395,2.3395,1,VCAP,,0.0,0.0,0.0,1.0,0.0,,,1.0,-0.0,-0.8534025906959184,1.0546450570426453,-0.07709312585630698,-0.12572640340642702,BRD-K36360168,,,,,
333,Triclabendazole,3.0659,3.0659,1,HT29,DNMT1,4.3457,3.0894500000000003,0.0,1.0,0.0,,,0.1870662401556391,-0.0,0.42224611163213566,-1.0749571436462626,-0.07709312585630698,-0.12678271244907233,Triclabendazole,Launched,microtubule inhibitor,DNMT1,infectious disease,tapeworm
334,Sirolimus,2.6018,2.6018,1,SNUC4,FKBP1A|MTOR,5.3969,2.737,1.0,0.8385208746330142,1.0,drug_up_reverses_query_down,"6,A,E,F,G,H,R",0.15632572027075617,0.07648612134044172,-0.3927711829031757,-1.1554865570263901,2.074696578502342,-0.12809224285903653,Sirolimus,Launched,mTOR inhibitor,FKBP1A|MTOR,transplant|pulmonary,organ rejection|lymphangioleiomyomatosis
335,MLS002276520,2.3345,2.3345,1,HEPG2,,0.0,0.0,0.0,1.0,0.0,,,1.0,-0.0,-0.8621832122703137,1.0546450570426453,-0.07709312585630698,-0.13011671419362467,MLS002276520,,,,,
336,UK 356618,3.0445,3.0445,1,A673,MMP3,3.9007,3.0174,0.0,1.0,0.0,,,0.20405248229844714,-0.0,0.3846650512937268,-1.0304591286349483,-0.07709312585630698,-0.13222383811488247,UK 356618,,,,,
337,CHEMBL259628,2.9807,2.9807,1,SKM1,PTPN1,2.6738,2.6738,0.0,1.0,0.0,,,0.2721977244270238,-0.0,0.272624320004451,-0.8519424218970222,-0.07709312585630698,-0.1346891917381425,CHEMBL259628,,,,,
338,SB-203580,3.039,3.039,1,SKL.C,MAPK1|MAPK11|MAPK14,3.8589,3.03895,0.0,1.0,0.0,,,0.20580789890716006,-0.0,0.3750063675618926,-1.025860550918411,-0.07709312585630698,-0.1356736066658384,SB-203580,Preclinical,p38 MAPK inhibitor,AKT1|ALOX5|CHEK1|CYP2D6|CYP3A4|GAK|GSK3B|LCK|MAPK1|MAPK10|MAPK11|MAPK12|MAPK14|MAPK8|MAPK9|PRKCA|RAF1|RIPK2|ROCK1|RPS6KB1|SGK1|SRC|TNF,,
339,GF-109203,2.9916,2.9916,1,H1299,PRKCA,2.9178,2.8310500000000003,0.0,1.0,0.0,,,0.2552452907243861,-0.0,0.29176607503663116,-0.8963518706165364,-0.07709312585630698,-0.1384411488379067,GF-109203,,,,,
340,testosterone,3.0261,3.0261,1,PC3,AR,3.9024,3.3888,0.0,1.0,0.0,,,0.20398172323759792,-0.0,0.35235236389995417,-1.0306444926327873,-0.07709312585630698,-0.1484357910111205,testosterone,,,,,
341,Trametinib,2.9435,2.9435,1,PC3,MAP2K1|MAP2K2,2.4848,2.42135,0.0,1.0,0.0,,,0.28696051423324154,-0.0,0.20729649549095422,-0.8132690745560923,-0.07709312585630698,-0.15575109979261195,Trametinib,Launched,MEK inhibitor,MAP2K1|MAP2K2,oncology,melanoma
342,"2-(2,4-Dichlorophenoxy)-n-(4-methyl-2-nitrophenyl)acetamide",2.9978,2.9978,1,PHH,,3.4908,3.0586,0.0,1.0,0.0,,,0.22267747394673554,-0.0,0.3026540457888801,-0.981668162923792,-0.07709312585630698,-0.15859205115395894,"2-(2,4-Dichlorophenoxy)-n-(4-methyl-2-nitrophenyl)acetamide",,,,,
343,Perphenazine,2.9923,2.9923,1,NPC,DRD2,3.4879,3.0128,0.0,1.0,0.0,,,0.22282136411239112,-0.0,0.2929953620570467,-0.9812912210023539,-0.07709312585630698,-0.1633083104434442,Perphenazine,Launched,dopamine receptor antagonist,CALM1|DRD1|DRD2|HRH1|HTR2A|HTR2C|HTR6|HTR7,neurology/psychiatry|gastroenterology,schizophrenia|nausea|vomiting
344,Spiperone,2.9291,2.9291,1,ASC,ADRA1A|DRD2|DRD3|DRD4|HTR1A|HTR2A|HTR7,2.5431,2.5431,0.0,1.0,0.0,,,0.28223871750726764,-0.0,0.1820083053566981,-0.8256385309565312,-0.07709312585630698,-0.1721060317798717,Spiperone,Launched,dopamine receptor antagonist,ADRA1A|ADRA1B|ADRA1D|DRD1|DRD2|DRD3|DRD4|DRD5|HTR1A|HTR1D|HTR2A|HTR2B|HTR2C|HTR6|HTR7,neurology/psychiatry,schizophrenia
345,Avicin-D,2.9704,2.9704,1,A549,,3.3973,3.0838,0.0,1.0,0.0,,,0.2274122757146431,-0.0,0.2545362395611981,-0.9692646378608248,-0.07709312585630698,-0.17892989674890977,Avicin-D,,,,,
346,Erlotinib,3.0102,3.0102,1,MCF7,EGFR,4.5925,2.7582,0.0,1.0,0.0,,,0.17881090746535538,-0.0,0.3244299872933796,-1.0965832287383779,-0.07709312585630698,-0.18217860014608497,Erlotinib,Launched,EGFR inhibitor,EGFR|NR1I2,oncology,non-small cell lung cancer (NSCLC)|pancreatic cancer
347,BRD-K94206926,2.9102,2.9102,1,VCAP,,2.461,2.461,0.0,1.0,0.0,,,0.2889338341519792,-0.0,0.14881755580548647,-0.8080996663592773,-0.07709312585630698,-0.18343974717630132,BRD-K94206926,,,,,
348,MLS006011051,2.9337,2.7489999999999997,2,"A549,SKL",BRAF,2.904,2.904,0.0,1.0,0.0,,,0.25614754098360654,-0.0,0.19008647720514105,-0.8939882904178548,-0.07709312585630698,-0.1885718736940473,MLS006011051,,,,,
349,MLS004683634,2.9062,2.9062,1,HT29,,2.5449,2.5449,0.0,1.0,0.0,,,0.282095404665858,-0.0,0.14179305854597074,-0.826013960490312,-0.07709312585630698,-0.19232628404536958,MLS004683634,,,,,
350,ABT737,2.913,2.913,1,SKL,BCL2|BCL2L1|BCL2L2,2.813,2.6259,0.0,1.0,0.0,,,0.26226068712300027,-0.0,0.15373470388714694,-0.8779739850529524,-0.07709312585630698,-0.20194346874357363,ABT737,,,,,
351,PF431396,2.9964,2.68005,2,"MDAMB231,SKBR3",,4.9245,2.8083,0.0,1.0,0.0,,,0.16879061524179256,-0.0,0.3001954717480499,-1.1228328906726182,-0.07709312585630698,-0.2021707564990219,PF431396,,,,,
352,Tozasertib,2.9315,2.9315,1,SKBR3,ABL1|AURKA|AURKB|AURKC|BCR|FLT3|JAK2,3.2174,2.8548999999999998,0.0,1.0,0.0,,,0.23711291316925123,-0.0,0.18622300371240783,-0.9438523596508833,-0.07709312585630698,-0.20546283121032247,Tozasertib,Phase 2,Aurora kinase inhibitor|Bcr-Abl kinase inhibitor|FLT3 inhibitor|JAK inhibitor,AURKA|AURKB|AURKC|LCK,,
353,Ofloxacin,2.923,2.923,1,PC3,,3.1627,3.1627,0.0,1.0,0.0,,,0.24022869772022964,-0.0,0.17129594703593665,-0.935690093591338,-0.07709312585630698,-0.21047767973069445,Ofloxacin,Launched,bacterial DNA gyrase inhibitor,,infectious disease|otolaryngology|gastroenterology|endocrinology,respiratory tract infections|sinusitis|skin infections|bone and joint infections|intra-abdominal infections|diarrhea|fever|urinary tract infections
354,HY-11007,2.9015,2.9015,1,NPC,ABL1|BCR,2.8019,2.5866,0.0,1.0,0.0,,,0.26302638154606905,-0.0,0.13353927426603954,-0.8759681333969274,-0.07709312585630698,-0.21143942805731983,HY-11007,,,,,
355,Osimertinib,2.9385,2.9385,1,MNEU.E,EGFR|ERBB2|ERBB3|ERBB4,3.5426,2.83515,0.0,1.0,0.0,,,0.22013824681900232,-0.0,0.19851587391655978,-0.98832005013328,-0.07709312585630698,-0.21265670325296546,Osimertinib,Launched,EGFR inhibitor,EGFR,oncology,non-small cell lung cancer (NSCLC)
356,4-Iodo-6-phenylpyrimidine,2.9062,2.9062,1,HCC15,MIF,2.9139,2.6862500000000002,0.0,1.0,0.0,,,0.2554996295255372,-0.0,0.14179305854597074,-0.8956855918895272,-0.07709312585630698,-0.21322777346513416,4-Iodo-6-phenylpyrimidine,Preclinical,macrophage migration inhibiting factor inhibitor,MIF,,
357,BRD-K26508045,2.9129,2.9129,1,VCAP,,3.1452,3.1452,0.0,1.0,0.0,,,0.24124288333494162,-0.0,0.15355909145565946,-0.9330332819005416,-0.07709312585630698,-0.2185490640135941,BRD-K26508045,,,,,
358,BRD-K01621458,2.9647,2.6233,5,"HA1E,PC3",,4.5011,3.5602,0.0,1.0,0.0,,,0.18178182545309118,-0.0,0.2445263309663881,-1.0888004624205418,-0.07709312585630698,-0.21979559841422988,BRD-K01621458,,,,,
359,AC1NSFGY,2.8509,2.8509,1,NEU,,2.4319,2.4319,0.0,1.0,0.0,,,0.2913837815787173,-0.0,0.04467938393316613,-0.801681660748891,-0.07709312585630698,-0.23358343142934562,AC1NSFGY,,,,,
360,Rifampicin,2.8821,2.8821,1,VCAP,NR1I2,3.1277,3.0963000000000003,0.0,1.0,0.0,,,0.24226566853211232,-0.0,0.09947046255738815,-0.9303539423106298,-0.07709312585630698,-0.24478957658575626,Rifampicin,,,,,
361,BAY 61-3606,2.9353,2.9353,1,MDAMB231,SYK,4.634,2.96845,0.0,1.0,0.0,,,0.17749378771742988,-0.0,0.19289627610894702,-1.1000336219343623,-0.07709312585630698,-0.24898057369709656,BAY 61-3606,,,,,
362,NSC95397,2.9271,2.9271,1,NKDBA,,4.4886,2.8893,0.0,1.0,0.0,,,0.18219582407171228,-0.0,0.17849605672693983,-1.087715930798351,-0.07709312585630698,-0.2524853760472968,NSC95397,,,,,
363,Clonidine,2.8533,2.8533,1,VCAP,ADRA2A|ADRA2B|ADRA2C,2.8823,2.6948,0.0,1.0,0.0,,,0.25757927002034875,-0.0,0.048894082288875096,-0.8902376609594101,-0.07709312585630698,-0.2580428823146469,Clonidine,Launched,adrenergic receptor agonist,ADRA1A|ADRA1B|ADRA1D|ADRA2A|ADRA2B|ADRA2C,cardiology|neurology/psychiatry,hypertension|attention-deficit/hyperactivity disorder (ADHD)
364,KW-2478,2.9011,2.9011,1,HELA,,3.9236,2.9937,0.0,1.0,0.0,,,0.2031034202615972,-0.0,0.13283682454008802,-1.0329453393228312,-0.07709312585630698,-0.2588838146980667,KW-2478,Phase 1/Phase 2,HSP inhibitor,,,
365,Ellagic acid,2.8146,2.8146,1,HELA,CA1|CA12|CA14|CA2|CA4|CA6|CA9|SYK,2.363,2.363,0.0,1.0,0.0,,,0.29735355337496283,-0.0,-0.01906792869693939,-0.7860429460308197,-0.07709312585630698,-0.260765473328977,Ellagic acid,,,,,
366,Midostaurin,2.8631,2.59695,2,"HT29,YAPC",FLT3|KDR|KIT|PDGFRA|PDGFRB|PRKCA|PRKCB|PRKCD|PRKCE|PRKCG|PRKCH|PRKCI|PRKCQ|PRKCZ|PRKD1|PRKD3,3.1368,2.4351,0.0,1.0,0.0,,,0.24173274028234384,-0.0,0.06610410057468905,-0.931750027981538,-0.07709312585630698,-0.2618915832783783,Midostaurin,Launched,FLT3 inhibitor|KIT inhibitor|PKC inhibitor,FLT3|PRKCG,hematologic malignancy,acute myeloid leukemia (AML)
367,SCHEMBL17052537,2.9218,2.5292,3,"HME1,MDAMB231",BTK|JAK3|MKNK2|MTOR|PRKDC,4.6872,3.1351,0.0,1.0,0.0,,,0.1758334505556337,-0.0,0.16918859785808216,-1.1043831247454199,-0.07709312585630698,-0.2621392636658463,SCHEMBL17052537,,,,,
368,MLS001065903,2.8659,2.8659,1,A549,,3.2919,3.2919,0.0,1.0,0.0,,,0.23299704093758009,-0.0,0.07102124865634951,-0.9546345057435727,-0.07709312585630698,-0.26629835256615847,MLS001065903,,,,,
369,(S)-(-)-BAY K 8644,2.8751,2.8751,1,HT115,CACNA1C,3.5061,3.5061,0.0,1.0,0.0,,,0.22192139544173453,-0.0,0.08717759235323622,-0.9836488242367777,-0.07709312585630698,-0.2669244762656766,(S)-(-)-BAY K 8644,,,,,
370,Prothiaden Spofa,2.8524,2.8524,1,SKB,SLC6A2|SLC6A4,3.1252,3.1252,0.0,1.0,0.0,,,0.242412489091438,-0.0,0.04731357040548385,-0.9299693237824164,-0.07709312585630698,-0.2707526371032444,Prothiaden Spofa,,,,,
371,AMD-070 (hydrochloride),2.8776,2.6296,2,"HELA,YAPC",,4.0127,3.8051,0.0,1.0,0.0,,,0.19949328705089076,-0.0,0.09156790314043345,-1.042402626017103,-0.07709312585630698,-0.28235546140617557,AMD-070 (hydrochloride),,,,,
372,BRN 1087718,2.8146,2.8146,1,NKDBA,,2.7474,2.3498,0.0,1.0,0.0,,,0.266851683834125,-0.0,-0.01906792869693939,-0.8659471789559359,-0.07709312585630698,-0.2847367432065119,BRN 1087718,,,,,
373,SMR000068650,2.8567,2.8567,1,MCF7,,3.6608,3.3162000000000003,0.0,1.0,0.0,,,0.21455544112598696,-0.0,0.05486490495946358,-1.0029450489673057,-0.07709312585630698,-0.2888696873817213,SMR000068650,,,,,
374,Roflumilast,2.8295,2.6037999999999997,2,"HT29,MCF7",PDE4A|PDE4B|PDE4C|PDE4D,3.1139,3.1139,0.0,1.0,0.0,,,0.24307834415031965,-0.0,0.007098323594756504,-0.9282250163507682,-0.07709312585630698,-0.2903369682791136,Roflumilast,Launched,phosphodiesterase inhibitor,PDE4A|PDE4B|PDE4C|PDE4D,pulmonary,chronic obstructive pulmonary disease (COPD)|bronchitis
375,Swainsonine,2.8099,2.8099,1,PC3,,2.9254,2.7286,0.0,1.0,0.0,,,0.25475110816732055,-0.0,-0.02732171297687062,-0.8976464561203669,-0.07709312585630698,-0.29837341849580673,Swainsonine,Phase 2,alpha mannosidase inhibitor,MAN2A1,,
376,Zafirlukast,2.7989,2.7989,1,MCF7,CYSLTR1,2.7527,2.6203,0.0,1.0,0.0,,,0.2664748048072055,-0.0,-0.04663908044053827,-0.8669344702270905,-0.07709312585630698,-0.29881850645965763,Zafirlukast,Launched,leukotriene receptor antagonist,CYSLTR1|CYSLTR2,pulmonary,asthma
377,Zaldaride,2.8195,2.8195,1,HA1E,CALM1,3.1206,3.1123,0.0,1.0,0.0,,,0.24268310440227153,-0.0,-0.010462919554032415,-0.9292604062912772,-0.07709312585630698,-0.2994282068356608,Zaldaride,Phase 3,calmodulin antagonist,CALM1,,
378,Oxfendazole,2.7928,2.7928,1,YAPC,,2.7711,2.7711,0.0,1.0,0.0,,,0.2651746174856143,-0.0,-0.05735143876129973,-0.8703405063866646,-0.07709312585630698,-0.3051964964679107,Oxfendazole,Launched,anthelmintic agent,,infectious disease,lungworms|tapeworm|gastrointestinal roundworms
379,Pazopanib,2.8456,2.8456,1,NPC,CSF1R|FGFR1|FGFR3|FLT1|FLT4|ITK|KDR|KIT|LCK|PDGFRA|PDGFRB,3.8989,2.87115,0.0,1.0,0.0,,,0.2041274571842659,-0.0,0.03537192506430766,-1.0302627206497925,-0.07709312585630698,-0.30681147883404536,Pazopanib,Launched,KIT inhibitor|PDGFR tyrosine kinase receptor inhibitor|VEGFR inhibitor,CSF1R|FGF1|FGFR1|FGFR3|FLT1|FLT4|ITK|KDR|KIT|PDGFRA|PDGFRB|SH2B3,oncology,renal cell carcinoma (RCC)|soft tissue sarcoma (STS)
380,BRD-K99763083,2.8125,2.8125,1,VCAP,,3.3656,3.3656,0.0,1.0,0.0,,,0.22906358805204322,-0.0,-0.022755789758185124,-0.9649387769340683,-0.07709312585630698,-0.31627815313057445,BRD-K99763083,,,,,
381,GW843682X,2.8126,2.614,2,"A375,BT20",PLK1|PLK3,3.4019,2.6128,0.0,1.0,0.0,,,0.22717462913741795,-0.0,-0.022580177326696864,-0.9698871887977447,-0.07709312585630698,-0.3176748704739332,GW843682X,,,,,
382,HA 14-1,2.8325,2.8325,1,NPC,BCL2,4.1868,4.1868,0.0,1.0,0.0,,,0.19279710033161102,-0.0,0.012366696539393492,-1.0599442938355637,-0.07709312585630698,-0.32721856505223373,HA 14-1,,,,,
383,HSCI1_000314,2.7295,2.7295,1,DV90,ARG1|ARG2,2.3785,2.3785,0.0,1.0,0.0,,,0.2959893443836022,-0.0,-0.1685141078931366,-0.7896166965793975,-0.07709312585630698,-0.3365606880916489,HSCI1_000314,,,,,
384,CHEMBL179288,2.8343,2.8343,1,A375,,4.9689,3.0224,0.0,1.0,0.0,,,0.16753505671061672,-0.0,0.015527720306175215,-1.1261220150061895,-0.07709312585630698,-0.3454913695200306,CHEMBL179288,,,,,
385,Ganciclovir,2.7446,2.7446,1,YAPC,,2.7976,2.7976,0.0,1.0,0.0,,,0.2633242047609016,-0.0,-0.14199663073846416,-0.8751879407108158,-0.07709312585630698,-0.3489733227537382,Ganciclovir,Launched,DNA polymerase inhibitor,,infectious disease,cytomegalovirus (CMV)
386,CDK9 Inhibitor,2.7244,2.7244,1,CD34,,2.5168,2.5168,0.0,1.0,0.0,,,0.2843494085532302,-0.0,-0.17747034189901853,-0.8201092584395221,-0.07709312585630698,-0.3501865736526273,CDK9 Inhibitor,,,,,
387,Ketorolac,2.775,2.775,1,PC3,PTGS1|PTGS2,3.4687,2.8859,0.0,1.0,0.0,,,0.2237787275941549,-0.0,-0.08861045156614512,-0.9787832634314767,-0.07709312585630698,-0.353358829983777,Ketorolac,Launched,cyclooxygenase inhibitor,PTGS1|PTGS2,neurology/psychiatry,pain relief
388,Benoxinate,2.7245,2.7245,1,ASC,SCN10A|SCN11A|SCN1A|SCN2A|SCN3A|SCN4A|SCN5A|SCN7A|SCN8A|SCN9A,2.6369,2.5744499999999997,0.0,1.0,0.0,,,0.2749594434820864,-0.0,-0.17729472946753103,-0.8447076836343723,-0.07709312585630698,-0.3574782949953386,Benoxinate,,,,,
389,Tezampanel,2.7384,2.7384,1,YAPC,,2.9258,2.9258,0.0,1.0,0.0,,,0.2547251515614652,-0.0,-0.15288460149071387,-0.8977144533517312,-0.07709312585630698,-0.3611752619221377,Tezampanel,,,,,
390,Mirtazapine,2.738,2.738,1,NEU,ADRA2A|ADRA2B|ADRA2C|HTR2A|HTR2C|HTR3A,3.3653,3.3653,0.0,1.0,0.0,,,0.2290793301720386,-0.0,-0.15358705121666538,-0.9648975380840638,-0.07709312585630698,-0.3816814122048132,Mirtazapine,Launched,adrenergic receptor antagonist|serotonin receptor antagonist,ADRA2A|ADRA2B|ADRA2C|HTR2A|HTR2C,neurology/psychiatry,depression
391,AC1NWAPU,2.7204,2.7204,1,YAPC,NR3C1,3.2115,3.1632,0.0,1.0,0.0,,,0.23744509082274723,-0.0,-0.18449483915853424,-0.9429821703478333,-0.07709312585630698,-0.3905606958548785,AC1NWAPU,,,,,
392,Nemonapride,2.7176,2.6342,4,"HA1E,HELA,MCF7",,3.2378,3.2378,0.0,1.0,0.0,,,0.23597149464344708,-0.0,-0.18941198724019548,-0.9468424770805308,-0.07709312585630698,-0.3941773619155184,Nemonapride,Launched,dopamine receptor antagonist,DRD2|DRD3|DRD4,neurology/psychiatry,schizophrenia
393,CHEMBL2143628,2.6931,2.6931,1,A375,,2.8081,2.58505,0.0,1.0,0.0,,,0.2625981460570888,-0.0,-0.2324370329547296,-0.8770899606414004,-0.07709312585630698,-0.39476412984104636,CHEMBL2143628,,,,,
394,"THR1 Inhibitor, 2",2.6616,2.6616,1,VCAP,BTK,2.4017,2.4017,0.0,1.0,0.0,,,0.29397066172795955,-0.0,-0.28775494887341563,-0.7949049392853864,-0.07709312585630698,-0.39776758139358515,"THR1 Inhibitor, 2",,,,,
395,Iniparib,2.6555,2.6555,1,HA1E,PARP1,2.3378,2.3378,0.0,1.0,0.0,,,0.29959853795913477,-0.0,-0.2984673071941771,-0.7801618714007286,-0.07709312585630698,-0.3987008401885685,Iniparib,Phase 3,PARP inhibitor,PARP1,,
396,Norethindrone Acetate,2.6954,2.6954,1,HA1E,PGR,2.928,2.6372,0.0,1.0,0.0,,,0.2545824847250509,-0.0,-0.2283979470305081,-0.8980881905783059,-0.07709312585630698,-0.39904405586000724,Norethindrone Acetate,,,,,
397,Rimantadine,2.6504,2.6504,1,HA1E,,2.3315,2.3315,0.0,1.0,0.0,,,0.30016509079993997,-0.0,-0.30742354120005977,-0.7786777010584657,-0.07709312585630698,-0.402733706088831,Rimantadine,Launched,antiviral|RNA synthesis inhibitor,,infectious disease,influenza A virus infection
398,BRD-K89808696,2.7271,2.7271,1,VCAP,,3.7226,3.7226,0.0,1.0,0.0,,,0.21174776606106807,-0.0,-0.17272880624884554,-1.0103001759068186,-0.07709312585630698,-0.4048730810677298,BRD-K89808696,,,,,
399,Zolpidem,2.751,2.751,1,PC3,GABRA1|GABRA2|GABRA3|GABRB1|GABRG2,4.5211,2.6159,0.0,1.0,0.0,,,0.18112332687326801,-0.0,-0.13075743512323948,-1.0905254984493205,-0.07709312585630698,-0.4079549922676773,Zolpidem,,,,,
400,TAE-684,2.7135,2.7135,1,SKBR3,ALK,3.4973,2.72,0.0,1.0,0.0,,,0.22235563560358437,-0.0,-0.19661209693119946,-0.9825112668489776,-0.07709312585630698,-0.4084780536915544,TAE-684,,,,,
401,Broad-Sai-045,2.6721,2.6721,1,A549,,2.7919,2.7919,0.0,1.0,0.0,,,0.2637200348110446,-0.0,-0.26931564356718696,-0.8741510043852231,-0.07709312585630698,-0.4123217482704218,Broad-Sai-045,,,,,
402,NVP-BHG712,2.6866,2.6866,1,ASC,,3.0738,2.8534,0.0,1.0,0.0,,,0.24547105896214835,-0.0,-0.24385184100144253,-0.9219569401795105,-0.07709312585630698,-0.4139316277258358,NVP-BHG712,Preclinical,ephrin inhibitor,EPHB4,,
403,761437-28-9,2.7243,2.63195,2,"ASC.C,SKL",,3.944,2.5608,0.0,1.0,0.0,,,0.2022653721682848,-0.0,-0.17764595433050678,-1.0351407322957382,-0.07709312585630698,-0.4147838220252363,761437-28-9,,,,,
404,CHEMBL399379,2.7088,2.7088,1,MCF7,ACLY,3.6944,3.139,0.0,1.0,0.0,,,0.21301976823449217,-0.0,-0.20486588121112992,-1.0069679749802343,-0.07709312585630698,-0.41994195827089664,CHEMBL399379,,,,,
405,Tacedinaline,2.7285,2.7285,1,A375,HDAC1|HDAC10|HDAC11|HDAC2|HDAC3|HDAC4|HDAC5|HDAC6|HDAC7|HDAC8|HDAC9,4.3957,2.604,0.0,1.0,0.0,,,0.18533276497952073,-0.0,-0.17027023220801532,-1.0794982424814348,-0.07709312585630698,-0.4244032140196995,Tacedinaline,Phase 3,HDAC inhibitor,HDAC1,,
406,Tonabersat,2.6776,2.6776,1,HA1E,,3.1765,3.1765,0.0,1.0,0.0,,,0.23943493355680595,-0.0,-0.2596569598353527,-0.9377694781522384,-0.07709312585630698,-0.42657794853460923,Tonabersat,Phase 2,gap junction modulator|nitric oxide production inhibitor,,,
407,GW842166X,2.664,2.664,1,HA1E,CNR2,2.9681,2.653,0.0,1.0,0.0,,,0.25200977797938556,-0.0,-0.28354025051770587,-0.9048277826803057,-0.07709312585630698,-0.428637085234206,GW842166X,,,,,
408,PHA-665752,2.7151,2.7151,1,BT20,MET,4.1365,2.9367,0.0,1.0,0.0,,,0.19468509685583568,-0.0,-0.1938022980273927,-1.0549984030982278,-0.07709312585630698,-0.42881929511442607,PHA-665752,Preclinical,c-Met inhibitor,MET,,
409,SR 33805 oxalate,2.688,2.688,1,A375,,3.5019,3.0357,0.0,1.0,0.0,,,0.22212843466092094,-0.0,-0.24139326696061153,-0.9831064538757625,-0.07709312585630698,-0.43104719481429593,SR 33805 oxalate,,,,,
410,Quinine,2.6308,2.6308,1,NEU,SCN5A,2.5001,2.4841,0.0,1.0,0.0,,,0.2857061226822091,-0.0,-0.3418435777716869,-0.8165551418097339,-0.07709312585630698,-0.431306956600025,Quinine,Launched,hemozoin biocrystallization inhibitor,GP9|KCNB2|KCNN4|SLC29A4,infectious disease,malaria
411,vincristine,2.6286,2.6266499999999997,2,MCF7,TUBB,2.5168,2.4602,0.0,1.0,0.0,,,0.2843494085532302,-0.0,-0.34570705126442014,-0.8201092584395221,-0.07709312585630698,-0.43430492833532813,vincristine,Launched,tubulin polymerization inhibitor,TUBA4A|TUBB,hematologic malignancy,acute lymphoblastic leukemia (ALL)
412,Bendamustine HCl,2.6191,2.6191,1,HELA,,2.3931,2.3931,0.0,1.0,0.0,,,0.2947157466623442,-0.0,-0.36239023225577005,-0.792953077283408,-0.07709312585630698,-0.4344996644841688,Bendamustine HCl,,,,,
413,SAQUINAVIR MESYLATE,2.679,2.679,1,HELA,,3.4591,3.33105,0.0,1.0,0.0,,,0.22426050099795927,-0.0,-0.2571983857945225,-0.977521185570211,-0.07709312585630698,-0.43727417373958594,SAQUINAVIR MESYLATE,,,,,
414,GDC-0980 (RG7422),2.6669,2.6669,1,YAPC,MTOR|PIK3CA|PIK3CB|PIK3CD|PIK3CG|PIK3R1|PIK3R2|PIK3R3|PIK3R5,3.2462,2.8626,0.0,1.0,0.0,,,0.2355046865432622,-0.0,-0.27844749000455715,-0.948065351079076,-0.07709312585630698,-0.4390619754972628,GDC-0980 (RG7422),,,,,
415,PD-173074,2.7072,2.7072,1,MCF7,FGFR1|FGFR3,4.5636,2.7928,0.0,1.0,0.0,,,0.17973973686102523,-0.0,-0.20767568011493667,-1.0941500204958492,-0.07709312585630698,-0.44750147137748447,PD-173074,Preclinical,FGFR inhibitor|VEGFR inhibitor,FGFR1|FGFR2|FGFR3|FGFR4|FLT1|FLT4|KDR|PDGFRA|PDGFRB,,
416,Withaferin A,2.6486,2.4986,3,"A549,MCF10A,MCF7",IKBKB|NAMPT,3.1538,2.63765,0.0,1.0,0.0,,,0.24074341566758148,-0.0,-0.3105845649668415,-0.934341712545354,-0.07709312585630698,-0.4510134214182884,Withaferin A,,,,,
417,MK-2206,2.7071,2.7071,1,A375,AKT1|AKT2|AKT3,4.735,2.92645,0.0,1.0,0.0,,,0.17436791630340018,-0.0,-0.20785129254642415,-1.1082223120481332,-0.07709312585630698,-0.45181096505891344,MK-2206,Phase 2,AKT inhibitor,AKT1|AKT2|AKT3,,
418,Palovarotene,2.6929,2.6929,1,PC3,RARG,4.2581,2.96265,0.0,1.0,0.0,,,0.19018276563777792,-0.0,-0.23278825781770532,-1.0667929366061508,-0.07709312585630698,-0.45185063506195927,Palovarotene,Phase 3,retinoid receptor agonist,RARG,,
419,Raloxifene,2.654,2.654,1,A549,ESR1|ESR2,3.323,2.7176,0.0,1.0,0.0,,,0.23132084200786487,-0.0,-0.3011014936664956,-0.9590255608403587,-0.07709312585630698,-0.45367704025661676,Raloxifene,Launched,estrogen receptor antagonist|selective estrogen receptor modulator (SERM),ESR1|ESR2,orthopedics|oncology,osteoporosis|breast cancer
420,AT 7867,2.6545,2.6545,1,PC3,,3.3618,2.6996,0.0,1.0,0.0,,,0.2292631482415516,-0.0,-0.3002234315090558,-0.9644159990156947,-0.07709312585630698,-0.45485514063049776,AT 7867,,,,,
421,SCHEMBL16980379,2.6676,2.6676,1,A375,,3.66,2.8416,0.0,1.0,0.0,,,0.2145922746781116,-0.0,-0.2772182029841416,-1.0028485579399449,-0.07709312585630698,-0.4548822940453157,SCHEMBL16980379,,,,,
422,BRD-A25736793,2.6841,2.6841,1,NPC.TAK,MTOR,4.2168,2.67975,0.0,1.0,0.0,,,0.19168839135101978,-0.0,-0.24824215178863976,-1.0628487236939603,-0.07709312585630698,-0.45839431817376936,BRD-A25736793,,,,,
423,Naftopidil,2.6319,2.6319,1,A375,,3.02,2.7288,0.0,1.0,0.0,,,0.24875621890547267,-0.0,-0.3399118410253199,-0.913350969815753,-0.07709312585630698,-0.4593798366286473,Naftopidil,Launched,adrenergic receptor antagonist,ADRA1A,urology,benign prostatic hyperplasia (BPH)
424,BRD-K75418563,2.6596,2.6596,1,HEPG2,,3.8041,3.1113999999999997,0.0,1.0,0.0,,,0.20815553381486646,-0.0,-0.2912671975031731,-1.019710568333332,-0.07709312585630698,-0.46696539442284757,BRD-K75418563,,,,,
425,BRD-K87885716,2.6464,2.6464,1,VCAP,,3.5065,3.5065,0.0,1.0,0.0,,,0.22190169754798625,-0.0,-0.31444803845957553,-0.9837004258308402,-0.07709312585630698,-0.46775277215030125,BRD-K87885716,,,,,
426,GSK256066,2.6159,2.6159,1,YAPC,,3.0605,2.9394,0.0,1.0,0.0,,,0.24627508927471986,-0.0,-0.36800983006338284,-0.9198506618975005,-0.07709312585630698,-0.475378738772203,GSK256066,Phase 2,phosphodiesterase inhibitor,PDE4A,,
427,BRD-K01335708,2.6187,2.6187,1,MCF7,,3.1203,2.7342,0.0,1.0,0.0,,,0.24270077421546973,-0.0,-0.36309268198172157,-0.9292141175591179,-0.07709312585630698,-0.4757292014298576,BRD-K01335708,,,,,
428,NU-7441,2.6419,2.5773,3,"BT20,PC3,SKB",PRKDC,3.6266,2.5463500000000003,0.0,1.0,0.0,,,0.2161414429602732,-0.0,-0.3223505978765302,-0.9987902787222623,-0.07709312585630698,-0.4762310077262052,NU-7441,Preclinical,DNA dependent protein kinase inhibitor,PRKDC,,
429,C29H35NO2,2.5751,2.5751,1,ASC,AR|NR3C1|PGR,2.4449,2.4172000000000002,0.0,1.0,0.0,,,0.29028418822026764,-0.0,-0.43965970211044303,-0.8045622108646417,-0.07709312585630698,-0.4766171394858754,C29H35NO2,,,,,
430,VILAZODONE HYDROCHLORIDE,2.613,2.613,1,HT29,HTR1A|SLC6A4,3.0342,2.9002,0.0,1.0,0.0,,,0.2478806206930742,-0.0,-0.37310259057653156,-0.9156447309709055,-0.07709312585630698,-0.47666333975079883,VILAZODONE HYDROCHLORIDE,,,,,
431,CHEMBL2357005,2.5967,2.5967,1,A549,,2.7618,2.72565,0.0,1.0,0.0,,,0.2658301876761125,-0.0,-0.40172741690905844,-0.868623141713978,-0.07709312585630698,-0.47686927613998403,CHEMBL2357005,,,,,
432,Doramapimod,2.6299,2.54285,2,"A375,PC3",MAPK11|MAPK12|MAPK14,3.4715,2.68285,0.0,1.0,0.0,,,0.22363860002236388,-0.0,-0.34342408965507737,-0.9791503486726166,-0.07709312585630698,-0.4808757746005851,Doramapimod,Phase 2,p38 MAPK inhibitor,MAPK11|MAPK12|MAPK13|MAPK14,,
433,SAR245409,2.6237,2.6237,1,MDAMB231,,3.3372,3.3372,0.0,1.0,0.0,,,0.23056349718712532,-0.0,-0.3543120604073271,-0.9610095394577998,-0.07709312585630698,-0.4808775172122649,SAR245409,,,,,
434,SGI-1776,2.6185,2.6185,1,ASC.C,PIM1|PIM2|PIM3,3.2749,2.5429,0.0,1.0,0.0,,,0.23392360055205966,-0.0,-0.3634439068446973,-0.9522072435341119,-0.07709312585630698,-0.4828027516538436,SGI-1776,Phase 1,Pim kinase inhibitor,FLT3|PIM1|PIM2|PIM3,,
435,3-Methyladenine,2.6211,2.6211,1,A375,,3.3952,3.3952,0.0,1.0,0.0,,,0.22752093192573716,-0.0,-0.3588779836260118,-0.968979996580447,-0.07709312585630698,-0.4855516159584014,3-Methyladenine,Preclinical,PI3K inhibitor,PI3,,
436,BRD-K06816133,2.615,2.615,1,HT29,,3.3204,2.7941,0.0,1.0,0.0,,,0.23146004999537084,-0.0,-0.36959034194677326,-0.958660884588504,-0.07709312585630698,-0.4878120615211992,BRD-K06816133,,,,,
437,Ipatasertib,2.6661,2.6661,1,MCF7,AKT1|AKT2|AKT3,4.7888,2.8651,0.0,1.0,0.0,,,0.17274737423991154,-0.0,-0.2798523894564601,-1.1124675656163636,-0.07709312585630698,-0.4890850895844005,Ipatasertib,,,,,
438,TWS 119,2.6055,2.6055,1,MDAMB231,GSK3B,3.2019,2.5343999999999998,0.0,1.0,0.0,,,0.23798757704847806,-0.0,-0.3862735229381232,-0.9415610461219419,-0.07709312585630698,-0.4910237004769056,TWS 119,,,,,
439,Benzbromarone,2.5549,2.5549,1,PC3,,2.3975,2.3975,0.0,1.0,0.0,,,0.29433406916850624,-0.0,-0.4751334132709974,-0.7939529388600589,-0.07709312585630698,-0.49117121346477777,Benzbromarone,Launched,chloride channel blocker,ABCC1,rheumatology,gout
440,A-443654,2.6051,2.6051,1,SKBR3,,3.3091,2.5484999999999998,0.0,1.0,0.0,,,0.232067020955652,-0.0,-0.38697597266407474,-0.9570708329057979,-0.07709312585630698,-0.4960278613750381,A-443654,,,,,
441,CHEMBL2361748,2.6286,2.6286,1,PHH,,3.9247,3.9247,0.0,1.0,0.0,,,0.20305805429772372,-0.0,-0.34570705126442014,-1.0330641822855342,-0.07709312585630698,-0.4981914054891317,CHEMBL2361748,,,,,
442,ZM323881,2.6287,2.6287,1,HEPG2,KDR,3.9695,3.2474499999999997,0.0,1.0,0.0,,,0.20122748767481638,-0.0,-0.34553143883293264,-1.037859626762336,-0.07709312585630698,-0.49954223261642844,ZM323881,,,,,
443,Dactolisib,2.6247,2.6247,1,HA1E,MTOR|PIK3CA|PIK3CB|PIK3CD|PIK3CG|PIK3R1|PIK3R2|PIK3R3|PIK3R5,3.9008,2.8449,0.0,1.0,0.0,,,0.20404831864185438,-0.0,-0.3525559360924484,-1.0304700359593588,-0.07709312585630698,-0.5008376040052932,Dactolisib,,,,,
444,D-64131,2.5638,2.5638,1,MCF7,TUBB,2.7187,2.7187,0.0,1.0,0.0,,,0.268911178637696,-0.0,-0.4595039068685747,-0.8605520226927345,-0.07709312585630698,-0.503336185413369,D-64131,Preclinical,microtubule inhibitor,TUBB,,
445,BRD-K00144236,2.5532,2.5532,1,HELA,,2.5682,2.4975,0.0,1.0,0.0,,,0.28025334902752086,-0.0,-0.4781188246062916,-0.8308395021702948,-0.07709312585630698,-0.5037298881254956,BRD-K00144236,,,,,
446,4L7B,2.544,2.45355,2,"HT29,MCF7",KEAP1,2.4439,2.4061000000000003,0.0,1.0,0.0,,,0.29036847759807194,-0.0,-0.4942751683031776,-0.8043414021673856,-0.07709312585630698,-0.5038586299730659,4L7B,,,,,
447,Proglumide,2.5603,2.5603,1,HELA,CCKAR|CCKBR,2.6763,2.6763,0.0,1.0,0.0,,,0.2720126213856323,-0.0,-0.4656503419706514,-0.8524273271424102,-0.07709312585630698,-0.5039719942993102,Proglumide,Withdrawn,CCK receptor antagonist,CCKAR|CCKBR,,
448,Y-39983,2.5841,2.5841,1,HA1E,ROCK1|ROCK2,3.1688,2.6382,0.0,1.0,0.0,,,0.23987718288236423,-0.0,-0.42385458327653286,-0.9366109395560034,-0.07709312585630698,-0.5083291986763288,Y-39983,Phase 2,rho associated kinase inhibitor,ROCK1|ROCK2,,
449,NCGC00346967-01,2.5472,2.5472,1,NPC,EPHB3,2.5861,2.4832,0.0,1.0,0.0,,,0.27885446585427065,-0.0,-0.48865557049556485,-0.8345040869512623,-0.07709312585630698,-0.5100976365044225,NCGC00346967-01,,,,,
450,Pictilisib,2.6133,2.5764,2,MCF7,PIK3CA|PIK3CB|PIK3CD|PIK3CG|PIK3R1|PIK3R2|PIK3R3|PIK3R5,4.0995,2.801,0.0,1.0,0.0,,,0.19609765663300324,-0.0,-0.37257575328206755,-1.0512979903971529,-0.07709312585630698,-0.517095898931441,Pictilisib,,,,,
451,Ebselen,2.5395,2.5395,1,HA1E,,2.5925,2.5925,0.0,1.0,0.0,,,0.2783576896311761,-0.0,-0.502177727720133,-0.8358054669531885,-0.07709312585630698,-0.5172491291172844,Ebselen,Phase 2/Phase 3,cyclooxygenase inhibitor|glutathione peroxidase agonist|H+/K+-ATPase inhibitor|nitric oxide synthase inhibitor,ALB,,
452,Norgestrel,2.5192,2.5192,1,A549,,2.3745,2.3745,0.0,1.0,0.0,,,0.29634019854793303,-0.0,-0.5378270513121749,-0.7886975813483819,-0.07709312585630698,-0.5209414252318634,Norgestrel,Launched,progesterone receptor agonist,AR|ESR1|PGR|SRD5A1,endocrinology,contraceptive
453,Flurandrenolide,2.5487,2.5487,1,PHH,NR3C1,2.9899,2.576,0.0,1.0,0.0,,,0.2506328479410512,-0.0,-0.48602138402324635,-0.9084348579239184,-0.07709312585630698,-0.53095977456006,Flurandrenolide,,,,,
454,Eicosatrienoic acid (20:3 n-3),2.5415,2.5415,1,A549,,3.0018,3.0018,0.0,1.0,0.0,,,0.24988755060222903,-0.0,-0.4986654790903748,-0.9103872763512539,-0.07709312585630698,-0.5378675476218249,Eicosatrienoic acid (20:3 n-3),,,,,
455,BRD-K95545045,2.5009,2.5009,1,MCF7,,2.4118,2.4118,0.0,1.0,0.0,,,0.29310041620259103,-0.0,-0.5699641262744592,-0.7971846782721389,-0.07709312585630698,-0.5395560917901326,BRD-K95545045,,,,,
456,Momelotinib,2.5536,2.5536,1,PC3,JAK1|JAK2,3.3023,2.8212,0.0,1.0,0.0,,,0.2324338144713293,-0.0,-0.47741637488034017,-0.956109962147602,-0.07709312585630698,-0.540959801255712,Momelotinib,,,,,
457,CHEMBL2136735,2.5215,2.5215,1,YAPC,FGFR1|FGFR3|FLT1|FLT4|KDR|PDGFRA|PDGFRB,2.7816,2.5419,0.0,1.0,0.0,,,0.26443833298074887,-0.0,-0.5337879653879534,-0.8722693143404575,-0.07709312585630698,-0.5439934021673754,CHEMBL2136735,,,,,
458,Dichloroacetic acid,2.5116,2.5116,1,A375,,2.6312,2.6312,0.0,1.0,0.0,,,0.27539105529852387,-0.0,-0.5511735961052548,-0.8435770115925266,-0.07709312585630698,-0.5440785267016468,Dichloroacetic acid,,,,,
459,BRD-K24214483,2.5139,2.5139,1,VCAP,,2.7252,2.5757000000000003,0.0,1.0,0.0,,,0.26844196284763233,-0.0,-0.5471345101810333,-0.86178120399689,-0.07709312585630698,-0.547520241460845,BRD-K24214483,,,,,
460,Mibefradil,2.5823,2.5823,1,VCAP,CACNA1C|CACNA1G|CACNA1H|CACNA1I,4.3837,3.1508,0.0,1.0,0.0,,,0.18574586251091257,-0.0,-0.4270156070433146,-1.0784160713927107,-0.07709312585630698,-0.5524512501107318,Mibefradil,Withdrawn,T-type calcium channel blocker,ANO1|CACNA1C|CACNA1D|CACNA1F|CACNA1G|CACNA1H|CACNA1I|CACNA1S|CACNB1|CACNB2|CACNB3|CACNB4|CATSPER1|CATSPER2|CATSPER3|CATSPER4,,
461,BRD-K65148580,2.51,2.51,1,MCF7,,2.7526,2.7526,0.0,1.0,0.0,,,0.26648190587859083,-0.0,-0.5539833950090616,-0.8669158679030188,-0.07709312585630698,-0.5524850830466977,BRD-K65148580,,,,,
462,HEMICHOLINIUM-3,2.5023,2.5023,1,NKDBA,,2.6582,2.6582,0.0,1.0,0.0,,,0.2733584823137062,-0.0,-0.5675055522336291,-0.848901642104067,-0.07709312585630698,-0.553841893919296,HEMICHOLINIUM-3,,,,,
463,Balicatib,2.5111,2.5111,1,PC3,,2.8435,2.8048,0.0,1.0,0.0,,,0.2601795238714713,-0.0,-0.5520516582626946,-0.8834259050732225,-0.07709312585630698,-0.5564722258245753,Balicatib,Phase 2,cathepsin inhibitor,CTSK,,
464,AZD7545,2.5182,2.5182,1,U937,,2.992,2.9516,0.0,1.0,0.0,,,0.250501002004008,-0.0,-0.5395831756270536,-0.9087802481777724,-0.07709312585630698,-0.5578442874381199,AZD7545,Phase 1,pyruvate dehydrogenase kinase inhibitor,PDK1,,
465,Sumatriptan,2.5078,2.5078,1,HELA,HTR1A|HTR1B|HTR1D|HTR1F,2.8547,2.7287,0.0,1.0,0.0,,,0.2594235608477962,-0.0,-0.5578468685017949,-0.8854062638655135,-0.07709312585630698,-0.5599639385818128,Sumatriptan,Launched,serotonin receptor agonist,HTR1A|HTR1B|HTR1D|HTR1E|HTR1F|HTR5A|HTR6|HTR7,neurology/psychiatry,migraine headache
466,Benzohydroxamate,2.4778,2.4778,1,HEPG2,,2.4358,2.4358,0.0,1.0,0.0,,,0.29105302986204085,-0.0,-0.6105305979481631,-0.8025481145960663,-0.07709312585630698,-0.5614483585241627,Benzohydroxamate,,,,,
467,Aminopurvalanol,2.5173,2.5173,1,MCF7,CDK1|CDK2|CDK5,3.0904,3.0904,0.0,1.0,0.0,,,0.2444748679835713,-0.0,-0.5411636875104449,-0.924566612215631,-0.07709312585630698,-0.5633704525911731,Aminopurvalanol,,,,,
468,ETHYLENEDIAMINE TETRACETATE TETRA-ETHANOLAMINE,2.5376,2.4593499999999997,2,"HT29,MCF7",,3.5405,3.04,0.0,1.0,0.0,,,0.22024006166721727,-0.0,-0.505514363918403,-0.988053330831497,-0.07709312585630698,-0.564591806379912,ETHYLENEDIAMINE TETRACETATE TETRA-ETHANOLAMINE,,,,,
469,BRD-A43331270-001-01-6,2.6089,2.6089,1,WSUDLCL2,ADRA1A|CACNA1C,6.4425,2.8951000000000002,0.0,1.0,0.0,,,0.13436345314074571,-0.0,-0.38030270026753477,-1.213020017589207,-0.07709312585630698,-0.5694759805817908,BRD-A43331270-001-01-6,,,,,
470,NXY 059,2.5465,2.5465,1,HA1E,,3.9305,3.9305,0.0,1.0,0.0,,,0.20281918669506133,-0.0,-0.4898848575159803,-1.0336899318821564,-0.07709312585630698,-0.5704680334938984,NXY 059,,,,,
471,5-Methylfurmethide,2.4684,2.4684,1,NPC,,2.4761,2.4761,0.0,1.0,0.0,,,0.2876787204050516,-0.0,-0.6270381665080248,-0.8113876255136415,-0.07709312585630698,-0.5723539960793662,5-Methylfurmethide,,,,,
472,JSH-23,2.4851,2.4851,1,HT29,RELA,2.7399,2.7399,0.0,1.0,0.0,,,0.26738682852482687,-0.0,-0.5977108904495464,-0.8645452869847821,-0.07709312585630698,-0.5736376564914691,JSH-23,,,,,
473,AC1L1JM9,2.5158,2.5158,1,ASC,,3.3129,2.87,0.0,1.0,0.0,,,0.23186255187924598,-0.0,-0.5437978739827634,-0.9576064703914037,-0.07709312585630698,-0.5745995032800641,AC1L1JM9,,,,,
474,Gemifloxacin,2.4721,2.4721,1,YAPC,,2.597,2.4776499999999997,0.0,1.0,0.0,,,0.2780094523213789,-0.0,-0.6205405065429723,-0.8367177269403343,-0.07709312585630698,-0.5767041965248478,Gemifloxacin,Launched,bacterial DNA gyrase inhibitor,,pulmonary|infectious disease,bronchitis|pneumonia
475,Ponatinib,2.5307,2.5307,1,SKL.C,ABL1|BCR|FGFR1|FGFR2|FGFR3|FGFR4|FLT3|KIT|RET|TEK,3.7462,2.6361999999999997,0.0,1.0,0.0,,,0.21069487168682313,-0.0,-0.5176316216910675,-1.0130583910127016,-0.07709312585630698,-0.5781519533206055,Ponatinib,Launched,Bcr-Abl kinase inhibitor|FLT3 inhibitor|PDGFR tyrosine kinase receptor inhibitor,ABL1|BCR|FGFR1|FGFR2|FGFR3|FGFR4|FLT3|KDR|KIT|LCK|LYN|PDGFRA|RET|SRC|TEK,hematologic malignancy,chronic myeloid leukemia (CML)|acute lymphoblastic leukemia (ALL)
476,BRD-K42573370-001-01-1,2.4749,2.4749,1,MCF7,,2.7368,2.7368,0.0,1.0,0.0,,,0.26760864911153925,-0.0,-0.6156233584613119,-0.863964194609296,-0.07709312585630698,-0.5824195627847061,BRD-K42573370-001-01-1,,,,,
477,Thiabendazole,2.4639,2.4639,1,NPC,,2.6393,2.6393,0.0,1.0,0.0,,,0.27477811667078833,-0.0,-0.6349407259249795,-0.8451826964773107,-0.07709312585630698,-0.5864437970769443,Thiabendazole,,,,,
478,Resveratrol,2.4971,2.4971,1,A375,PTGS1|PTGS2|SIRT1,3.2972,2.59355,0.0,1.0,0.0,,,0.23270967141394397,-0.0,-0.5766373986709993,-0.9553873134139832,-0.07709312585630698,-0.590353518530956,Resveratrol,Launched,cytochrome P450 inhibitor|SIRT activator,CSNK2A1|NQO2|PTGS1|PTGS2,,
479,Thioridazine,2.567,2.5156,2,VCAP,DRD1|DRD2|DRD3|DRD4|HTR2A|HTR2C,5.5211,3.2432,0.0,1.0,0.0,,,0.15334836147275768,-0.0,-0.45388430906096194,-1.1632861960150231,-0.07709312585630698,-0.5913466385062492,Thioridazine,Withdrawn,dopamine receptor antagonist,DRD1|DRD2|DRD3|DRD4|DRD5|HRH1|HTR1A|HTR2A|HTR2C|HTR6|HTR7,,
480,CHEMBL2133926,2.4904,2.4904,1,A375,,3.3031,3.3031,0.0,1.0,0.0,,,0.23239060212405008,-0.0,-0.588403431580688,-0.956223163387861,-0.07709312585630698,-0.5964872899779636,CHEMBL2133926,,,,,
481,Cimetidine,2.4858,2.4858,1,NPC,HRH2,3.2111,3.0562500000000004,0.0,1.0,0.0,,,0.2374676450333642,-0.0,-0.5964816034291317,-0.9429230862023134,-0.07709312585630698,-0.5965363527465213,Cimetidine,Launched,histamine receptor antagonist,HRH2|SLC29A4|SLC47A1|SLC47A2,gastroenterology|hematologic malignancy|endocrinology,duodenal ulcer disease|peptic ulcer disease (PUD)|gastroesophageal reflux disease (GERD)|aggressive systemic mastocytosis (ASM)|Zollinger-Ellison syndrome|endocrine adenoma
482,Vanoxerine,2.5208,2.5208,1,PC3,SLC6A3,4.0665,3.8763,0.0,1.0,0.0,,,0.1973749136484753,-0.0,-0.535017252408369,-1.047952023621809,-0.07709312585630698,-0.5973128584619884,Vanoxerine,Phase 3,dopamine reuptake inhibitor,SLC6A3,,
483,LY2801653,2.4953,2.4953,1,MCF7,MET,3.4741,3.4741,0.0,1.0,0.0,,,0.22350863860888223,-0.0,-0.5797984224377818,-0.9794908021336811,-0.07709312585630698,-0.5991650770302566,LY2801653,Phase 2,MET inhibitor,MET,,
484,BRD-K05475237,2.4304,2.4304,1,VCAP,,2.3883,2.3883,0.0,1.0,0.0,,,0.2951332526635776,-0.0,-0.6937708904734238,-0.791859357545163,-0.07709312585630698,-0.5998618776715221,BRD-K05475237,,,,,
485,FTI276,2.4469,2.4469,1,RKO,FNTA,2.6742,2.6742,0.0,1.0,0.0,,,0.27216809101300965,-0.0,-0.6647948392779219,-0.8520200510801312,-0.07709312585630698,-0.6034220601342617,FTI276,,,,,
486,"2-(2-Bromo-4-methyl-phenylamino)-pyrido[3,2-e][1,3]thiazin-4-one",2.4486,2.4486,1,CD34,,2.7484,2.7484,0.0,1.0,0.0,,,0.26678049301035106,-0.0,-0.6618094279426276,-0.8661336740216677,-0.07709312585630698,-0.6061634413490755,"2-(2-Bromo-4-methyl-phenylamino)-pyrido[3,2-e][1,3]thiazin-4-one",,,,,
487,Clozapine,2.4722,2.4722,1,A549,ADRA1A|ADRA1B|CHRM1|CHRM2|CHRM3|CHRM4|DRD1|DRD2|DRD3|DRD4|HRH1|HRH4|HTR1A|HTR1B|HTR1D|HTR1E|HTR2A|HTR2C|HTR6|HTR7,3.1728,2.5786,0.0,1.0,0.0,,,0.23964723926380366,-0.0,-0.6203648941114849,-0.9372133114346356,-0.07709312585630698,-0.6067650656573944,Clozapine,Launched,dopamine receptor antagonist|serotonin receptor antagonist,ADRA1A|ADRA1B|ADRA1D|ADRA2A|ADRA2B|ADRA2C|CALY|CHRM1|CHRM2|CHRM3|CHRM4|CHRM5|DRD1|DRD2|DRD3|DRD4|DRD5|HRH1|HRH4|HTR1A|HTR1B|HTR1D|HTR1E|HTR1F|HTR2A|HTR2B|HTR2C|HTR3A|HTR5A|HTR6|HTR7,neurology/psychiatry,schizophrenia
488,Tubastatin A,2.4782,2.45005,2,"MCF7,PC3",HDAC6,3.3016,2.6862,0.0,1.0,0.0,,,0.23247163846010785,-0.0,-0.6098281482222109,-0.9560108765225233,-0.07709312585630698,-0.6071359622391237,Tubastatin A,,,,,
489,LY2228820,2.4608,2.4608,1,PC3,MAPK14,2.9747,2.7180999999999997,0.0,1.0,0.0,,,0.25159131506780386,-0.0,-0.6403847113011047,-0.9059240091890703,-0.07709312585630698,-0.6073881835785349,LY2228820,Phase 2,p38 MAPK inhibitor,MAPK14,,
490,CYTO7H11,2.5106,2.5106,1,SW480,BAX,4.1147,2.99465,0.0,1.0,0.0,,,0.19551488845875614,-0.0,-0.5529297204201336,-1.0528246392431864,-0.07709312585630698,-0.607730877154284,CYTO7H11,,,,,
491,"3,5-Bis(4-methylbenzylidene)piperidin-4-one",2.5079,2.5079,1,DV90,SENP2|USP1|USP2|USP7,4.0882,2.6712,0.0,1.0,0.0,,,0.1965331551432727,-0.0,-0.5576712560703073,-1.0501571365764872,-0.07709312585630698,-0.6093013941793612,"3,5-Bis(4-methylbenzylidene)piperidin-4-one",,,,,
492,PLX-4720,2.4827,2.4615,2,"MCF10A,PC3",BRAF,3.4873,2.76105,0.0,1.0,0.0,,,0.22285115771176434,-0.0,-0.6019255888052562,-0.9812131721896145,-0.07709312585630698,-0.6107453712307738,PLX-4720,,,,,
493,SMR001317659,2.4584,2.4584,1,VCAP,,3.141,3.05775,0.0,1.0,0.0,,,0.24148756339048538,-0.0,-0.6445994096568137,-0.9323923057097502,-0.07709312585630698,-0.6174360217125933,SMR001317659,,,,,
494,Saracatinib,2.4334,2.4319499999999996,2,"HT29,MCF10A",ABL1|SRC,2.7277,2.40875,0.0,1.0,0.0,,,0.26826193094937895,-0.0,-0.6885025175287875,-0.8622528246204301,-0.07709312585630698,-0.6183457313217842,Saracatinib,Phase 2/Phase 3,SRC inhibitor,ABL1|LCK|SRC|YES1,,
495,Lenalidomide,2.4785,2.4785,1,HA1E,CRBN|CUL4A|DDB1|RBX1|TNF,3.6701,3.6701,0.0,1.0,0.0,,,0.21412817712682813,-0.0,-0.6093013109277476,-1.0040643312481377,-0.07709312585630698,-0.6212885800095764,Lenalidomide,Launched,anticancer agent,TNF,hematologic malignancy,multiple myeloma|mantle cell lymphoma (MCL)|myelodysplastic diseases (MDS)
496,Enzastaurin,2.4991,2.4656000000000002,2,"A375,PHH",PRKCB,4.644,2.9145,0.0,1.0,0.0,,,0.1771793054571226,-0.0,-0.5731251500412418,-1.1008574554946222,-0.07709312585630698,-0.6322384368402689,Enzastaurin,Phase 3,PKC inhibitor,AKT1|GSK3B|PRKCA|PRKCB|PRKCD|PRKCG,,
497,TRAVOPROST,2.4119,2.4119,1,PC3,PTGFR,2.7121,2.7121,0.0,1.0,0.0,,,0.26938929446943777,-0.0,-0.7262591902986839,-0.8592995263913673,-0.07709312585630698,-0.6363380782380135,TRAVOPROST,Launched,prostanoid receptor agonist,PTGFR,ophthalmology,ocular hypertension|glaucoma
498,CP-724714,2.4597,2.4597,1,MCF10A,ERBB2,3.6505,3.2681,0.0,1.0,0.0,,,0.21503064186646598,-0.0,-0.642316448047471,-1.0017001891857575,-0.07709312585630698,-0.637086905950724,CP-724714,Phase 2,EGFR inhibitor|protein tyrosine kinase inhibitor,ERBB2,,
499,EVP-6124 (hydrochloride),2.3891,2.3891,1,A375,CHRFAM7A|CHRNA7,2.454,2.454,0.0,1.0,0.0,,,0.2895193977996526,-0.0,-0.7662988246779238,-0.8065656943503312,-0.07709312585630698,-0.6405377458153225,EVP-6124 (hydrochloride),,,,,
500,Nimodipine,2.4462,2.4462,1,T3M10,CACNA1C|CACNA1D|CACNA1F|CACNA1S|NR3C2,3.4485,2.89945,0.0,1.0,0.0,,,0.22479487467685735,-0.0,-0.6660241262983366,-0.9761213133803913,-0.07709312585630698,-0.641267082334547,Nimodipine,Launched,calcium channel blocker,CFTR|NR3C2,hematology,hemorrhage
501,CID 75037095,2.4126,2.4126,1,NPC,,2.8463,2.7386999999999997,0.0,1.0,0.0,,,0.25999012037542574,-0.0,-0.7250299032782692,-0.883922076006109,-0.07709312585630698,-0.6431101996122286,CID 75037095,,,,,
502,Ethacrynic acid,2.4405,2.4405,1,HT29,SLC12A1,3.3891,2.82555,0.0,1.0,0.0,,,0.22783714201089061,-0.0,-0.6760340348931466,-0.9681516367232408,-0.07709312585630698,-0.6438811336348069,Ethacrynic acid,,,,,
503,STK219801,2.4419,2.4419,1,MDST8,,3.4972,2.7097,0.0,1.0,0.0,,,0.22236057991639244,-0.0,-0.6735754608523163,-0.982498314478247,-0.07709312585630698,-0.6469558499408936,STK219801,,,,,
504,MFCD00671792,2.4385,2.4385,1,SKB,DRD1,3.5292,2.9215,0.0,1.0,0.0,,,0.22078954340722426,-0.0,-0.6795462835229049,-0.986613880804251,-0.07709312585630698,-0.6511759311739891,MFCD00671792,,,,,
505,Tyrphostin AG-1478,2.4341,2.4341,1,ASC.C,EGFR,3.4416,2.7126,0.0,1.0,0.0,,,0.22514409221902015,-0.0,-0.6872732305083721,-0.9752064855271951,-0.07709312585630698,-0.651617186083606,Tyrphostin AG-1478,,,,,
506,Meisoindigo,2.4434,2.4434,1,YAPC,,3.6788,3.19935,0.0,1.0,0.0,,,0.21373001624348123,-0.0,-0.6709412743799978,-1.0051073735417264,-0.07709312585630698,-0.6524214744237782,Meisoindigo,Phase 3,STAT inhibitor,STAT3,,
507,AC1N9M1C,2.4015,2.4015,1,MCF7,,2.8388,2.8388,0.0,1.0,0.0,,,0.26049807231426486,-0.0,-0.7445228831734251,-0.8825914195366285,-0.07709312585630698,-0.6524574926189624,AC1N9M1C,,,,,
508,Romidepsin,2.4155,2.4155,1,YAPC,,3.1563,2.63,0.0,1.0,0.0,,,0.24059860934003802,-0.0,-0.7199371427651197,-0.9347210544905936,-0.07709312585630698,-0.6558035129009993,Romidepsin,Launched,HDAC inhibitor,HDAC1|HDAC2|HDAC3|HDAC4|HDAC5|HDAC6|HDAC7|HDAC8|HDAC9,hematologic malignancy,cutaneous T-cell lymphoma (CTCL)
509,Gemcitabine,2.3745,2.3745,1,SKM1,POLA1|POLD1|POLE|RRM1|RRM2|RRM2B,2.5232,2.42315,0.0,1.0,0.0,,,0.2838328792007266,-0.0,-0.7919382396751564,-0.8214623847336284,-0.07709312585630698,-0.6578264604289281,Gemcitabine,Launched,ribonucleotide reductase inhibitor,CMPK1|RRM1|RRM2|TYMS,oncology,ovarian cancer|breast cancer|non-small cell lung cancer (NSCLC)|pancreatic cancer
510,"2-Phenylethyl 3-(3,4-dihydroxyphenyl)prop-2-enoate",2.4631,2.4631,1,NEU,ALOX5,4.5879,3.5768,0.0,1.0,0.0,,,0.17895810590740707,-0.0,-0.6363456253768833,-1.0961976202895527,-0.07709312585630698,-0.6624507239465689,"2-Phenylethyl 3-(3,4-dihydroxyphenyl)prop-2-enoate",,,,,
511,Nifekalant,2.3866,2.3866,1,MCF7,,2.8049,2.8049,0.0,1.0,0.0,,,0.26281899655707114,-0.0,-0.770689135465121,-0.876511409553947,-0.07709312585630698,-0.663716615770006,Nifekalant,Launched,potassium channel blocker,,cardiology,ventricular arrhythmias|ventricular tachycardia (VT)
512,CLONAZEPAM,2.4258,2.4258,1,MCF7,GABRA1|GABRA2|GABRA3|GABRA4|GABRA5|GABRA6|GABRB1|GABRB2|GABRB3|GABRD|GABRE|GABRG1|GABRG2|GABRG3|GABRP|GABRQ,3.7155,3.27445,0.0,1.0,0.0,,,0.21206658890891739,-0.0,-0.7018490623218667,-1.0094649715249266,-0.07709312585630698,-0.6691826477896727,CLONAZEPAM,,,,,
513,Glyburide,2.3747,2.3747,1,VCAP,ABCC8|CFTR|KCNJ11|KCNJ5|KCNJ8,2.7371,2.5564,0.0,1.0,0.0,,,0.2675871665194937,-0.0,-0.7915870148121807,-0.8640204714888604,-0.07709312585630698,-0.6704182740240099,Glyburide,Launched,ATP channel blocker|insulin secretagogue|sulfonylurea,ABCA1|ABCB11|ABCC8|ABCC9|CFTR|CPT1A|KCNJ1|KCNJ11|KCNJ5|KCNJ8|SLCO2B1,endocrinology,diabetes mellitus|hyperglycemia
514,Cobicistat (GS-9350),2.3631,2.3631,1,HA1E,CYP3A4|CYP3A43|CYP3A5|CYP3A7|CYP3A7-CYP3A51P,2.5709,2.5709,0.0,1.0,0.0,,,0.2800414461340278,-0.0,-0.8119580568647756,-0.831394613657363,-0.07709312585630698,-0.6708160377008581,Cobicistat (GS-9350),,,,,
515,CC-401,2.3869,2.3869,1,HUVEC,,2.9769,2.7393,0.0,1.0,0.0,,,0.25145213608589606,-0.0,-0.7701622981706577,-0.9062886094563999,-0.07709312585630698,-0.6723863570935102,CC-401,Phase 1,JNK inhibitor,MAPK8,,
516,Decitabine,2.3593,2.3593,1,NEU,DNMT1|DNMT3A,2.5652,2.5438,0.0,1.0,0.0,,,0.28048917311791766,-0.0,-0.8186313292613155,-0.8302217255116152,-0.07709312585630698,-0.6738008074554037,Decitabine,Launched,DNA methyltransferase inhibitor,DNMT1|DNMT3A,hematologic malignancy|hematology,myelodysplastic diseases (MDS)|anemia|chronic myeloid leukemia (CML)
517,Carfilzomib (PR-171),2.3731,2.3731,1,HT29,ADRM1|PSMA1|PSMA2|PSMA3|PSMA4|PSMA5|PSMA6|PSMA7|PSMA8|PSMB1|PSMB10|PSMB11|PSMB2|PSMB3|PSMB4|PSMB5|PSMB6|PSMB7|PSMB8|PSMB9|PSMC1|PSMC2|PSMC3|PSMC4|PSMC5|PSMC6|PSMD1|PSMD11|PSMD12|PSMD13|PSMD14|PSMD2|PSMD3|PSMD4|PSMD6|PSMD7|PSMD8|SEM1,2.8052,2.4849,0.0,1.0,0.0,,,0.26279827604330913,-0.0,-0.7943968137159867,-0.8765656900548766,-0.07709312585630698,-0.6755867390457178,Carfilzomib (PR-171),,,,,
518,CHEMBL2132289,2.3685,2.3685,1,SKL.C,RPS6KA3,2.7441,2.6042,0.0,1.0,0.0,,,0.26708688336315806,-0.0,-0.8024749855644296,-0.8653310384296453,-0.07709312585630698,-0.6762554294823697,CHEMBL2132289,,,,,
519,Selumetinib,2.3899,2.3899,1,LNCAP,MAP2K1|MAP2K2,3.1376,3.1376,0.0,1.0,0.0,,,0.2416860015467904,-0.0,-0.7648939252260208,-0.9318724671260398,-0.07709312585630698,-0.6774273279220837,Selumetinib,Phase 3,MEK inhibitor,MAP2K1,,
520,AM-580,2.4532,2.42155,2,"A549,PHH",RARA,4.8658,3.45015,0.0,1.0,0.0,,,0.17047972996010774,-0.0,-0.6537312560941847,-1.11840800072583,-0.07709312585630698,-0.6778066534361027,AM-580,Preclinical,retinoid receptor agonist,RARA,,
521,CHEMBL3188197,2.3508,2.3508,1,PC3,,2.516,2.516,0.0,1.0,0.0,,,0.2844141069397042,-0.0,-0.8335583859377867,-0.819939771289373,-0.07709312585630698,-0.6781797495269666,CHEMBL3188197,,,,,
522,Acifran,2.3683,2.3683,1,HELA,,2.8037,2.7383,0.0,1.0,0.0,,,0.2629019112968951,-0.0,-0.8028262104274054,-0.8762942019275439,-0.07709312585630698,-0.6797199909632272,Acifran,Phase 3,cholesterol inhibitor,HCAR2|HCAR3,,
523,Bupropion,2.4175,2.4175,1,HEPG2,SLC6A2|SLC6A3,3.9239,3.2323500000000003,0.0,1.0,0.0,,,0.2030910457157944,-0.0,-0.7164248941353623,-1.0329777563059557,-0.07709312585630698,-0.6835243991307292,Bupropion,Launched,dopamine reuptake inhibitor,SLC6A2|SLC6A3,neurology/psychiatry,depression
524,Infigratinib,2.3925,2.3925,1,MCF7,FGFR1|FGFR2|FGFR3|FGFR4,3.3388,2.7508,0.0,1.0,0.0,,,0.2304784733105928,-0.0,-0.7603280020073353,-0.9612322722848994,-0.07709312585630698,-0.6839523078603988,Infigratinib,,,,,
525,Quinoclamine,2.4112,2.4112,1,MCF7,,3.8106,3.0742000000000003,0.0,1.0,0.0,,,0.2078742776368852,-0.0,-0.7274884773190994,-1.020447361175717,-0.07709312585630698,-0.6852970721835261,Quinoclamine,,,,,
526,S18986,2.3522,2.349,2,"A375,HA1E",,2.6629,2.6629,0.0,1.0,0.0,,,0.27300772611864915,-0.0,-0.8310998118969566,-0.8498205006898413,-0.07709312585630698,-0.6859146813266921,S18986,Phase 2,glutamate receptor modulator,GRIA1|GRIA2|GRIA3|GRIA4,,
527,Foretinib,2.4111,2.4111,1,MDAMB231,FLT1|FLT3|FLT4|KDR|KIT|MET|PDGFRA|PDGFRB|TEK,3.8427,2.9917999999999996,0.0,1.0,0.0,,,0.2064963759886014,-0.0,-0.7276640897505877,-1.0240569816976643,-0.07709312585630698,-0.6864677645558546,Foretinib,Phase 2,VEGFR inhibitor,FLT1|FLT4|KDR|MET,,
528,BRD-K16257790,2.3386,2.3386,1,VCAP,,2.4887,2.4887,0.0,1.0,0.0,,,0.28663972253274855,-0.0,-0.8549831025793097,-0.8141094366434822,-0.07709312585630698,-0.6871430074539608,BRD-K16257790,,,,,
529,Colforsin,2.3896,2.3896,1,MCF7,ADCY2,3.3743,2.5444,0.0,1.0,0.0,,,0.22860800585236496,-0.0,-0.765420762520484,-0.96613224299853,-0.07709312585630698,-0.6879686793310623,Colforsin,Phase 2,adenylyl cyclase activator,ADCY2|ADCY5,,
530,Entinostat,2.3688,2.3688,1,HCC515,HDAC1|HDAC10|HDAC11|HDAC2|HDAC3|HDAC4|HDAC5|HDAC6|HDAC7|HDAC8|HDAC9,3.0154,2.4564,0.0,1.0,0.0,,,0.24904119141305975,-0.0,-0.8019481482699664,-0.9126044414892515,-0.07709312585630698,-0.6901740317530201,Entinostat,Phase 3,HDAC inhibitor,HDAC1|HDAC2|HDAC3|HDAC9,,
531,Genistein,2.3676,2.3676,1,VCAP,CFTR|ESR2,3.0551,2.6018,0.0,1.0,0.0,,,0.24660304308155165,-0.0,-0.8040554974478209,-0.9189915375958022,-0.07709312585630698,-0.6931438351739125,Genistein,Phase 2/Phase 3,tyrosine kinase inhibitor,CFTR|ESR1|ESR2|ESRRA|ESRRB|ESRRG|NCOA1|NCOA2|PPARG|PTK2B|TOP2A|TRPC5,,
532,AC1MFIS3,2.3618,2.3618,1,NPC,,2.9696,2.92245,0.0,1.0,0.0,,,0.2519145505844418,-0.0,-0.8142410184741183,-0.9050772451578845,-0.07709312585630698,-0.6940623079556858,AC1MFIS3,,,,,
533,LY-294002,2.3925,2.3691500000000003,2,"MCF7,NPC",MTOR|PIK3CA|PIK3CB|PIK3CD|PIK3CG|PLK1|PRKDC,3.621,2.7695,0.0,1.0,0.0,,,0.2164033758926639,-0.0,-0.7603280020073353,-0.9981041060267664,-0.07709312585630698,-0.6950138579829589,LY-294002,,,,,
534,Tizanidine,2.3884,2.3884,1,HA1E,ADRA2A|ADRA2B|ADRA2C,3.5941,2.4193,0.0,1.0,0.0,,,0.2176704904116149,-0.0,-0.7675281116983392,-0.9947847090458862,-0.07709312585630698,-0.6976180937341968,Tizanidine,Launched,adrenergic receptor agonist,ADRA2A|ADRA2B|ADRA2C|NISCH,neurology/psychiatry,spasms
535,Necrostatin,2.354,2.354,1,HA1E,RIPK1,2.932,2.56,0.0,1.0,0.0,,,0.254323499491353,-0.0,-0.8279387881301741,-0.8987666413339179,-0.07709312585630698,-0.6990180116365238,Necrostatin,,,,,
536,Amonafide,2.3334,2.3334,1,A375,TOP2A,2.6855,2.6855,0.0,1.0,0.0,,,0.271333604666938,-0.0,-0.8641149490166798,-0.8542061135206667,-0.07709312585630698,-0.7037379337358013,Amonafide,Phase 3,topoisomerase inhibitor,TOP2A|TOP2B,,
537,SCHEMBL1564574,2.3563,2.3563,1,HME1,CHEK1|CHEK2,3.0764,2.75435,0.0,1.0,0.0,,,0.2453144931802571,-0.0,-0.8238997022059525,-0.922367087783335,-0.07709312585630698,-0.704078602609238,SCHEMBL1564574,,,,,
538,SCHEMBL6874948,2.393,2.393,1,HS578T,LCK,4.2291,2.84915,0.0,1.0,0.0,,,0.19123749784857816,-0.0,-0.7594499398498963,-1.06402990701111,-0.07709312585630698,-0.7143525671995425,SCHEMBL6874948,,,,,
539,ZINC6718453,2.3429,2.3429,1,ASC.C,,3.0925,2.9001,0.0,1.0,0.0,,,0.24434941967012833,-0.0,-0.8474317680253299,-0.9248952429326429,-0.07709312585630698,-0.7166030820637193,ZINC6718453,,,,,
540,Bafilomycin A1,2.3382,2.3382,1,FIBRNPC,,3.0207,3.0207,0.0,1.0,0.0,,,0.24871291068719378,-0.0,-0.8556855523052612,-0.9134644222045089,-0.07709312585630698,-0.7173007279852446,Bafilomycin A1,,,,,
541,Risperidone,2.3407,2.3407,1,A375,ADRA1A|ADRA1B|DRD2|DRD3|DRD4|HRH1|HTR1A|HTR1D|HTR2A|HTR2C,3.0756,2.9452,0.0,1.0,0.0,,,0.2453626459907744,-0.0,-0.8512952415180639,-0.9222409442568728,-0.07709312585630698,-0.7177385292073551,Risperidone,Launched,dopamine receptor antagonist|serotonin receptor antagonist,ADRA1A|ADRA1B|ADRA1D|ADRA2A|ADRA2B|ADRA2C|DRD1|DRD2|DRD3|DRD4|HRH1|HTR1A|HTR1B|HTR1D|HTR1E|HTR1F|HTR2A|HTR2C|HTR6|HTR7,neurology/psychiatry,schizophrenia|bipolar disorder|irritability
542,AC1OCDAW,2.3515,2.3515,1,HCC515,TOP2A,3.2969,3.2969,0.0,1.0,0.0,,,0.23272591868556403,-0.0,-0.8323290989173713,-0.9553447512433533,-0.07709312585630698,-0.718186600002953,AC1OCDAW,,,,,
543,1166227-08-2,2.348,2.348,1,NPC,,3.2408,3.1371,0.0,1.0,0.0,,,0.23580456517638182,-0.0,-0.838475534019448,-0.9472797739157491,-0.07709312585630698,-0.71884032435571,1166227-08-2,,,,,
544,CHEMBL3182395,2.3664,2.3664,1,ASC,MAP2K5|MAPK7,3.6837,3.1052,0.0,1.0,0.0,,,0.21350641586779684,-0.0,-0.8061628466256754,-1.0056931283419988,-0.07709312585630698,-0.7202079869866986,CHEMBL3182395,,,,,
545,amcinonide,2.3857,2.3857,1,SKL,,4.2261,2.8286,0.0,1.0,0.0,,,0.1913472761715237,-0.0,-0.7722696473485122,-1.0637423261900387,-0.07709312585630698,-0.7206761467025291,amcinonide,Launched,glucocorticoid receptor agonist,NR3C1,dermatology,corticosteroid-responsive dermatoses
546,"376348-65-1, Uk-427857, uk427857",2.3454,2.3454,1,HELA,CCR5,3.235,2.93635,0.0,1.0,0.0,,,0.23612750885478162,-0.0,-0.8430414572381327,-0.946433774398703,-0.07709312585630698,-0.7208694861099386,"376348-65-1, Uk-427857, uk427857",,,,,
547,SPOX1_002925,2.375,2.375,1,PHH,,4.0056,3.77605,0.0,1.0,0.0,,,0.19977625059932874,-0.0,-0.7910601775177167,-1.0416613604611202,-0.07709312585630698,-0.7234471220684557,SPOX1_002925,,,,,
548,BRD-K63423329,2.375,2.375,1,PC3,,4.1207,3.26655,0.0,1.0,0.0,,,0.19528580076942603,-0.0,-0.7910601775177167,-1.0534247688865186,-0.07709312585630698,-0.7269761445960753,BRD-K63423329,,,,,
549,SA-1921902,2.3505,2.3505,1,MCF7,,3.5609,3.5609,0.0,1.0,0.0,,,0.21925497160648116,-0.0,-0.8340852232322508,-0.9906339223444169,-0.07709312585630698,-0.7296514134907118,SA-1921902,,,,,
550,WZ-7043,2.3524,2.3524,1,VCAP,CSF1R,3.6205,2.8567,0.0,1.0,0.0,,,0.21642679363705228,-0.0,-0.8307485870339808,-0.9980427597247081,-0.07709312585630698,-0.7302057466056642,WZ-7043,,,,,
551,Sarsasapogenin,2.345,2.345,1,PC3,,3.4654,3.4654,0.0,1.0,0.0,,,0.22394410355175348,-0.0,-0.8437439069640842,-0.9783500362478617,-0.07709312585630698,-0.7307955895276619,Sarsasapogenin,,,,,
552,Dexniguldipine,2.3629,2.3629,1,HT29,,4.0145,2.9922,0.0,1.0,0.0,,,0.1994216771363047,-0.0,-0.8123092817277521,-1.0425902189542235,-0.07709312585630698,-0.7343503317214044,Dexniguldipine,Phase 2,calmodulin antagonist,ADORA3,,
553,"13-Hydroxy-8,14,19-trimethoxy-4,10,12,16-tetramethyl-3,20,22-trioxo-2-azabicyclo[16.3.1]docosa-1(21),4,6,10,18-pentaen-9-yl carbamate",2.3526,2.3526,1,PC3,HSP90AA1,3.8207,2.685,0.0,1.0,0.0,,,0.20743875370796772,-0.0,-0.830397362171005,-1.0215882815843527,-0.07709312585630698,-0.7370937907320696,"13-Hydroxy-8,14,19-trimethoxy-4,10,12,16-tetramethyl-3,20,22-trioxo-2-azabicyclo[16.3.1]docosa-1(21),4,6,10,18-pentaen-9-yl carbamate",,,,,
554,Vandetanib,2.3431,2.3431,1,MCF7,EGFR|EPHA1|EPHA10|EPHA2|EPHA3|EPHA4|EPHA5|EPHA6|EPHA7|EPHA8|EPHB1|EPHB2|EPHB3|EPHB4|EPHB6|ERBB2|ERBB3|ERBB4|FLT1|FLT4|KDR|PTK6|RET|SRC|TEK,3.6641,3.228,0.0,1.0,0.0,,,0.21440363628567144,-0.0,-0.8470805431623543,-1.0033427245689108,-0.07709312585630698,-0.7399617141231117,Vandetanib,Launched,EGFR inhibitor|RET tyrosine kinase inhibitor|VEGFR inhibitor,EGFR|EPHA1|EPHA10|EPHA2|EPHA3|EPHA4|EPHA5|EPHA6|EPHA7|EPHA8|EPHB1|EPHB2|EPHB3|EPHB4|EPHB6|ERBB2|ERBB3|ERBB4|FLT1|FLT4|KDR|PTK6|RET|SRC|TEK|VEGFA,oncology,medullary thyroid cancer (MTC)
555,Siramesine (hydrochloride),2.3366,2.3366,1,HT29,,3.5181,3.0372,0.0,1.0,0.0,,,0.22133197583054823,-0.0,-0.858495351209068,-0.9851928975218531,-0.07709312585630698,-0.7402241700323513,Siramesine (hydrochloride),,,,,
556,Orphenadrine,2.3321,2.3321,1,YAPC,GRIN1|GRIN2A|GRIN2B|GRIN2C|GRIN2D|GRIN3A|GRIN3B|HRH1|SCN10A|SCN11A|SCN1A|SCN2A|SCN3A|SCN4A|SCN5A|SCN7A|SCN8A|SCN9A|SLC6A2,3.4783,3.0408999999999997,0.0,1.0,0.0,,,0.22329901971730345,-0.0,-0.8663979106260227,-0.9800399303343571,-0.07709312585630698,-0.7426295595845798,Orphenadrine,Launched,acetylcholine receptor antagonist,,neurology/psychiatry,muscle pain
557,PCL2_000057,2.4025,2.4025,1,NPC,,6.2098,4.4191,0.0,1.0,0.0,,,0.13870010263807594,-0.0,-0.7427667588585464,-1.2016595122573837,-0.07709312585630698,-0.7472998582777497,PCL2_000057,,,,,
558,DG-041,2.3405,2.3405,1,VCAP,PTGER3,3.9645,3.7058,0.0,1.0,0.0,,,0.20143015409406786,-0.0,-0.8516464663810397,-1.0373287116081586,-0.07709312585630698,-0.7524404718442288,DG-041,,,,,
559,PDK1 Inhibitor,2.3395,2.3395,1,A549,PDPK1,4.772,2.4965,0.0,1.0,0.0,,,0.17325017325017325,-0.0,-0.8534025906959184,-1.111150408017985,-0.07709312585630698,-0.775465042924616,PDK1 Inhibitor,,,,,
