"gene","log2FC"
"LINC01695",6.2591426618852
"CTD-2561F5.1",5.80347798347942
"EMCN-IT1",5.67369169503058
"RP11-399J13.3",5.56557492531567
"RP11-65G9.1",5.53553154041863
"TBC1D3C",5.49243888494669
"RP11-281H11.1",5.21564943509279
"RP1-313I6.12",5.0335123173492
"CTC-250I14.6",5.01397984315714
"XXbac-BPG300A18.13",4.9893133186952
"AF146191.4",4.94352873606823
"HNRNPU-AS1",4.94137315628837
"RP11-6J24.6",4.92878746747072
"IGHV1-24",4.87512576337135
"KRTAP21-2",4.80042096173771
"LINC00222",4.71936858980798
"RP11-280O1.2",4.64874638983023
"KB-67B5.17",4.64661558034676
"AF196779.12",4.64214763571435
"RP11-48F14.1",4.61309135823613
"RP11-299J3.8",4.60419529753821
"SEL1L2",4.57070230873555
"RP11-400K9.4",4.56003859362744
"RP11-260A9.6",4.51775872269064
"LINC01629",4.50809736941308
"ZNF705E",4.49216957666812
"RP11-770E5.1",4.49003594578047
"TNFSF12-TNFSF13",4.48819888563101
"RP11-229C3.2",4.48802379393371
"CTD-2207P18.2",4.46089776628306
"RP11-186N15.3",4.45945450304266
"CTC-523E23.11",4.44675248689855
"RP11-511I2.2",4.44326302225026
"PSMD7-DT",4.44136566974136
"AC027601.1",4.42564507838863
"IGHV1OR15-1",4.36500641675704
"RP5-894D12.3",4.34275252059605
"RP11-686D22.8",4.32841461570054
"CTD-2410N18.4",4.32673851972033
"LOC105373174",4.31174762327331
"TBC1D3I",4.27871132834
"CTD-3049M7.1",4.26754439863249
"IGHV1OR15-3",4.26501458996224
"OR13A1",4.23870738408443
"AC097468.7",4.21201594141866
"RP11-195C7.1",4.18729534432237
"RP11-655M14.13",4.17034785117252
"RP11-137H2.4",4.16093730632988
"KB-1460A1.2",4.14130842516001
"LINC02449",4.13924426983631
"TGIF2-C20orf24",4.1230309155524
"RP11-84C10.2",4.09557510331463
"HBBP1",4.09296489132976
"C14orf164",4.07429981288492
"AC004951.5",4.07051238820262
"AC026150.8",4.06274190860622
"RP11-152F13.7",4.04744781006717
"RP11-316M21.6",4.03669930315292
"AP001372.2",4.03405578140021
"KIF9-AS1",4.02580694635011
"CTGLF11P",4.01269356835648
"RP11-727A23.5",3.984020612719
"AC092159.2",3.97311570461081
"IGKV1-37",3.93992265056637
"AC142528.1",3.93973473485244
"RP13-614K11.1",3.93964640454842
"AC133528.2",3.93701092414791
"RP11-38L15.3",3.92807664694404
"MSH5-SAPCD1",3.89864561975911
"RP11-180P8.3",3.88266187189092
"RPL32P24",3.8552395416939
"RP11-391M7.3",3.84820789022283
"AC005077.12",3.83954708677211
"AC007743.1",3.83645856247943
"HSP90AA5P",3.82958055988965
"OR6B2",3.81792367517388
"LINC00616",3.81505386614936
"Z73979.1",3.81501653540257
"AC009365.3",3.7938718080673
"IGFL2-AS1",3.77878522096272
"CTD-2509G16.2",3.77119159502403
"RPL12P10",3.76812952835591
"RP11-15B17.1",3.76595303005845
"AP003774.6",3.75061795806733
"CTD-2192J16.26",3.73046745603141
"AC093391.2",3.71727727073375
"AC027612.6",3.71575049810632
"MCCD1",3.70390168941598
"AC104389.16",3.69822911323972
"NANOGP8",3.69466910875202
"RP11-423O2.5",3.69277577660929
"PPP1R26P1",3.68500189037379
"ALG1L6P",3.6838865930743
"LOC283731",3.66387489913271
"FMO6P",3.66213987606559
"RP11-488I20.3",3.65978741827696
"RP11-282O18.3",3.6536301612053
"FAM138F",3.64585979991744
"RP11-3N2.13",3.6448783501658
"CTD-2044J15.1",3.63861421925278
"RP11-672A2.6",3.61716394223203
"KRTAP4-7",3.61672710668167
"RP5-1142A6.2",3.61030848580171
"RP11-293M10.6",3.6097766915201
"AC002511.3",3.60525486396889
"RP11-310H4.2",3.60265071498347
"RP11-809C9.2",3.60176126470275
"C12orf71",3.59507476088926
"RP1-191J18.65",3.58376908806748
"RP11-174O3.3",3.58319158662336
"RP11-498P14.5",3.57724847007044
"RP11-159D12.2",3.57126271165049
"AC022182.3",3.56233366963187
"TRBV20OR9-2",3.56232812638016
"RP6-1O2.1",3.56070169498256
"AC104809.4",3.56069541500285
"KRT8P33",3.55887742494386
"RP13-631K18.2",3.54060400864961
"RP11-80K21.3",3.5397520026457
"RP11-404F10.2",3.53346355216154
"CTD-2267D19.2",3.53171532203649
"AC022400.2",3.5250750537127
"RP1-290I10.7",3.49995201910041
"RP11-554A11.6",3.48823886847244
"RP11-145A3.1",3.48357483801307
"AC005355.2",3.47831046554107
"GUCA1A|LOC118142757",3.45821508073402
"KRTAP2-2",3.45095990980001
"RP5-1000K24.2",3.44141688847328
"CTD-2521M24.9",3.44004787511438
"FAM66D",3.42623151767358
"AC004878.3",3.39662266042682
"RP11-234K19.1",3.39344542300898
"UPF3AP2",3.38953298288599
"RAB4B-EGLN2",3.38505286683061
"AC011899.9",3.37967899995537
"AC015849.2",3.37753168728327
"C17orf66",3.37540133158888
"RP11-416O18.1",3.36335371838606
"CTD-2540B15.12",3.35985511108079
"GEMIN8P4",3.35569761338714
"TMEM269",3.35059474958221
"AP000344.3",3.32359731377627
"RP11-707G14.7",3.31974624267901
"PKP4-AS1",3.31134497935663
"RP11-580I16.2",3.3103792014887
"CPSF1P1",3.30537227431455
"CSAG1",3.30125626505771
"RP11-902B17.1",3.29415371372614
"RP11-218F4.1",3.28674981855205
"RP11-440L14.1",3.28566058466928
"RP11-327F22.2",3.27996570122756
"RP11-142A12.1",3.27905106266727
"ABCC6P2",3.2638152825298
"AC016831.6",3.26161612632035
"DNAJB5-DT",3.25973625687582
"RP11-219B17.1",3.25606642975589
"LOC100505664",3.25501560709769
"RP11-584P21.2",3.24863465860156
"LINC03022",3.24054467292848
"A2MP1",3.23813859534504
"ABCD1P4",3.23176629663639
"RP11-115J23.1",3.23109022227031
"AP001057.1",3.22982547594117
"NPM1P46",3.22867410136821
"RP5-1091N2.9",3.22057583887457
"RP11-21J18.1",3.21682094171463
"NAA60_2",3.20957593646356
"RP11-977G19.10",3.20547248911252
"AC006552.1",3.2052944050092
"CTD-2342J14.6",3.20465761884221
"HLA-DQB3",3.20346221727028
"RP11-467N20.1",3.18727838494861
"CTD-2576D5.3",3.18548024905272
"AL590762.6",3.16761309094939
"AP002954.4",3.16505179833671
"FAM134A",3.1640765994891
"CTD-3179P9.2",3.15696729551303
"RRS1-DT",3.15662927956067
"CTC-246B18.8",3.14915824532641
"CTD-2410N18.5",3.14633032128985
"RP11-495K9.7",3.14169979009124
"RP5-1120P11.3",3.14025410225256
"RP4-617C6.1",3.13955973811837
"PSMC1P5",3.13759713950263
"PRKG1-AS1",3.13147941228658
"RP11-44K6.3",3.12869065728378
"ANKRD18CP",3.12673834282493
"AC115618.1",3.12402025282361
"AC005682.6",3.11202503147322
"AC073128.10",3.10960911743527
"RP11-419C23.1",3.10912045291749
"RP11-138I1.4",3.09848104974312
"POTEH",3.09731045438768
"RP11-1186N24.5",3.09002980226794
"RP11-206L10.2",3.08933578249711
"RP5-940J5.9",3.08438455340403
"AC007228.11",3.08253055480053
"AC012146.7",3.07856332158172
"RP11-112J1.2",3.07568232833049
"AC007879.2",3.07391525891989
"HMGA1P4",3.07325778025411
"TEX21P",3.06721078363983
"RP3-473L9.4",3.06456362334037
"RP11-320M2.1",3.06257169071952
"CCT8L1P",3.05782910100447
"RP11-660L16.2",3.05119983647358
"RP3-413H6.2",3.04766839295398
"RP11-342M1.6",3.03696541071586
"CTD-3064M3.1",3.02750881340314
"RPL4P5",3.0274378957876
"FAM138D",3.02738787395281
"RP11-313J2.1",3.02518486042737
"RP11-307E17.8",3.02357231906019
"LINC01443",3.01232973945745
"AP001877.1",3.00685102055425
"CTD-2012J19.3",3.00622196366586
"FAM90A24P",3.00621392963751
"CTD-2126E3.1",3.00378507975638
"RP13-52K8.1",3.00363082193283
"GS1-393G12.12",3.00092486984824
"SVILP1",2.99423014149146
"MSTO2P",2.99040236509775
"RP11-421L10.1",2.98946395257097
"FAM26E",2.9808350034447
"RP11-98J23.2",2.97716199741118
"KRT17P2",2.97709746770135
"LRRC37A7P",2.97581047227125
"RP11-182I10.3",2.96971511339933
"CTD-2278I10.6",2.96455326507493
"HM13-AS1",2.95919341030741
"STK4-AS1",2.95639795510464
"RP11-503N18.3",2.95015841261062
"CTD-2143L24.1",2.94936948382471
"RP11-94I2.1",2.94495315397095
"SLC35E2",2.94445270252543
"RP11-334C17.5",2.94277572228707
"EIF4E1B",2.94219583082407
"DDC8",2.93835101823178
"LINC00691",2.93676005131998
"RP11-345J4.5",2.93640119397028
"SUGT1P",2.9357178508169
"RP11-156E8.1",2.9254874651288
"POT1-AS1",2.92435337278585
"HSP90B3P",2.92273115097389
"RP11-509J21.3",2.91798734970979
"AC138783.12",2.91755872266832
"AC037459.4",2.91660903472019
"ZG16B",2.91291385992832
"RP11-798M19.6",2.91235899666353
"FTH1P22",2.91028328868392
"POM121L7",2.90931352317501
"FAM185BP",2.90505374691419
"PRMT5-DT",2.90361432121664
"AP001471.1",2.90305049781128
"PRKRIRP1",2.90061764337051
"KRTAP1-5",2.89861210456503
"HIST2H4B",2.89357656202859
"RP11-147G16.1",2.88706746828233
"RP11-143J12.2",2.88569170616561
"RP4-799D16.1",2.88411965827225
"KLK9",2.88326151532915
"NPM1P21",2.88030777197321
"DGUOK-AS1",2.87699055308724
"RP11-445F6.2",2.86372164146346
"ADAMTS7P1",2.8633111515365
"RP11-446N19.1",2.86211197068232
"USP46-AS1",2.860261367414
"RP11-67M1.1",2.85406797258681
"RP11-776H12.1",2.8506694438564
"AKR1C5P",2.85014384601244
"CTC-436K13.6",2.84974024780457
"TMEM99",2.84950181715569
"AC131056.3",2.84279619375877
"LINC02236",2.84227279664799
"BSX",2.83872981221282
"RP1-102D24.5",2.83857209362359
"PPP1R2P4",2.83849096712665
"HCG23",2.82592148709641
"RP11-108O10.2",2.82523312921955
"TSPY13P",2.82388776420263
"AACSP1",2.82318581456241
"MANSC4",2.82239022010538
"RP11-38J22.6",2.80729128307227
"LINC01271",2.80451042163328
"RP11-248G5.8",2.79750478744617
"AC069277.2",2.79651331414457
"RP1-240B8.3",2.78224630579925
"RP4-756H11.3",2.77618185441551
"KRTAP5-3",2.77528784815386
"RP11-536O18.1",2.77190690801315
"RP11-50C13.1",2.77173426060664
"AC005037.3",2.76979869567527
"SLC7A11-AS1",2.76911911500744
"LINC00469",2.76479249078229
"XAGE1B",2.76413123125561
"RP13-104F24.1",2.76348567947231
"AC074212.3",2.75865563918513
"AC118138.2",2.75766131143317
"RP11-707G14.1",2.75363196519943
"AC005019.2",2.73665026637393
"RP1-257A7.4",2.7358662828132
"DNM3OS",2.72417141225451
"AC025627.9",2.72241816644059
"AC004538.3",2.72161791446776
"LINC01019",2.71876887485021
"OR4A40P",2.71608668568245
"RP11-57H12.3",2.71141573432451
"AC005614.5",2.70929244303035
"RP11-460N20.5",2.70572946471307
"OTX2-AS1",2.69961262036662
"AC011747.7",2.68660433136282
"PPY2",2.68611408022736
"TPM3P4",2.68558929556286
"AC007038.7",2.68220930149342
"RP3-323P24.3",2.68097296157115
"AL136419.6",2.68052953954653
"RP11-398G24.2",2.68011404177553
"FTOP1",2.67314784918483
"AC025278.1",2.67203647189217
"ZNF582-AS1",2.66698179020554
"RP11-262H14.3",2.66395857158806
"SEPT7P9",2.66138977289623
"RP4-633O19__A.1",2.66011289415573
"RP1-152L7.5",2.65866973889073
"C12orf79",2.65574120495538
"ARMS2",2.65272350378213
"SMURF2P1",2.6489087653903
"DLG1-AS1",2.64810363001495
"RP11-397E7.1",2.64586582043383
"RP11-94A24.1",2.64512219313163
"GPR98",2.64043676426916
"RP11-23D24.2",2.63563460199205
"TRBV25-1",2.63096018227175
"AC084219.4",2.63007228597001
"RP11-472B18.1",2.62633245066454
"B3GALT1-AS1",2.62629143805461
"AC019118.2",2.62155047943171
"YBX1P6",2.62125206414486
"RP11-304L19.5",2.62094814624924
"RP11-265N6.1",2.62006344427517
"RP11-317J10.2",2.6165958039066
"RP11-152L20.3",2.61640557879882
"ST13P5",2.61438571563464
"RP11-512M8.5",2.61243113000857
"RP1-102H19.8",2.61068650951327
"C16orf93",2.60676663191628
"RP3-477O4.14",2.60170292743729
"RP11-60H5.1",2.60161823493883
"RP11-466P24.6",2.60122863794956
"CTD-2354A18.1",2.60016417616993
"AC147651.4",2.59939686513238
"RP11-262A12.1",2.5978479318296
"RP11-700H6.1",2.59701543568787
"IGHV1OR21-1",2.59645603725166
"RN7SK",2.59544647865339
"RP11-439L18.3",2.58464529585468
"SFPQP1",2.58435868015783
"AC099850.1",2.57623840277199
"AC012379.1",2.5717981671276
"ALOX12P1",2.56762318491422
"FDX1L",2.56152246730366
"PCDP1",2.55717190558574
"RP11-267J23.4",2.55633700947099
"RP11-51L5.3",2.55598378303841
"RP11-289K10.1",2.55496271695854
"HLA-DPB2",2.55364749055755
"LRRC10",2.5528539991313
"AC091969.1",2.55193398638516
"AC144450.1",2.55160228557289
"RP4-639F20.1",2.55131616894716
"AC018890.6",2.54866624215122
"RP11-205M3.3",2.54756740070598
"ATP6C",2.54094111187696
"AC003090.1",2.53997508122615
"RP11-70P17.1",2.53956603393667
"CCDC144CP",2.53495055424249
"AP000350.4",2.5321255604892
"LOC389602",2.52366624817497
"GATSL3",2.52137115068736
"HNRNPCL1",2.51768960270106
"LOC107985770",2.51596617316486
"RP11-717H13.1",2.51247636289399
"TMEM44-AS1",2.51208109569938
"RPL23AP53",2.51202018327008
"DCLRE1CP1",2.51121645219981
"LINC02997",2.51052709460092
"RP11-589F5.4",2.50701000461506
"SACS-AS1",2.50592501554005
"FAM127A",2.50090806908833
"AL590560.1",2.49971061318074
"RP3-399L15.3",2.49830448633539
"RP11-499P20.2",2.49676978228648
"LINC00478",2.49064167486417
"LINC03006",2.49010146124607
"RP11-498C9.2",2.48713554047281
"RP11-367N14.2",2.48618603419782
"RP11-366M4.3",2.48395550091087
"AC093159.1",2.48260748341904
"CTD-3105H18.14",2.48194348076645
"UBE2Q2P3",2.48023566027561
"THEGL",2.47799130008854
"Z95704.5",2.47756100511056
"RP5-1198O20.4",2.47566150045267
"GGTLC3",2.47091694729093
"RP11-493L12.3",2.46765796273172
"RP11-267N12.3",2.46652849848389
"RP11-162P23.2",2.46405745158902
"RP11-302J23.1",2.45899299855518
"RD3L",2.45720439857688
"RP11-486O12.2",2.45596923482385
"RP4-583P15.15",2.4540459061373
"FAM170B-AS1",2.45368669646388
"RP11-513G11.4",2.45360047761088
"LINC01004",2.45304051419786
"C6ORF50",2.45083298601205
"RP11-163O19.3",2.44693633780826
"HIST3H2BA",2.44319487548793
"PHKA2-AS1",2.44260167707577
"RP11-347H15.6",2.44158531619523
"RP11-456K23.1",2.43747514872098
"RPS4XP9",2.43622955053637
"RP11-649A18.12",2.43340132093647
"RP11-87H9.2",2.42926106276766
"AC006538.4",2.42899193332514
"AC003002.6",2.42679847077281
"NBPF2P",2.42650423045522
"GUSBP5",2.41576528951479
"RP5-1160K1.3",2.41203000390852
"TDRD15",2.41166882539055
"CTD-3187F8.12",2.41014798348254
"RP11-517H2.6",2.40489219475728
"RP6-206I17.1",2.39655206995367
"RP11-483P21.2",2.39622177670024
"RP11-536O18.2",2.39387801268339
"RBAK-RBAKDN",2.39079626615586
"AC026740.1",2.39076602569721
"RP11-460N11.2",2.39060853676939
"C2orf53",2.39035733217151
"SERBP1P1",2.38985457590343
"C7orf55",2.38328682287303
"RP11-532F12.5",2.38174336849972
"CNTNAP3C",2.37735016284477
"CTB-41I6.2",2.37477178018736
"RPS7P10",2.37457625046416
"CTD-2619J13.8",2.37359780564995
"AC107982.4",2.3703069681052
"RP11-761I4.3",2.36982933733721
"RP11-2C24.4",2.36704527383456
"GUSBP4",2.36173271446803
"GS1-421I3.2",2.36168992582217
"AIDAP2",2.35851985364133
"HIST1H3F",2.35434322647157
"RNF32-AS1",2.35381601093101
"RP13-582O9.5",2.35297954290356
"LPPR1",2.35270395362184
"TP53TG3D",2.35080103205851
"AC005754.7",2.34738266034989
"C9orf173",2.3470643097265
"RP11-97O12.7",2.34690889422576
"AP000253.1",2.34588945548478
"IGKV1D-8",2.34498693484735
"5S_rRNA_4",2.34472731580691
"MTRNR2L11",2.34100713257044
"AP000347.2",2.3397313874772
"NLRP7",2.33865970129487
"AP000295.9",2.33811288652303
"SPEM2",2.33799581074678
"CTD-2555K7.4",2.33264355059035
"AC013271.3",2.33167604771477
"RP11-89K11.1",2.32909266419674
"AP001056.1",2.32901924965334
"CTC-301O7.4",2.32624764696534
"NSFP1",2.32575415579792
"DEFA9P",2.32440050200881
"RP11-305E17.6",2.32237424051663
"RP11-118B18.1",2.31238310870197
"CTB-131B5.5",2.30982526718424
"RP11-566K19.6",2.30665317087708
"RP11-863K10.7",2.30568507620748
"CTC-432M15.3",2.30456359078472
"KIAA1324L",2.30266904862704
"ERCC6-PGBD3",2.30237608574916
"RP11-888D10.3",2.29873558497418
"CTD-2319I12.1",2.29868880939605
"CTD-2184C24.2",2.29834930830009
"STK24-AS1",2.29779294597599
"RP11-696N14.1",2.29539486189993
"RP11-624L4.1",2.29521615723847
"AC068831.10",2.2951496841892
"RP11-340I6.8",2.29391856579365
"AL158091.1",2.29183635043566
"CTA-215D11.4",2.28608262576292
"AC108488.4",2.28218207260427
"PNLIPRP3",2.28118588494882
"RASA4DP",2.2803156104153
"FAM150A",2.27562371003384
"ALS2CR11",2.27550021859388
"AC068138.1",2.27355068629656
"AC005487.2",2.27084658604665
"AKR1C7P",2.27003875443793
"RP11-846F4.12",2.26909239085756
"LOC100533708",2.2690103945738
"CTB-131K11.1",2.26813806044991
"LINC00441",2.26637371207039
"RP1-90L6.2",2.26632006803034
"C2orf44",2.2562482511119
"C10orf10",2.25516215902803
"AL359878.1",2.25204032576944
"RP11-265P11.1",2.25074069072619
"TRBV7-5",2.24990710291955
"RTL1",2.24686817279685
"CASP12",2.24563352331611
"RP11-439A17.7",2.24553897141571
"RP11-248J23.7",2.2431953462804
"AC011330.5",2.24244702837096
"RP11-360F5.3",2.23993542229889
"RP11-370K11.1",2.23728053801862
"CTC-398G3.6",2.23577245474407
"MORF4L2-AS1",2.23391179873952
"AC113189.5",2.23159500284339
"MAMDC2-AS1",2.23144986150002
"FAM132A",2.22923680244581
"RP11-770J1.4",2.2281845291642
"AP1B1P1",2.22528608854651
"FOXD4L5",2.22429259091507
"DYX1C1-CCPG1",2.2228059767013
"UNC93B2",2.22191001335679
"PODNL1",2.22170787612491
"LINC00338",2.21842060242702
"PMS2P2",2.21694227211668
"RP11-529K1.3",2.21642295522917
"PCDHA2",2.21395807372897
"LOC105376306",2.21383831019355
"C10orf35",2.21370395851617
"ALMS1P",2.21087002302974
"NTMT2",2.20877740634317
"RP11-15A1.3",2.20718522442269
"PARK7P1",2.20156173043384
"RP11-395L14.13",2.20124936071147
"DPCR1",2.19702656874714
"RP11-752G15.9",2.19565259605275
"CTC-454I21.3",2.195311321944
"AC008697.1",2.1948331221408
"RP11-815J21.2",2.1928578026271
"RP1-212P9.3",2.19099743854488
"CTD-2358C21.3",2.18937939886828
"RP5-827C21.4",2.18832749030765
"RP4-559A3.7",2.18795074796475
"LOC101929460",2.18747073299999
"RP4-798P15.3",2.18723734563334
"RP11-83A24.2",2.18363076019224
"AC004381.6",2.17926547131482
"NPIPA7_2",2.17759609126334
"SCARNA13",2.17731582563114
"TCP1P1",2.17687917491805
"LOC100653515",2.16810142340879
"OR12D3",2.16784670950133
"AL163953.3",2.16632222430024
"BSN-AS2",2.1652289864477
"RNASEH1-AS1",2.16365766975004
"AC010441.1",2.16223744274066
"RP11-592B15.4",2.16031060793084
"FKBP9L",2.15775601448729
"LY6G6F",2.15606340153523
"CCL4L1",2.15574427159257
"LOC105379252",2.15464975894603
"RP11-776A13.1",2.15380637994988
"RP1-317E23.6",2.15377986349638
"SCARNA12",2.14917327804618
"FOXD3-AS1",2.14520999311723
"RP11-375B1.3",2.1439958347423
"RP11-1415C14.4",2.14385469312123
"AC027612.3",2.14072021670415
"TARM1",2.1380795348445
"RP11-85B7.2",2.1363093414772
"RP11-686F15.3",2.13218349456872
"RSU1P1",2.12633202418458
"RP11-629G13.1",2.12600460121785
"RP11-69I8.3",2.12584880604322
"KB-173C10.2",2.12448709086628
"LOC105371967",2.12256096511284
"OR4D11",2.12243877309262
"OR4A5",2.12167333747333
"CTD-2015H6.3",2.12038041719358
"RP11-963H4.3",2.11900323907524
"CTD-3187F8.14",2.11823453107754
"RP11-420A23.1",2.11783724882054
"C5orf17",2.11709358839827
"RP4-798A10.4",2.11623703448247
"AC023490.1",2.10901323754959
"LINC02141",2.10864681083545
"LILRP1",2.10864466645262
"RP11-51F16.8",2.10840729445718
"LINC01497",2.10817831162962
"C11orf85",2.1059936127763
"ROPN1L-AS1",2.10365673761269
"RP11-380G5.2",2.1034376174601
"TDH-AS1",2.10334033625061
"RP11-713C19.2",2.10326506119601
"PDXP-DT",2.09823165961103
"RP11-782C8.1",2.0967147173195
"ENPP7P8",2.09652871855426
"ZFP41_2",2.09640438653802
"LINC00475",2.09557686446383
"RP11-298E9.5",2.09320882718293
"RP11-4K3__A.3",2.09116347099233
"RP11-297B17.3",2.08896343851191
"RP1-179N16.6",2.0886189501401
"KDM4A-AS1",2.08297025111761
"TAS2R15P",2.08249074001943
"AC006024.4",2.08132515489874
"RP11-168P8.3",2.08024141941611
"CCL4L2",2.07971282129713
"AKR1CL1",2.07815059170602
"RN7SL181P",2.07704515016053
"HSP90AA4P",2.07699199020435
"RP11-1085N6.4",2.0766116905995
"PGBD3",2.07472465510499
"LIMS3-LOC440895",2.0739418803853
"CTD-2336O2.1",2.07250408729119
"GOLGA7B_1",2.07189892734427
"TMEM56-RWDD3",2.07021358830109
"CTA-407F11.8",2.06981864122508
"RP11-731F5.1",2.06928012299923
"HIST2H2AB",2.06590439787962
"DNAAF4-CCPG1",2.0650810027604
"C14orf1",2.05917805324343
"RP11-423H2.3",2.05480862250357
"SNURF_2",2.0536198369654
"PELATON",2.05351974091896
"PARK2",2.0515955125903
"RP11-757O6.1",2.04466362476797
"RP11-510H23.1",2.04265887604813
"LOC105375421",2.0403200253143
"AC002456.2",2.03949016998731
"RP11-421M1.8",2.03893757374302
"RP11-264B14.2",2.03883826536191
"RP11-156P1.2",2.03744588715852
"TUBBP5",2.03416327130015
"RP11-612B6.1",2.03313714456799
"ZNF45-AS1",2.03240373254183
"LINC00559",2.03129257565932
"C14orf183",2.02805810230033
"NEDD8-MDP1",2.02703496514701
"STK19P",2.02585576417518
"RP5-1125A11.1",2.02576381066402
"CTA-293F17.1",2.02329541595418
"RP11-680F20.6",2.02258169992973
"RP11-407G23.1",2.0213630624726
"ST3GAL6-AS1",2.01856294071103
"AC007690.1",2.01736096340735
"RP11-355B11.2",2.01614218721143
"RP11-118F19.1",2.01530576810207
"MRC1L1",2.01491707226512
"RPL7AP39",2.01476911477238
"CTD-3018O17.3",2.01071097058019
"LINC03018",2.01035985395992
"VSTM5",2.00737494554971
"CSPG4P10",2.0063157121979
"MURC",2.00451220599862
"C17orf104",2.00247897783796
"CTD-2162K18.5",2.00243669627433
"AF064858.8",2.00167932814483
"PALM2-AKAP2",1.99964999822747
"AC113134.1",1.99754007203473
"MARS",1.99408090419716
"CNTN4-AS1",1.99370020336425
"TMEM191C",1.99350202347868
"RP5-914P20.5",1.99196321948817
"GOLGA8Q",1.99138717397865
"RP11-480I12.7",1.98930343649007
"RP11-956E11.1",1.98693272755385
"RP11-463D19.2",1.98442511769379
"ADPGK-AS1",1.98409506340039
"AF196972.9",1.9839589809339
"RP11-321N4.5",1.98338249313035
"TRGV1",1.98284816471102
"PGA5",1.98160773966576
"HNRNPA1P41",1.98156696961054
"AC003002.4",1.98132488763895
"WASF4P",1.97789961590838
"RP11-59E19.1",1.97465440178196
"AC090616.2",1.96601188404748
"LL09NC01-251B2.3",1.96566559655178
"SCARNA9|SCARNA9L",1.96167511466975
"RP11-161M6.3",1.96075595183593
"RP11-618G20.1",1.96018940558501
"RP11-398K22.12",1.96008361884516
"AC006942.4",1.96003722384643
"AC010729.1",1.95924129581875
"LOC102724482",1.95865733268798
"OR2T6",1.95758186140161
"RP11-111F5.4",1.95675279993707
"RP11-702B10.2",1.9560521314004
"TRGV10",1.95536912053776
"RP11-120D5.1",1.95368049712797
"FAM26D",1.9535502052006
"RP11-465B22.3",1.95314218701781
"RP11-290F5.2",1.95194571324881
"AC007040.11",1.94960928384204
"RP11-16E12.2",1.94771687172325
"ZNF763_1",1.946111577793
"RP11-12J10.3",1.94020594521132
"LOC102724929",1.93853394030286
"LINC02268",1.93628572597235
"RP11-426L16.10",1.93419553885696
"PTGES3P1",1.93296626166996
"NDUFB8_2",1.9329184510304
"RP11-383C5.4",1.93204478200958
"RP11-403B2.7",1.93124585334174
"RP11-486O13.2",1.93074301498647
"AC093375.1",1.92984491791222
"PI4K2A_1",1.92951648544071
"RP11-10N23.2",1.92728979416564
"CTD-2517O10.6",1.92246977529378
"AC068039.4",1.92235636935723
"RP1-178F15.5",1.92208766155949
"RP11-703I16.1",1.92099642997019
"SCARNA7",1.92014275907432
"RP11-287D1.3",1.91977859547797
"RP11-180P8.1",1.91858765331458
"RP11-162D16.2",1.91688533173035
"FCGR2C",1.91657525144565
"MTRNR2L10",1.91420215924005
"AC006547.14",1.91265273351471
"RP5-1158E12.3",1.90855909040044
"GPR128",1.9000712266272
"RP11-324H6.5",1.89997538683358
"ZNF8_1",1.89835229845323
"RP11-27I1.4",1.89675813603206
"RP11-217E13.1",1.89378633719372
"RP11-121A8.1",1.89306583292207
"CTB-55O6.4",1.8916802090067
"CCDC195",1.89162435543334
"LINC00598",1.8896521348662
"RP11-1114A5.4",1.88833359567326
"AC002451.3",1.8874169169144
"LL22NC03-80A10.6",1.88715494133821
"CTD-3138B18.5",1.88713359939358
"KIAA0391_2",1.88596223828283
"LINC00106",1.88455194820692
"FAM35BP",1.88409407355812
"RP11-419C5.2",1.88392472877577
"RP11-224O19.2",1.88328066470027
"RP1-137K2.2",1.88212720870142
"LINC00426",1.88187277267736
"SNAP25-AS1",1.88057748055519
"RP5-952N6.1",1.88034589792041
"AC006129.2",1.87694216524852
"RP13-188A5.1",1.876233434884
"AL450992.2",1.87307711475455
"RP11-848P1.9",1.87019466882855
"RP11-274B18.2",1.8700897765466
"CTD-2228K2.5",1.86988261079167
"NPIPB1P",1.86693549647226
"U91328.19",1.86317202695163
"RP11-707P17.2",1.86063005490371
"AC026150.6",1.85898519431647
"ZNF295-AS1",1.85641325130505
"RP11-86H7.7",1.8562989365702
"C1orf143",1.85550642087957
"CTD-3194G12.2",1.85501977895115
"RP11-203E8.1",1.85364964254675
"RP4-784A16.5",1.85033585223265
"CTD-2116N17.1",1.84980637521265
"RPL7AP16",1.84951787381361
"MRPL45P2",1.84876067828051
"RP11-324C10.1",1.84605969836844
"RP11-166P13.3",1.84536321356665
"RP11-17E2.2",1.84530031720411
"AP001007.1",1.84365284216495
"RP11-266O8.1",1.84235830127565
"RP11-541F9.2",1.8401531130836
"CTC-260E6.6",1.83988238600942
"AC018766.4",1.83926843692998
"LTBP1.1",1.83594624671641
"RP11-875O11.1",1.83567653940354
"OR4E1",1.83560006349672
"RP5-1053E7.3",1.83486654976325
"INTS4L1",1.83468605380316
"FOCAD-AS1",1.83393020708663
"AC005550.4",1.83357527636687
"RP11-266N13.2",1.83167947359383
"AC002116.7",1.8309243051063
"EMR4P",1.8297261136141
"RP11-661P17.1",1.82847334703456
"AP001257.1",1.82710752691311
"RP11-134D3.1",1.82526718332872
"PGA4",1.82443986762184
"C1orf204",1.82203185726831
"DYDC2",1.82166583904745
"RAB6C",1.82008192536676
"PHC1P1",1.81859067359549
"RP11-497G19.1",1.81771105104963
"RP11-216L13.19",1.81650402291403
"OR7E125P",1.81354253650307
"C15orf48",1.81012064049519
"ENPP7P1",1.80921376186241
"C10orf131",1.80648980354621
"RP11-244H3.4",1.80512299906607
"HMGN2P8",1.80457274058462
"FAM170B",1.80402636272776
"AC005484.5",1.80124463257384
"FAM19A4",1.80054198540388
"RMRP",1.80010612341178
"FKSG48",1.79974306823548
"AC034228.7",1.79790108778991
"AC097724.3",1.79205293018488
"KB-1047C11.2",1.79194766506444
"AC012123.1",1.79119110664998
"RP1-90J20.8",1.78664954357689
"LOC100288175",1.78661411974845
"FAM65C",1.7860042594483
"PDCD6-AHRR",1.78579358907766
"RP11-403I13.8",1.78574594718509
"RP11-616L12.1",1.78553446563395
"PIK3R2_1",1.783950169046
"RP11-54A4.2",1.78391309852229
"C19orf68",1.78341802173764
"AL357673.1",1.78234653725322
"ZNF223_1",1.78018311773419
"TRBV7-4",1.77994995962623
"RP11-206L10.8",1.77911085357841
"CTGLF10P",1.7753979244215
"RP11-277B15.2",1.77355300443149
"NF1P8",1.76870544604903
"RP4-621B10.8",1.76867616194824
"RP11-160O5.1",1.76793862078438
"RP11-16E12.1",1.76642334117094
"ARHGAP23P1",1.76444105649244
"AC097658.1",1.76330400387123
"RP11-1220K2.2",1.76315532750892
"RP5-1132H15.3",1.76191665561949
"RP11-173D14.3",1.76102453152595
"RP11-147L13.7",1.75830886760458
"CTD-2012K14.6",1.75820771577761
"RP11-755F10.1",1.75740039035166
"MIR181A1HG",1.75620492178615
"IGKV1-12",1.75578556695081
"LOC440895",1.75464562216083
"C22orf42",1.75440725934297
"FAM115C",1.75306579202626
"RP11-74E22.6",1.75231094682101
"SPRY4-AS1",1.75067676394588
"SPATA31A2",1.74942755143638
"MIPEPP1",1.74736257241679
"NAT6",1.74678764870447
"ZNF747_2",1.745559821979
"LINC00663",1.7439845780065
"CASC11",1.74397962437349
"GGT2",1.74383082735233
"LL0XNC01-116E7.2",1.74367140757619
"RP11-318K15.2",1.74242266721756
"RP11-540D4.3",1.74155188650931
"TRGV2",1.7415264471827
"FAM240A",1.74120238849407
"SOX21-AS1",1.74107322758577
"PRRT1",1.74091123591305
"DNM1P31",1.73994313945706
"FAM103A1",1.73926407858834
"MTRNR2L2",1.73924902238794
"RP5-1112D6.4",1.73881467519812
"CTSLP3",1.7383637661257
"RP11-535M15.2",1.7351589448452
"RP11-445H22.3",1.72733618926824
"PWRN2",1.72637444020754
"CTD-2538C1.2",1.72634288335851
"FRMPD2P1",1.72551791882857
"XXyac-YRM2039.2",1.72324150000583
"AGAP8",1.72041775530972
"RP11-308N19.1",1.71843783846264
"CTD-2284J15.1",1.71537246088701
"RP11-556H2.3",1.71402714789304
"RP1-66C13.3",1.71183848533526
"C17orf59",1.71107912993081
"RP11-111A21.1",1.71089321953964
"LINC01136",1.7084643471629
"RP11-418J17.1",1.70367830525976
"LINC01143",1.7033603980926
"RP11-1094H24.4",1.70265989393542
"RP11-392P7.6",1.70212032755112
"NPIPA7_1",1.70201436455523
"TTC34",1.70182468663814
"CTD-2589M5.4",1.69820279428718
"CTC-378H22.1",1.6959213467562
"RP4-769N13.6",1.69588094645945
"MDGA2_1",1.69524927552266
"IGKV1-6",1.69444929080558
"RP4-565E6.1",1.6931791368952
"RP11-1017G21.4",1.69270918883319
"RP11-304F15.7",1.69268657742529
"LINC00184",1.69190439535076
"KRTAP9-9",1.69183307788276
"RP11-706O15.7",1.69121563835195
"NPM1P14",1.68855073827992
"RP11-423H2.1",1.68611842001851
"RP4-544H6.2",1.68249836362415
"LOC105374114",1.6819117287278
"GALT_1",1.67877587584336
"RP11-1084I9.1",1.6766050745421
"ACCSL",1.67594829163376
"RP11-159H3.1",1.67471642090653
"CTD-2616J11.14",1.6730255824609
"LOC100507334",1.67251691617275
"C9orf84",1.67139186787655
"AC002480.3",1.66992439335128
"KRTAP4-8",1.66935907585222
"RP11-554F20.1",1.66766021076033
"AL603965.1",1.66733901913411
"AC016907.3",1.66661356658609
"CTD-2516F10.2",1.66659406107552
"RP11-782C8.5",1.66593833315791
"RP1-34H18.1",1.66506082411519
"RP4-728D4.2",1.66471622199684
"RP11-555K12.1",1.6616733887005
"RP11-227G15.9",1.65944353881891
"PAPPA2",1.65930551504822
"LINC00894",1.65663507923391
"RP11-84A19.3",1.65519173846495
"BMS1P10",1.6547564742469
"RP11-734I18.1",1.65399390136717
"AC087294.2",1.65329151863737
"AC007383.3",1.65229409074036
"RP11-18H21.3",1.65061651030892
"LOC101927245",1.64998160002438
"RP11-1096G20.5",1.64974121206112
"AC069368.3",1.64926248803339
"AC005150.1",1.64896793810508
"RP11-231C14.4",1.64818445104191
"RP4-647C14.2",1.6474203743598
"RP11-638F5.1",1.64669087650214
"RP11-89K10.1",1.64654744541728
"CTD-2118P12.1",1.64386707755862
"CTC-273B12.7",1.64324686441355
"HERC2P4",1.64253809439918
"CTD-2263F21.1",1.6403869169711
"AC011899.10",1.64018882912762
"ARSE",1.6385320713685
"RP11-514P8.7",1.63692296903087
"AC005076.5",1.63641904790163
"CTC-487M23.8",1.635286378347
"AC126365.1",1.63409638289755
"LIMS3_2",1.6338716166387
"AC016831.7",1.63308330584151
"AC020910.2",1.63155061188235
"WBSCR27",1.62947654781191
"RP11-464F9.1",1.62802756246579
"RP5-1043L13.1",1.6272833165281
"CTD-2008L17.2",1.62717949705405
"KBTBD4_1",1.62649285294879
"C14orf64",1.62592762492222
"SSX6",1.6257508885871
"TMEM217|TMEM217B",1.62544656501854
"LINC02266",1.62475645808556
"ADAMTSL4-AS1",1.62469902546781
"RP3-370M22.8",1.62450412335989
"HYDIN",1.62298407498885
"GLYATL1P2",1.62245947965382
"FAM174A-DT",1.62190489142119
"RP11-76E12.1",1.62001932150091
"RP4-694A7.4",1.61987343440143
"AC073325.1",1.61885973808631
"AC008738.1",1.61863347362361
"IGHV4OR15-8",1.6180801709922
"PROSP",1.61630522667268
"FRMPD2P2",1.61602933391916
"LINC00944",1.61555288893312
"C5orf38",1.61379905421205
"HNRNPA1P30",1.61371759972795
"BX322557.10",1.61297271535558
"NBEAP2",1.61276402269535
"RP11-103G8.2",1.61147224850051
"LINC02392",1.61110407306317
"RP11-1136G11.8",1.6109958926826
"RP11-551L14.4",1.60775084421656
"RP11-109L13.1",1.60677790720123
"RP11-387D10.2",1.605430339969
"RP11-768F21.1",1.60510708162054
"RP11-10K16.1",1.60505771126908
"OR51V1",1.60452461805668
"PSPC1P1",1.60409935074638
"PORCN-DT",1.60122120114284
"AC079807.4",1.59907406063027
"RP11-1070N10.3",1.59877335508569
"IGHV1-3",1.59873963706812
"SNTN",1.59872120640712
"CT45A3",1.59832141633411
"RP11-611E13.2",1.59811809812175
"RP11-429J17.7",1.59763141823021
"SIGLEC17P",1.59744330355414
"KB-1460A1.1",1.59635600575213
"GACAT2",1.59611660834964
"AC195454.1",1.59603382443371
"C1orf229",1.59580413624719
"AC007249.3",1.59542109114219
"LARGE",1.59519137200627
"AC011747.6",1.59424891741341
"RP11-876N24.2",1.59404114071471
"RP11-834C11.4",1.59367352241764
"NBPF6",1.59182459927064
"RP11-1136G4.1",1.59082646240156
"MTSS1L",1.5897440243274
"MSANTD5",1.58917732116317
"ARL17B",1.58873208805452
"NUGGC",1.58707381709407
"AC131571.2",1.58672887113579
"MT-ATP8",1.58646648609446
"RP11-1035H13.3",1.5861741884012
"LINC00173",1.58544936762773
"SEPT7P3",1.58525856412858
"LINC00987",1.58390610062697
"UBE2E1-AS1",1.58385758045017
"AL133458.1",1.58177523770626
"RP11-734K2.4",1.58171954281356
"RP4-724E16.2",1.58133541149606
"SGK494",1.58058330085862
"RP11-497H16.6",1.579551849803
"RP11-728K20.2",1.57836556286708
"RP11-326C3.11",1.57780494631532
"RP1-287H17.1",1.57764955398025
"CTD-2545M3.6",1.57664143599445
"RP1-69D17.4",1.57646835520055
"AC010547.9",1.57360910879292
"CLN3_1",1.57294766610777
"RP11-235C23.5",1.57130498888621
"CFAP58",1.57068612205022
"RP11-9M16.2",1.56999686833277
"CCDC163P",1.56990346951188
"TRBV20-1",1.56948634190864
"ALG1L13P",1.5690221543244
"KRTAP1-4",1.56888084049198
"PRR24",1.56586699389114
"PPAP2A",1.56574701144329
"LINC00996",1.56552878239723
"TRBV23-1",1.56518150676435
"AC016747.3",1.56469309057174
"RP11-187C18.2",1.56416805923619
"RP11-122G18.7",1.56323623217363
"LINC03002",1.56100703832883
"ZFY-AS1",1.55987768827604
"RP11-73O6.3",1.55902829474919
"ZNF806",1.55826156073508
"RP3-368A4.5",1.55770984101625
"NLRP9P",1.55480455433857
"RPL36AP13",1.55446125228173
"WDR92",1.55432580525299
"IGHV3-30",1.55400805601952
"AC073046.25",1.55272062020553
"CDC42P5",1.55194190076879
"RP11-793H13.8",1.55149034776389
"RP11-705C15.2",1.55040418705986
"AC106706.1",1.54889841672199
"NBPF13P",1.54659878476308
"STARD7-AS1",1.54621504718267
"RP11-727F15.9",1.54448487275789
"USP12-AS2",1.54424942059967
"CTB-52I2.4",1.54384985772663
"RP11-760D2.7",1.54253217679652
"MAPK6-DT",1.54232629009524
"RP11-91J3.2",1.5382145614513
"TM4SF19-AS1",1.53644603162509
"RP11-137L10.6",1.53433356445849
"RP5-1024C24.1",1.53432236838678
"RP11-430H10.2",1.53304135281456
"GSTA6P",1.53226379801882
"RP3-522P13.3",1.53152165588848
"ZSWIM5P2",1.53085844872493
"LRRC37BP1",1.53080410098008
"RP11-536C5.7",1.53075924212421
"ST7-AS2",1.53051932718363
"RP11-273G15.2",1.53016340456578
"RP11-108M9.4",1.52808714218927
"FKBP1C",1.52784964389114
"RP11-53O19.1",1.52736612186627
"C4orf27",1.52355026289962
"RP11-353N4.6",1.52260502012372
"RP11-1008C21.1",1.52185065145038
"RP11-439L8.3",1.51762900297662
"RP11-81H14.2",1.5166279932973
"C2CD4D",1.51541162170995
"RP11-122M14.1",1.51452021527815
"AC007405.6",1.51300281451015
"RP11-100G15.7",1.51260936176282
"DPY19L1P2",1.5108878611227
"RP11-355F16.1",1.51074634493679
"LOC101928004",1.50978311640987
"PRR9",1.50956328117
"CTD-2144E22.5",1.50827190528821
"RP1-300I2.2",1.50695093712374
"RP11-225H22.5",1.5062474892145
"RP11-1018N14.2",1.50609840305418
"LINC01933",1.50574403357873
"OR56A1",1.50340818348613
"H1FX-AS1",1.5027553459852
"PRB4",1.50158867622247
"FAM47E-STBD1_2",1.50139565615129
"RP11-10N23.5",1.5013244611542
"RP11-475D12.1",1.50025027351559
"GUSBP3",1.49949018729837
"FAIM2",1.49943551830675
"CTC-498J12.3",1.4992568008075
"AC174470.1",1.49903794816261
"RP5-902P8.10",1.49846526195922
"RP11-448N11.2",1.49666323416138
"DDX3YP1",1.49504287071224
"RP5-1109J22.1",1.49450180169531
"AL354718.1",1.49365327304725
"AC012317.1",1.49009567507877
"RP11-442N24__B.1",1.48998984473916
"RP1-65J11.5",1.48995985578158
"LINC01072",1.48955694794374
"AC022007.5",1.48944964731777
"AL441883.1",1.48843901845588
"OR9Q1",1.48818174421408
"POTEI",1.48816715043376
"RP11-185E8.1",1.48711264803171
"CTD-2666L21.1",1.48609114388801
"AC003051.1",1.48434260142657
"ZEB2-AS1",1.48408273032627
"RP11-348F1.3",1.48391504868456
"RP4-663N10.1",1.48214396023705
"RP11-499E18.1",1.48154322738446
"RP11-203J24.9",1.48034050435961
"LINC00883",1.47949609178108
"RP11-514P8.8",1.47939600590655
"MT-ND1",1.47821679211274
"FAM196A",1.47751899914107
"RP11-762I7.5",1.47599850678832
"GDNF-AS1",1.47462072318094
"RP11-346I3.4",1.47204041828694
"LOC285638",1.47126236098176
"RP11-395G23.3",1.47047108103237
"RP11-733O18.1",1.46967833269934
"AL353698.1",1.46876081536284
"RP11-350F16.1",1.46852766831419
"MT-ND2",1.4683498162027
"CTC-479C5.12",1.46741938539136
"RP11-511B23.1",1.46738638383581
"RP11-498M15.1",1.46683154713419
"INMT-FAM188B",1.46637664713309
"RP11-1000B6.3",1.46628231493415
"CTC-321K16.1",1.46537796020026
"MT-ND4L",1.46511219697629
"GPR112",1.46217593538622
"RP11-252A24.2",1.4608352279671
"CTD-2089N3.2",1.459128101529
"RP11-459K23.2",1.45859123675202
"RP11-111A22.1",1.45435768448732
"AL928768.3",1.45410660765103
"RP11-98I9.4",1.45269258597767
"TWF2-DT",1.45218831222832
"GPR89C",1.45212633101034
"RP11-637A17.2",1.4508725236792
"RP11-66B24.4",1.45022503461208
"AC141586.5",1.44836744667525
"HSFY1P1",1.44823405116113
"RP4-613B23.1",1.44665093901702
"RP11-599B13.6",1.44624934817651
"C2orf57",1.4461582387861
"RP11-567J20.3",1.44400648638864
"RP11-535M15.1",1.44296429439314
"LINC00152",1.44264131630349
"RP11-79L9.2",1.44112163534318
"RP11-420N3.2",1.43865740023716
"RP11-535A19.2",1.43796158321931
"AC013402.5",1.43557959659451
"CTD-2308B18.4",1.43518604577956
"RP1-191L6.2",1.4340172260911
"LOC286059",1.43398904677059
"RP11-701I24.1",1.43375886115834
"DIRC3",1.43324807034749
"MT-CO2",1.43047308629828
"BOK-AS1",1.43043555762751
"RP11-123K3.4",1.42965354837623
"CTB-107G13.1",1.42950721101929
"CTD-2192J16.20",1.42909538388658
"RP11-142C4.6",1.42870594179642
"CTD-3064H18.1",1.42868991583752
"UBE2Q2P2",1.42861984312089
"RP11-336A10.5",1.42772521652651
"CTD-2201I18.1",1.42755472658083
"OR5B17",1.42496451226823
"AC016700.3",1.42475252847978
"RP11-501J20.5",1.4245806416873
"RP11-609L23.1",1.4244115360958
"AC018359.1",1.4243777778392
"LACE1",1.42324790687032
"RP11-443P15.2",1.42183799357253
"MTRNR2L6",1.42174648953749
"RP11-159D12.10",1.42122911928054
"HCG22",1.42094712165076
"AC116366.6",1.42025422439336
"C10orf25",1.41981728935219
"CTB-96E2.3",1.41942854260913
"CTB-58E17.5",1.4181473414259
"RP11-164J13.1",1.4173367705335
"RP11-434C1.1",1.4170350332083
"C4orf50",1.41635183755497
"LRRC74B",1.4157739138367
"DYTN",1.41532909806991
"ZHX1-C8orf76",1.414904595986
"PPT2-EGFL8",1.4130780851527
"MTRNR2L1",1.41274351504891
"RP11-1319K7.1",1.41251946040479
"ARHGEF34P",1.41233932077274
"RP11-433J8.2",1.41165131461259
"RP11-89C3.4",1.41009791550026
"AC068533.7",1.41007959891836
"RP11-1100L3.7",1.40877544651031
"RP11-342D11.3",1.40806756336276
"C10orf32-ASMT",1.40806114363675
"AC104532.2",1.40515508790356
"RP11-262H14.1",1.40439123836636
"C4orf22",1.40427670199599
"RP11-712B9.2",1.40400418513358
"LINC01125",1.40315359121562
"ANKRD20A5P",1.40261288158644
"AC004158.2",1.40229290950709
"RP11-308N19.4",1.4020520453402
"SGK223",1.40189677509807
"PPAPDC1B",1.4001826762146
"RP11-488L18.8",1.39961449649914
"RP11-543E8.1",1.39954631696844
"RP11-324I22.4",1.3995462660704
"AL132709.5",1.3984947049877
"SOD2-OT1",1.39844014945938
"AC123768.4",1.39806584860307
"ANKRD20A14P",1.39760771553717
"RBP5",1.39744751333316
"ABHD17AP6",1.39713992442576
"CYP51A1-AS1",1.39653805755352
"LINC01137",1.39619430092851
"HSFX2",1.39562017517216
"CTD-3232M19.2",1.39478390601414
"GTSCR1",1.39433365792601
"AC095067.1",1.39316108196226
"LRP5L",1.39254656577311
"AC098617.1",1.3918948994168
"MT-ND4",1.39174964830005
"CTD-2619J13.3",1.390653949708
"CTD-2583A14.10",1.38695790030926
"PABPC3",1.38677845476542
"RP11-293A21.1",1.38631038663808
"RP11-324J13.2",1.3862283065762
"RP11-34P13.13",1.38602105048891
"TRBV19",1.38560402928952
"CCT8P1",1.38471113480907
"RP11-1079K10.4",1.38335908265536
"RP1-148H17.1",1.38238908244651
"TMPRSS11A",1.38161453536778
"RP11-126K1.2",1.38156624158459
"ARL5B-AS1",1.38151600237409
"RP1-111C20.4",1.38131024575305
"C19orf71",1.3807053378607
"RP11-791G16.5",1.37886100169186
"CTC-529P8.1",1.37766091073931
"FAM3C2",1.37750735915597
"RRN3P3",1.37710149333504
"AC008694.2",1.37620380760955
"RP11-381K20.2",1.37506554462285
"LINC01252",1.374601439982
"CTD-2246P4.1",1.37365312195111
"AC090425.1",1.37327915629413
"RP11-106M3.2",1.37268465521092
"RP5-1007M22.2",1.37212616223648
"RP11-618I10.1",1.37183424232289
"ALMS1-IT1",1.37139498599861
"GATS_1",1.37056614517483
"RP11-49C24.1",1.37017031792838
"RP1-122P22.2",1.36971504607023
"CTB-180A7.3",1.36849938437225
"RP11-295P9.3",1.3676762469167
"MT-ND3",1.36661271396724
"C2orf43",1.36594473475494
"LINC00977",1.36338721253464
"RP11-5A19.5",1.36280436311225
"GAGE12J",1.36223541818379
"RP11-32B5.7",1.36049330060654
"RP11-644K8.1",1.36005535124798
"LINC00840",1.35916492732068
"AC104820.2",1.35762113959856
"CTAGE1",1.35572221100461
"ZRANB2-AS1",1.3555654889147
"CLLU1OS",1.3554595272008
"GLUD1P8",1.3542773750378
"Z97634.3",1.35390237777831
"RP11-298O21.5",1.35330113205961
"ASMTL-AS1",1.35289561667219
"LINC01772",1.35278736126872
"RP11-744H18.1",1.35274336459805
"FOXD4L6",1.35271820852393
"RP1-102K2.6",1.35260339714315
"CD8BP",1.34937585490041
"RP11-746M1.1",1.34881671960859
"AJ009632.3",1.34837170164489
"RP11-815J4.7",1.34798200396153
"CTD-2561J22.2",1.34768682700348
"RP11-671M22.4",1.34724808601343
"RP11-350G8.5",1.34712776618416
"RP11-732A19.2",1.34671254795863
"RP11-284M14.1",1.34600168508808
"MEF2BNB-MEF2B",1.34546923162474
"CTD-2026C7.1",1.34478985980594
"POTEA",1.34373582093161
"AC112721.2",1.34364586805684
"RP11-385E5.5",1.3427602557896
"ERVK13-1",1.34272310743328
"CTC-756D1.3",1.34200746099337
"RP11-225N10.1",1.33818762422311
"FAM230B",1.33817131908766
"LINC01730",1.33691112131375
"LINC00909",1.33641607994259
"C6orf100",1.3355418111965
"RP4-536B24.3",1.33484054086301
"TMEM63C",1.33483769120816
"C8orf31",1.33330234476391
"CTD-2001C12.1",1.33211170540337
"SAP25",1.3320278520784
"TAS2R9",1.33101846406268
"RP11-73G16.1",1.33010465260466
"CTD-2228K2.7",1.32985711400685
"AC007246.3",1.32636123690627
"LENG8-AS1",1.32559387333138
"NPIPB14P",1.32428908930881
"KRTAP2-3",1.32425968131356
"AP000302.58",1.32359542950209
"RP11-982M15.6",1.32309830328782
"IGHV1OR15-4",1.32120537164287
"RP11-410D17.2",1.31949232667375
"KB-1460A1.3",1.31880634905075
"RP11-221N13.4",1.31875801365013
"LINC00346",1.31835099014872
"AC011526.1",1.31785483014973
"OSTN-AS1",1.31695364852144
"FAM21B",1.31682126962675
"RP11-344H11.4",1.31614948094996
"MT-ND5",1.31575519173546
"RP4-704D21.2",1.31531867539599
"RPL7P24",1.31523933270069
"CTD-2006K23.1",1.31491682718101
"LINC00534",1.31462500128031
"GRIFIN",1.31458016743349
"RP11-473C18.3",1.31354707543978
"C10orf32",1.31135349699689
"AC010642.1",1.31021887890247
"SCARNA17|SNHG22",1.31016416028375
"RP11-363G2.4",1.30931381091574
"VSIG8",1.308984934126
"RP11-345M22.1",1.30768065994447
"LINC01151",1.30711839573461
"COX10-AS1",1.30639651872718
"CEBPZ-AS1",1.30632650899979
"DUSP5P2",1.30627980460315
"LRRC19",1.30444847597168
"MTRNR2L12",1.30434041801018
"OR5R1",1.30383128410117
"RP11-1212A22.1",1.3023205517823
"LOC100129534",1.30165772726799
"SNX29P1",1.29952111195155
"C5orf60",1.29916107625143
"RP11-661D19.3",1.29906088977691
"AL021068.1",1.29900785012826
"RP11-216N14.5",1.29897890045709
"CTC-548K16.2",1.2987881307176
"C6orf52",1.29733079162134
"RMST",1.29683709551564
"AP001171.1",1.29664866247019
"RP11-809O17.1",1.29641712203447
"SPANXN4",1.29535458053828
"UBA6-AS1",1.29517507067706
"AC020571.3",1.29321813117103
"TMBIM4_2",1.29271166047552
"RP11-158K1.3",1.29235631616654
"XRCC6BP1",1.29056996541471
"RP11-849F2.5",1.28948433314644
"RP11-509A17.3",1.28925916007816
"ASDURF",1.28910239150722
"ARHGAP31-AS1",1.28865457349981
"STKLD1",1.28825853720986
"RP11-1277A3.1",1.28598413313337
"HLA-F-AS1",1.2855549011521
"RP11-139H15.1",1.28545570157412
"AC074289.1",1.28535433252353
"RP5-884M6.1",1.28484467049542
"LINC02875",1.28467353292047
"CYSRT1",1.28362256095203
"H2BFWT",1.28196818923669
"AC108004.2",1.2814701573647
"ADAMTS7P2",1.28122792314586
"RP4-753P9.3",1.27956034234891
"MT-CYB",1.27909878783265
"AC007228.5",1.27895039643515
"ZNF662",1.27881210789745
"LINC01135",1.27598586637056
"C12orf5",1.2755480647986
"NKX2-1-AS1",1.27486285317308
"LOC100132874",1.27457330754222
"LINC00869",1.27450381923225
"RP11-2A4.3",1.27406967340424
"OR2H2",1.27375542706564
"RP11-242C24.2",1.27298574060473
"RP11-728K20.1",1.27246682450642
"RP11-244N9.6",1.2709862315043
"LINC00355",1.27070425065685
"C14orf169",1.27050888299942
"C11orf95",1.27049121818943
"IL10RB-AS1",1.2700487800844
"PGM5-AS1",1.26994097611705
"RP1-43E13.2",1.26959701866509
"CELF3",1.26939682859148
"ALS2CR12",1.26935155593988
"OR52J3",1.2687105759064
"C7orf34",1.26700311286178
"CTD-2020K17.4",1.26612774984522
"RPS2P17",1.26577674532972
"PLEKHD1",1.26528355642377
"IQCJ-SCHIP1",1.26478926558684
"SOGA3_2",1.26475409895303
"MT-CO3",1.26376946354442
"RP11-203M5.8",1.2633184661729
"RP5-1120P11.1",1.26093725895968
"MROH4P",1.26041072824178
"BMS1P8",1.25970734046729
"PRKRIRP9",1.2576449859499
"AC092295.7",1.25647826739731
"RP11-400K9.2",1.25559361256958
"ZNF311",1.25532934101512
"RP11-474I16.8",1.25300227846618
"ZNF204P",1.25157040554537
"RP5-1021I20.1",1.25122130662115
"AC008394.1",1.24880628817632
"RP11-848P1.3",1.24875335902637
"CTD-2369P2.12",1.24750275252645
"RPS2P14",1.24708569533579
"AC007365.1",1.24695937600359
"LA16c-306A4.2",1.24654572428562
"RP11-303E16.8",1.24648864480173
"MAGEB16",1.24634535755268
"RP11-145O15.3",1.24597925538722
"AC006335.6",1.24553069079005
"RP11-1096D5.1",1.24495525860767
"RP11-312O7.2",1.24446757365936
"ZAK",1.24325646318062
"GSTT1",1.24261655099974
"RP11-384P14.1",1.24251584327316
"AC004221.2",1.24244301871856
"KRT3",1.24169740537834
"RP11-27M9.1",1.24165058877142
"LINC01006",1.23801208395634
"AC097500.2",1.23629677425585
"ST13P6",1.23561714257512
"S100A7A",1.23545589268386
"RP11-466P24.2",1.23508198281463
"MT-ND6",1.23433886394821
"RP11-923I11.4",1.23386218941798
"RP11-635N19.1",1.23317192857256
"LOC105372269",1.23223877775006
"RP11-497H16.7",1.23122285988284
"RP11-95M5.1",1.23105958736916
"RP11-661A12.5",1.2292251571923
"AL136218.1",1.22920697433677
"RP11-216L13.18",1.22840896084084
"RP13-270P17.2",1.22821341391415
"LOC100287944",1.22783872632819
"RP11-552F3.12",1.22769299742561
"RP11-603J24.9",1.2250748358158
"RP11-44N21.1",1.22507449225262
"TMPOP1",1.22484317576139
"RP11-677M14.3",1.22483905791992
"CTD-2066L21.3",1.22480789099033
"FLJ00104",1.2238623025506
"SMIM38",1.2204363226212
"AC109828.1",1.21991171501951
"GPR1",1.21950580771755
"FAM69A",1.21935608197475
"AC006960.7",1.21912304084917
"CTC-457E21.5",1.21894719565466
"LINC01018",1.21879911486265
"RP11-173B14.5",1.21796419800714
"RP11-104J23.1",1.21794904360619
"RP11-474G23.1",1.21708415523309
"DDX11L1",1.21618317135488
"GS1-309P15.4",1.21597055050712
"CTC-513N18.7",1.21588778653167
"GLTSCR1",1.21550422464651
"RP4-610C12.1",1.21542784560468
"RP11-343J3.2",1.21542254358605
"CTD-2008A1.2",1.21489760336675
"RP11-705C15.3",1.21463957008822
"RP11-503C24.4",1.21444886706991
"RP11-366M4.6",1.21441083425699
"OR2D2",1.21436926456341
"C15orf38-AP3S2",1.21397872126008
"RP11-574K11.28",1.21140400784289
"CTD-2545G14.7",1.21129173771106
"RP5-1021I20.4",1.21040136097048
"FAM206A",1.20971819229018
"HNRNPA1P1",1.20954004286605
"RP1-15D23.2",1.20935815784338
"BMS1P2",1.20925775022942
"RP11-384F7.2",1.20914533030175
"RP11-45A12.1",1.20909019055745
"AP001362.1",1.2087305823379
"OR52E8",1.2086078316305
"CTD-2033A16.3",1.2084339852566
"AP003068.23",1.20828178431219
"AC006160.5",1.20825459408609
"RP3-358H7.1",1.20743856488395
"RP11-617D20.1",1.20740250561759
"FUNDC2P2",1.20689930397893
"CTD-2545M3.8",1.20677036649315
"OR14C36",1.20672976964907
"RP6-65G23.1",1.20672556139488
"RPL21P75",1.20620485273915
"XXbac-BPG32J3.20",1.20589128112213
"CYP2F2P",1.20589023330785
"ICT1",1.20569704309586
"CRHR1-IT1",1.20538438673428
"OR4F13P",1.20506988152652
"LOC101927888",1.20477068821645
"LOC102724788",1.2046131706609
"RP11-76N22.2",1.20436794571257
"BMS1P5",1.20359084275019
"AC187652.1",1.20260510548338
"UBL7-AS1",1.20228868203295
"RP11-359N11.1",1.20162373710985
"RP11-1151B14.4",1.20154306013629
"RP4-622L5.2",1.20154305474765
"STAG3L3",1.20114764147853
"LINC01160",1.20103297813468
"CTD-2514C3.1",1.20087406795318
"LIMS3_1",1.20048624303156
"CALHM6",1.20034556915655
"CTC-512J14.7",1.20007498247666
"C6orf1",1.19964730971095
"RP3-323N1.2",1.19931357886695
"RP11-701H24.10",1.19750985521268
"C17orf96",1.19703516316208
"AC104534.3",1.1959985734961
"MAFG-AS1",1.19598167988423
"VIRMA-DT",1.19575290997873
"RP11-1151B14.2",1.19515232606295
"LOC100505716",1.19493699536029
"AC018804.6",1.19459140697272
"CLRN1-AS1",1.19409428138108
"MMP23A",1.194028174731
"RP11-325N19.3",1.19388471207024
"RP11-77K12.1",1.19365708723714
"AC006126.4",1.19343770670302
"RP11-54D18.3",1.19343434308696
"RP11-504P24.5",1.19340179338316
"ANKRD26P2",1.19321059029411
"TMEM213",1.19306035701149
"AC015969.3",1.192971911634
"OR2T11",1.19296621835311
"NPPA-AS1",1.19293789651646
"LOC101927588",1.19234881333982
"AC007880.1",1.19221184478043
"CLLU1-AS1",1.19220731215302
"RP4-551E13.2",1.19189892465662
"CTD-2540L5.6",1.19168878279413
"ZNF815P",1.19166133936254
"RP11-362A9.3",1.19122394765978
"RP11-879F14.3",1.19066594277381
"RP11-773D16.1",1.19038807315053
"RP11-156K13.1",1.18972720978122
"KRTAP19-2",1.18954693827842
"RP11-424I19.1",1.18840315412921
"RP3-340B19.3",1.18771946184039
"RP11-481E4.2",1.18764410900179
"CTA-363E6.6",1.18679117068305
"TIMM10B_2",1.18655870975899
"EIF2B5-IT1",1.18650263212794
"LINC00266-1",1.18513762056331
"AP000322.53",1.18498879525034
"KAL1",1.18431257289697
"RP11-326F20.5",1.18413199431718
"AC016629.8",1.18363157743575
"RP11-201E8.1",1.18331805178037
"RP11-265P11.2",1.18245451332555
"RP11-796I2.1",1.18143257291617
"DHFRL1",1.18107472596939
"AL049542.1",1.1801654522865
"RP11-195B21.3",1.17963227557911
"AC079325.6",1.17921576539046
"RP11-213G2.3",1.17890420807617
"CON_sp|K22E_HUMAN|",1.17863287196967
"UQCR11_1",1.1784196545997
"FBXW12",1.17741954762983
"CTC-430J12.2",1.17720338994408
"RP11-876N24.4",1.17615351133705
"RP11-43N5.1",1.17494709228864
"LINC01193",1.17479023424373
"RP11-726G1.1",1.17293742473508
"RP11-579D7.4",1.17286498745117
"SSBP3-AS1",1.17248984131289
"CTD-2561J22.5",1.17211548891231
"RP11-84A19.4",1.17208437640506
"TCF24",1.17150497482708
"RP11-261C10.3",1.17052009645666
"CTC-523E23.4",1.16923705935581
"AC018755.16",1.16839197674831
"PTPLB",1.16834113988383
"CTD-2319I12.3",1.16808083653997
"AP001816.1",1.16763659461624
"LENEP",1.1662188403372
"MT-CO1",1.16608068742029
"RP11-264B17.3",1.16598698323189
"LPHN2",1.16496540507376
"DCAF4L1",1.16299906040998
"TRIM31-AS1",1.16194562083547
"TRIM60P18",1.16175440712863
"RAD51AP2",1.16133193308651
"RP4-803A2.2",1.16132432782125
"RP11-103J17.2",1.16067619046415
"RP5-1057J7.6",1.16067615941303
"RP11-329N22.1",1.16053883050951
"RP11-37B2.1",1.15839656840144
"C11orf63",1.15837376734173
"RP11-56P9.4",1.15748104424039
"IFNL1",1.15657510500979
"RPL6P10",1.15657401701684
"AC093162.5",1.15638206509821
"AC102953.4",1.15595753575652
"SH3BP5-AS1",1.15566458822543
"RP5-1159O4.2",1.15489642332124
"RP11-439E19.3",1.15438241463299
"RP11-75L1.6",1.15423141666206
"RP11-598P20.5",1.15416781408993
"LINC01124",1.15310083248171
"LINC00456",1.15248161218393
"SAPCD1-AS1",1.15221713818766
"RP11-342M3.5",1.15221705904601
"NPIPA7_3",1.15211581082384
"GH1",1.15193698435102
"RP11-363L24.2",1.15152412028068
"NBPF23",1.1510867491399
"CYP2C19",1.15099804720341
"RP11-158I13.2",1.15078301246819
"LINC01096",1.1507363643952
"PARP4P2",1.15038730398196
"FAM115A",1.14862488554303
"LINC02204",1.14852111353093
"MTRNR2L8",1.14837456676871
"XXbac-B476C20.9",1.14800918364977
"BMS1P20",1.14671780488355
"LOC107985693",1.14668828297722
"LINC02539",1.14538856969174
"FLJ42969",1.14537985301416
"ZNF114",1.14477860962377
"CTD-2292M16.7",1.14459447710231
"CTC-360J11.4",1.1430791611359
"RP11-114N19.3",1.14296010815581
"LINC02172",1.14289016003328
"SHPK_1",1.14275331721418
"HBZP1",1.14267843802227
"RP11-597D13.9",1.14227135580372
"LINC01063",1.1417456943085
"TRBV5-7",1.14162131750333
"CTB-7E3.1",1.14145903594375
"MIR940",1.14142666881401
"RP6-91H8.1",1.14065413494838
"RP11-848G14.2",1.14060669377681
"GIMAP5",1.13950021740875
"LINC00551",1.1394372659741
"AL122127.25",1.13936760962746
"PVRIG",1.13929439128872
"LINC01979",1.13869709705596
"RP11-1415C14.3",1.13812638752953
"RP11-81N13.1",1.13697540987277
"URGCP-MRPS24",1.13472842396432
"PRC1-AS1",1.13209723585744
"RP11-268J15.5",1.13175201068379
"TPTE2P1",1.13092963394054
"TGIF2LY",1.1307781533234
"AJ006995.3",1.13070625819558
"RP4-680D5.2",1.13017690313766
"DARC",1.12942462046949
"RP11-368P15.3",1.12931899171348
"RP3-522P13.2",1.1292698150291
"FKSG62",1.1289276645818
"RP11-406H4.1",1.12879334877645
"CTC-235G5.3",1.12843558649299
"APOC1P1",1.12755916557211
"RP11-111M22.2",1.12744922061348
"FAM129C",1.12735104988545
"PMS2P5",1.1272957815846
"PPIAP22",1.12686620988594
"TCHHL1",1.12577043047937
"GOLGA6L20",1.1254745115457
"C4orf29",1.12535137635218
"AP006621.5",1.12516594035502
"AP000662.4",1.12460830892391
"CTC-360P9.4",1.12391440445136
"AC074138.3",1.12295712968595
"GPR139",1.1225951781932
"CRNDE",1.12217952891471
"C1orf51",1.12216571452062
"AC005003.1",1.12209722959279
"RP11-54O7.11",1.12172734051663
"AC021016.6",1.12094853957423
"RP11-107I14.5",1.12094853923481
"IGLVV-66",1.12094650027466
"RP11-597D13.7",1.12038094966779
"TMSB4XP8",1.1200440902012
"CTC-559E9.6",1.12003833578191
"KLRAP1",1.11982287156072
"RP11-708B6.2",1.11945640297871
"HIST1H4H",1.11929947469187
"C20orf201",1.11858981454543
"IDSP1",1.11817948930717
"AC093415.2",1.11748890745595
"KIAA1456",1.11704313967553
"LINC00391",1.11662278079539
"FAR2P2",1.11635557779532
"AC112198.1",1.11595329101577
"AC109829.1",1.1156548061395
"ADGRF5P1",1.11564109851327
"FOLR4",1.11434398121087
"HIST1H4A",1.1143013475971
"RP11-455B3.1",1.11429172299587
"RP3-523C21.2",1.11361446305595
"RP11-126K15.1",1.11355695082329
"AP000476.1",1.11280877603074
"AC002454.1",1.11278503849642
"LINC01816",1.11255411903903
"TP53TG3|LOC102723655|LOC102723713|TP53TG3E|TP53TG3F",1.11251195429724
"RBM14-RBM4",1.11237556604436
"RP11-177F15.1",1.11203522358152
"SEPT7P5",1.11190980398831
"RP11-235G24.1",1.11154048030708
"NBL1",1.11145851900992
"CTD-3099C6.5",1.111428713372
"AC026202.3",1.11036222653537
"CTD-2006C1.6",1.11003998207606
"RP11-419K12.1",1.10964049032083
"KM-PA-2",1.10911786339067
"RP4-665J23.4",1.1086673428275
"RP11-153M7.3",1.108187780836
"RP11-428L9.2",1.10783269091726
"RP1-65J11.1",1.10727356171108
"TRBV29-1",1.10723390175492
"CTD-3006G17.2",1.10594803271705
"AC007403.3",1.10475873014786
"ROCK1P1",1.10448632112072
"DDX12P",1.10398499823583
"U1_2",1.1032507723006
"PRAMEF14",1.10298265562425
"RP11-400K9.1",1.10271486645906
"RAB30-AS1",1.10264468251412
"AC009506.1",1.10205768601182
"RP11-387H17.4",1.10173312388431
"RP11-452H21.4",1.10008790690761
"RP11-321F6.1",1.1000734587165
"RPSAP58",1.09951609466802
"RP11-251M1.1",1.09769000421337
"ZNF271",1.09745361253025
"AJ006998.2",1.09708170817817
"LOC100421402",1.09684389366491
"HIST1H2BF",1.09615008052554
"RP11-653J6.1",1.09601676779342
"FAM160B2",1.09597306193308
"RP11-426C22.5",1.09556586181374
"NUTM2B",1.09486712201294
"RP11-907D1.2",1.09445077379063
"CTC-228N24.3",1.09376297605176
"OR8J2",1.09303049303261
"RP4-604G5.1",1.09248752119529
"CFH.1",1.09234847915143
"CTD-2587H24.5",1.09040582086243
"RP4-545C24.1",1.08959571961088
"RP11-504G3.4",1.08915259714288
"COL6A4P2",1.0890934458694
"RP11-435B5.3",1.08852304798744
"METTL12",1.08764127284791
"AP003733.1",1.08662152703786
"RP11-94B19.7",1.08654816954885
"CBS",1.08648401139686
"RP11-866E20.3",1.086044652061
"AC103563.8",1.08578588554114
"CTC-281F24.1",1.08577785339762
"TNXA",1.08533479479415
"RP11-375A5.1",1.08488316257323
"C4orf26",1.08422921524326
"RP1-93I3.1",1.08376850809496
"LILRA3",1.08343579520596
"LINC00984",1.08300985566396
"CTB-118N6.3",1.08275869291257
"RP6-206I17.3",1.08195471305474
"RP11-291C6.1",1.08140543579482
"RP11-429E11.3",1.08094076887729
"FTH1P2",1.08060024780021
"GOLGA8T",1.08012439371081
"BMS1P4",1.07930844049995
"EPB41L4A-AS1",1.077455114247
"MAGEA2B",1.07734810363976
"RP11-1109M24.5",1.07734672920295
"KRT8P4",1.07703134147763
"RP11-63B19.1",1.07699053374166
"RP4-794H19.1",1.07582260663515
"LINC02202",1.07536229379201
"RP11-112L6.3",1.07481750361004
"RP11-451B8.1",1.0741828146691
"RP11-58E21.4",1.07337049234987
"RP11-318M2.2",1.07328143744367
"FAM66E",1.07292762085037
"CTD-2377D24.8",1.07225471206632
"CTD-2296D1.2",1.07214698893906
"RP11-43F13.1",1.07190938524437
"RP11-50E11.3",1.0712346101269
"C9orf106",1.07108841711921
"AP000525.9",1.0707110837965
"NOMO2",1.07014095510095
"DCDC2C",1.06852739095175
"PCNXL4",1.06585339302948
"XXbac-BPG249D20.9",1.06569420871045
"RP11-981P6.1",1.06431276743311
"TPTE",1.06431166474867
"RP5-1103G7.4",1.06417889460701
"AL445989.1",1.06370736720783
"TMEM102",1.06258011528666
"AC096772.6",1.06150858333667
"ADCY6-DT",1.05947422638464
"BRWD1-AS1",1.05861262093962
"AC010733.4",1.05824984382547
"RP11-451H23.3",1.05726447157186
"TRBV10-1",1.05646561850398
"CTD-3131K8.2",1.05631855000759
"AC007682.1",1.05510235681808
"FAM35DP",1.05377184648425
"CCDC94",1.05365155226878
"CTB-167G5.5",1.05361633287096
"CNTN5",1.05361098264432
"RP11-656D10.3",1.05324389521642
"RP11-114H24.6",1.05322371168449
"XXbac-B461K10.4",1.05318062997876
"LINC01788",1.05311274305635
"CTD-2054N24.2",1.05256476055103
"VWDE",1.05206007331194
"RP11-879F14.2",1.05129082097722
"LCN6_1",1.04954532375692
"RP11-17A4.4",1.04954499959467
"Z83851.3",1.04923638495481
"RP11-613M10.8",1.04914748029928
"RP11-338H14.1",1.04895603005095
"AC007255.8",1.04835103784384
"ORAOV1",1.04799994361132
"AC079305.8",1.04782879186203
"RP11-171N4.4",1.04775827169784
"FAM19A3",1.04720458291861
"C11orf53",1.04591259520455
"RP11-176H8.1",1.04531540553261
"RP13-890H12.2",1.04524168498447
"RP5-857K21.4",1.04519587760076
"RP11-470E16.1",1.04508001901235
"TUBBP8",1.04491318645984
"YJEFN3",1.04490249695815
"RPL23AP82",1.04459455049118
"AC113167.2",1.04428503246251
"BLACE",1.0440006801677
"RP11-195M16.1",1.04334671098905
"AP000275.65",1.04334665127963
"AC114755.7",1.0432764402991
"RP3-395P12.2",1.0429095140138
"ZNF724P",1.04261487017444
"RP11-204N11.1",1.04247402164144
"AC007879.7",1.04246495713178
"AC092162.1",1.04194678413876
"RP11-13N13.2",1.041650437052
"RP1-93H18.6",1.04156205863654
"RNASE9",1.03816620993969
"ANP32BP1",1.03801375515373
"FAM195B",1.03781871281021
"AC091814.2",1.03733104726043
"RUNX1|LOC100506403",1.03697837376201
"CTA-292E10.6",1.0363408334166
"AC007319.1",1.03602058479545
"RP3-449M8.6",1.03490052863324
"SMIM45",1.03473724428748
"CASC15",1.03443539042819
"SLC9B1P4",1.03385253595251
"AC000032.2",1.03378434177697
"AC018766.6",1.0335629371111
"C12orf56",1.03307154659991
"C3orf17",1.03263194884191
"RP11-619A14.2",1.03175748630661
"AC079807.2",1.03158603584132
"MIR3916_1",1.03119576954252
"C11orf35",1.03090440248398
"MT1L",1.03071653575313
"RP5-1024G6.5",1.03037969860809
"TUBB3_1",1.02904770474638
"KIF25",1.02887060477698
"CEROX1",1.02616700815576
"C20orf202",1.02608352808353
"AC091633.3",1.02551768501895
"LOC105378231",1.02548769855618
"SYNJ2BP-COX16",1.02518991101455
"MANEA-DT",1.02487643406548
"AC002467.7",1.02479486759315
"SLCO4A1",1.02393410335358
"RIMS1",1.02372775851003
"GSTA1",1.02349580476735
"DAAM2-AS1",1.02305743324078
"LINC01116",1.02290116654935
"CCDC132",1.02075766592312
"FAM157B",1.02032045512061
"RP11-353H3.1",1.02002483277462
"CXCR2P1",1.01995277992083
"RP11-53I6.2",1.01991520034297
"RP11-165J3.6",1.01896674912483
"RP4-673D20.3",1.01876660244548
"GPRASP2",1.01874249382931
"RP11-544M22.13",1.01855122961941
"RP11-347C12.1",1.01851452798466
"KIF4CP",1.01708475846163
"HMGB1P31",1.01702983685391
"ARHGEF2-AS2",1.01698709147302
"CDK3",1.01662016271107
"SNHG32",1.01541148564733
"RP11-1149M10.2",1.0144326587593
"RP11-701B16.2",1.01409133636485
"RP1-59D14.5",1.01397844332032
"FAM178A",1.01240267842655
"AC093627.8",1.01217515548552
"AC105399.2",1.01217035156538
"LINC00116",1.01152142650292
"C5orf66",1.01107671118276
"ZNF890P",1.00993781232986
"AC025335.1",1.00922085219223
"PIN1-DT",1.00846896437648
"MED15P7",1.00771000878882
"RP11-1L12.3",1.00738727185041
"MIR146A",1.0073835748824
"FLJ20306",1.0073211674462
"LINC02749",1.00691416655366
"EEF1A1P7",1.00657140378849
"C12orf74",1.00631987855682
"RP1-40G4P.1",1.00595462501211
"OR2AK2",1.00589758342937
"RP11-358M11.3",1.00579055616759
"MRP63",1.00440129087797
"RP11-556E13.1",1.00425777776784
"AC007551.3",1.00397430466561
"MAST4-AS1",1.00381732786327
"HIST2H2BB",1.00348605123088
"WI2-3658N16.1",1.00325384616809
"RP11-114M1.1",1.00246598574578
"RP11-256L6.3",1.00197158804007
"AC000041.8",1.00128385929121
"LRRC3B-AS1",1.00099372248781
"IGHV3-75",1.00063920048544
"RP11-883G14.4",1.00047993401087
"RP11-874J12.4",1.00018918799103
"AC003991.3",0.998286061608359
"PKD1P1",0.997095957839086
"RP11-369E15.3",0.996149422115691
"RP11-13A1.3",0.995681758822439
"ARPC4-TTLL3",0.995407228881058
"AL589739.1",0.995342398563202
"AC006014.7",0.995250736293468
"DHRS4L1",0.994183643517604
"RP11-341G5.1",0.992011943865748
"RP11-227G15.3",0.991987402955424
"OR5M14P",0.991447501086275
"AC061961.2",0.990698964835733
"CTD-2514K5.2",0.990441877486824
"RP11-473M20.7",0.990288189085052
"AGAP7",0.990159899566512
"LRCOL1",0.989796656210014
"AC009404.2",0.989445546828354
"LINC01273",0.989235770669269
"RP11-135J2.4",0.989052074010151
"METTL20",0.987232243761316
"FBXL21",0.987069260841647
"LMLN-AS1",0.986304254665035
"LGALS17A",0.986158212264144
"RP11-806H10.4",0.985530815476314
"RP11-678G14.2",0.985210903868699
"GALNTL6",0.984667990142686
"C1RL-AS1",0.98444038908146
"RP11-568K15.1",0.984427459103021
"LOC101928059",0.983121718424364
"CTD-3092A11.1",0.982798934866248
"AC105053.3",0.982727039713281
"RPL27AP",0.982706320806839
"IGFLR1",0.982688559894479
"RP1-35C21.2",0.982679313519418
"RP11-447L10.1",0.982610995269614
"HIST1H2BJ",0.982594627128994
"RP11-574M7.2",0.982422821980732
"IQCM",0.982055207187504
"SOGA3_1",0.981919878840289
"PPAP2B",0.981778951062764
"RP11-455F5.5",0.981294020099586
"RP11-814E24.1",0.981226730314576
"SIRLNT",0.980612606431088
"AC008753.6",0.980402595901553
"RP11-404K5.1",0.98040233084484
"MED14-AS1",0.980216289845436
"CTD-2535L24.2",0.980216163470184
"GUCY1A3",0.980195441087423
"MYRFL",0.98017983920079
"AQP7P1",0.979874691982447
"LL0XNC01-237H1.2",0.97903179748485
"AC147651.3",0.978364869472116
"RP11-113D6.10",0.977152150122359
"CYP21A1P",0.977041716544744
"CTD-2366F13.1",0.975559847399806
"TRBV24-1",0.974192733427425
"NAMA",0.973886998488692
"KIAA0101",0.973497563632793
"LINC00315",0.972719829153945
"CTD-2132N18.3",0.972605445030056
"ZNF676",0.972010371692542
"AC006042.7",0.97165200042831
"OGFOD1P1",0.971651465015694
"RP11-30L15.6",0.971651242219085
"RP11-678G14.3",0.970878624860907
"RP11-386G11.10",0.970786473600772
"RP4-610C12.4",0.970575367321643
"ATP13A5-AS1",0.970196858414062
"CR848007.2",0.970196689916541
"RP11-312B8.1",0.969745935751677
"METTL21EP",0.969231429864753
"AC018799.1",0.969044472026934
"AC027763.2",0.968743966297593
"RP11-354E11.2",0.968679150663311
"RP11-25E2.1",0.96838042979247
"ITGB3_1",0.968245263466743
"CTD-2561B21.5",0.967874891054832
"AHNAK2",0.967652836008045
"C22orf43",0.965868666434546
"AL132709.8",0.965868659610487
"HIST2H2BA",0.965420212999139
"RP11-1085N6.3",0.964847237897785
"HIST1H1A",0.964682204363313
"TMEM72",0.964216320284139
"RP4-601K24.1",0.963847210577798
"AC093616.4",0.963843678640349
"AF064858.11",0.963776876616356
"DNM1P33",0.963739581181776
"AC009505.4",0.963739571175255
"GABPB1-AS1",0.961896664032745
"LYRM5",0.961820000934034
"RP11-361D15.2",0.961508629448728
"AC004854.4",0.961508595610897
"LINC01409",0.961375299203768
"RP11-561I11.3",0.961020043079143
"RP11-214C8.2",0.960439244246181
"MIR4435-1HG",0.959475689218969
"RP11-539G18.2",0.958847966582108
"RP11-215P8.3",0.958822479562907
"RP5-1073O3.2",0.958673780954912
"CEACAM16",0.958103971156882
"RP11-313P13.4",0.957753933958518
"HIST2H4A",0.957741318548037
"CTD-2620I22.3",0.957091418118771
"CTD-2090I13.1",0.956840370764179
"RP11-345J4.3",0.955598676063287
"SEPT7P2",0.95474336109064
"RP11-3P17.5",0.95431991099873
"FAM212B-AS1",0.953429181542695
"CCDC176",0.952671652678929
"H4C5",0.952177418425611
"RP3-417L20.4",0.952145647528647
"C21orf49",0.952036665083149
"C15orf54",0.951694998410074
"DNAJB8-AS1",0.951218690376874
"LOC283045",0.951039267091262
"POTEKP",0.94988753257086
"AC108025.2",0.948523109065507
"RP11-48B3.3",0.948284278335379
"CTC-550B14.7",0.947866632906603
"IGKV1-39",0.946952641812572
"PSMB11",0.946625654031659
"BAI3",0.946130859463175
"AL133481.1",0.945597447228963
"PRY",0.945040197890937
"RP11-66N24.3",0.944937425907373
"LINC00999",0.944277721380014
"RP11-434D12.1",0.943803041018367
"FAM175B",0.943202535194792
"PRRT1|LOC100507547",0.941898061780083
"NGFRAP1",0.941421390949086
"TEDC2",0.941416308925606
"RP11-115E19.1",0.941297969869074
"AC079779.6",0.941226292963232
"AC005772.2",0.940658714517427
"RP11-402G3.5",0.940642041235753
"RPL5P35",0.940627525529806
"RP11-2B6.3",0.939416116054585
"AC096574.4",0.939089745479716
"DGKK",0.938686109411205
"ZNF177",0.937253804940573
"AC093495.4",0.937138628832223
"TRAPPC2P1",0.935486067197816
"AL132709.1",0.934727150603407
"SOCS5P4",0.934716995372927
"LIPJ",0.934531453382947
"RP11-561C5.4",0.933860035136235
"ABCA10",0.933609524375411
"KRT16P6",0.933041338743434
"LINC01229",0.931518462062103
"RP11-86A5.1",0.931210514687131
"AC084018.1",0.930125003125644
"KIF4B",0.929709455231043
"RP11-798G7.7",0.92924623029184
"PRSS1",0.928836797705952
"LINC00954",0.928629479712994
"RP11-545E17.3",0.928394868705681
"RP11-805F19.2",0.927425595092262
"RP11-328J6.1",0.927023846850905
"IGHV3-16",0.926694690117852
"MAGEB17",0.925338411921348
"LINC00511",0.924623583493449
"FAM195A",0.924463123053888
"LOC101927745|LOC105369302",0.923704964095079
"MTCP1",0.922892892665075
"EIF2S3L",0.922327513053085
"RP11-60L3.1",0.921778559080577
"RPL9P9",0.921698428768468
"RP11-478P10.1",0.921344303670328
"MS4A18",0.921319508618545
"LOC730098",0.921181037188857
"TRIM39-RPP21",0.921024254478026
"AC022210.2",0.920714550424319
"RP13-653N12.2",0.920678858791847
"RP11-66N11.7",0.920529002165676
"RP11-930O11.1",0.920512528717668
"AKR7A3",0.920409861514609
"RP11-148B3.1",0.919068557873449
"RP11-440I14.3",0.919058671141608
"RP11-555F9.2",0.919050025614963
"RP5-947P14.1",0.918982576007889
"VWA9",0.918636824923887
"RP11-223C24.1",0.918028008520318
"RP11-87H9.3",0.918027765288308
"ALKBH3-AS1",0.917744781509591
"TTTY15",0.917641917197552
"RP11-6I2.3",0.917276892847687
"LOC728485",0.915482514055764
"LOC105371050",0.914949821101337
"LPHN1",0.914780919498688
"PANCR",0.914664336362035
"RP4-669L17.10",0.913689060338367
"AC022498.1",0.913636336098699
"RP11-468E2.4",0.913555275249675
"C10ORF68",0.913077682643026
"C1orf106",0.913045970666368
"BAIAP2-AS1",0.912688800722728
"LOC101929748",0.912209187943643
"RP11-139J15.7",0.912073531839813
"RP11-51M18.1",0.911982054808085
"AQP1_2",0.910940660388428
"FAM86GP",0.910630204930896
"LINC01611",0.910474837787877
"KB-1572G7.3",0.910384859484921
"SEPT5",0.909939150079167
"CTB-41I6.1",0.909017086675055
"HCRTR2",0.90899581926576
"FAM155B",0.908682336772025
"RP11-982M15.7",0.907838084749663
"RP11-588G21.2",0.907143593564178
"CTC-559E9.8",0.906015972806119
"AC093642.3",0.906007716726967
"KLRC3",0.905936685718085
"BTNL10",0.904092206158369
"RP11-88I18.2",0.904004573523571
"FHIP1A",0.90360571971908
"RP11-598F7.6",0.903472199393571
"CTD-2034I4.2",0.903441559627562
"RP11-849F2.7",0.903343388463787
"RAB19",0.902919667802512
"AC008271.1",0.902732160394864
"PRR7-AS1",0.902411214412734
"CENPBD1",0.902274547014345
"COL6A6",0.901810009381885
"AC005532.5",0.901765338921338
"RP4-669P10.16",0.901613265583106
"LINC02817",0.900762222531766
"RBM44",0.900668285953518
"RP11-23J9.4",0.900441639588219
"EFTUD1",0.898822364687356
"LINC00630",0.89755274550701
"KRTAP5-9",0.897404770220268
"HNRNPA1P5",0.897338333134372
"RP5-1074L1.1",0.897294162988574
"RPL7AP76",0.897122117667127
"RP11-829H16.3",0.896404768308475
"GS1-124K5.12",0.896313441878169
"BCLAF1P2",0.896275410092482
"LINC00237",0.896057694911948
"GYG2P1",0.895779874609342
"DDX6P2",0.895439534821643
"RP11-122D10.1",0.894855458487153
"HIAT1",0.893150542156496
"TBC1D3F",0.89309371662932
"ENPP7P5",0.893023353245006
"RP11-739N10.1",0.893023199307112
"RP1-261D10.2",0.89302319862856
"SGOL1",0.89275958610854
"RP11-475D12.2",0.892411552039861
"C16orf80",0.892237197111437
"LINC01067",0.891898834094342
"MYL5",0.89167480281732
"RP4-809F18.1",0.891494167627269
"OR2T4",0.891455561626319
"IGKV1D-43",0.891180328634294
"RP11-7O11.3",0.890379890274843
"C12orf39",0.890376264145894
"FAM83E",0.890113998489739
"LINC01134",0.890102843847465
"RP11-84C13.1",0.890012013537782
"RP11-554D14.6",0.889881084044175
"CTC-210G5.1",0.889278571842072
"HDGFRP3",0.88893049378829
"AC007566.10",0.888741059566358
"WHAMMP3",0.888316514710174
"MAGED4B",0.888168661284289
"GS1-57L11.1",0.888126602526627
"RP13-150K15.1",0.888056325220425
"POM121B",0.887596228685843
"RP11-513I15.6",0.886639734607532
"HLA-DQB1-AS1",0.886626869945776
"NOSTRIN",0.886236775984866
"IQANK1",0.885895729271724
"RP5-1013A22.2",0.885281016456355
"AC011343.1",0.884512431966425
"C8orf49",0.884074653251205
"SLC25A10_1",0.883588805253675
"SDHD_2",0.88347611703011
"RP11-85F14.5",0.883316507570873
"STAG3L4",0.88325251917816
"HMGN2P46",0.882451058429456
"RP11-431M7.3",0.882199443477898
"RBL1_2",0.879548611520931
"AP000442.4",0.877979883101459
"RP11-439E19.1",0.877882195602897
"RP11-195E2.1",0.877882194044334
"CCDC64",0.877785055797584
"INO80B-WBP1",0.877556207267675
"RP11-598F7.3",0.877136887667103
"MTRNR2L9",0.875665389713278
"LINC02182",0.875593582615481
"LINC00189",0.874325348679432
"AC009950.2",0.873045046341068
"NDUFA6-AS1",0.872888268463903
"NT5DC4",0.872429723778489
"EIF3J-AS1",0.872356782869566
"AC090587.5",0.872156204894848
"AC104653.1",0.872036749444425
"LINC00299",0.871360964203339
"AC010894.3",0.871177395469353
"CIDECP",0.871111940534437
"GNG12-AS1",0.870921045441134
"BZRAP1-AS1",0.868724438227671
"GOLGA8M",0.868651352008319
"RP11-85K15.2",0.86844878271192
"FAM138B",0.868404005338175
"RP11-91I20.2",0.868158671602817
"GGTA1P",0.867849525389131
"ABCC5-AS1",0.867743393749374
"PAXIP1-AS2",0.867585744925243
"TMEM5",0.867391485989158
"AC006372.5",0.866822734607489
"AC074389.9",0.866631339913187
"CXorf65",0.86580685676763
"RP1-231P7P.1",0.865344958447685
"LINC02126",0.865111323071743
"SUV420H2",0.864943302814086
"CXorf23",0.86449593033637
"AC003075.4",0.863814806038828
"RP11-551L14.1",0.863769911349682
"SIGLEC22P",0.863705395483398
"RP11-121M22.1",0.863072005517413
"RRP7B",0.862886197347093
"RP11-414J4.2",0.862449129332048
"MEIOSIN",0.862120635690488
"AIFM1P1",0.862112532526489
"RP11-1055B8.6",0.861274420777772
"RP3-475N16.1",0.861065391909769
"AC092835.2",0.860788633259822
"RP11-732M18.3",0.860735767440054
"RP11-111M22.3",0.859439344333598
"OR4N2",0.857721765797676
"RP1-69M21.2",0.857673867428026
"LOC105374989",0.855978238928251
"C9orf69",0.855583335305187
"YWHAEP7",0.855026722563315
"RP5-894A10.2",0.854985205874962
"KBTBD11-OT1",0.854701478296459
"RP11-69M1.3",0.854624538064842
"RPL12P4",0.854327310124892
"VIMP",0.854247986867621
"SELK",0.853972091236724
"RPL12P37",0.853926954996821
"RP11-520B13.4",0.853082778816134
"RP11-398E10.1",0.852638678223442
"RP11-579D7.2",0.852638613910022
"RP11-654A16.3",0.852637947580802
"VNN3",0.85229595631535
"THSD8",0.852230410126498
"C10orf12",0.85199571825486
"LINC00680",0.851327431157986
"AP001189.4",0.851206874620487
"OR13C2",0.85092636047015
"CAPN14",0.850842338333347
"RP11-286O18.1",0.85080627309796
"RP11-146N18.1",0.850806186466705
"RP11-662J14.2",0.849778607507706
"POM121L4P",0.849666453534115
"DDX11L9",0.849464950604374
"FAM87B",0.849053388744008
"N4BP2L2-IT2",0.848967093591553
"TRBV7-8",0.848742040326978
"ANKRD32",0.848152911937218
"HIST1H2BH",0.848066733193829
"CTC-524C5.2",0.847197053290201
"DDX11L5",0.846272757962273
"RP11-56B16.1",0.846117298177823
"PAK6",0.845444410979179
"C5orf28",0.845347163254832
"SCART1",0.845243693742414
"RP11-20D14.6",0.844543655598885
"SPATA8-AS1",0.844352043173067
"S100A2",0.843961897548
"AKAP17BP",0.843826621550724
"DKFZP434O1614",0.843550377407329
"AC011516.2",0.843412294999322
"ZNF687-AS1",0.843392521636119
"MIR924HG",0.842757707333777
"RP11-2H8.2",0.842660876650343
"RP11-219A15.1",0.842599771008
"RP5-977B1.11",0.842599606223673
"ZNF763",0.842553390309423
"RP11-44F14.2",0.842503751120077
"RP11-625H11.1",0.841893926209342
"RP5-1172N10.2",0.841444435051923
"NOTCH2NL",0.84103398629046
"GTF2H2B",0.840938231977198
"ANKRD20A9P",0.840662869990446
"AC083949.1",0.840618575587108
"LOC100132249|LOC105376060",0.840372267396656
"IGLV3-16",0.84029256074579
"CTC-339O9.2",0.838621832844
"RP11-97O12.2",0.836879668130857
"AL592284.1",0.836069597967331
"RP11-430C7.4",0.835610144259183
"LOC102724219",0.835327518009591
"CTD-2292P10.4",0.83447036970034
"AC002398.5",0.834418377369566
"AC097495.2",0.833920361082261
"RP11-402L1.11",0.833920360309263
"RP11-672F9.1",0.833920330690112
"RNF14P4",0.831805846810693
"RP11-326C3.2",0.831635747955579
"IRAG2",0.831607836496857
"RP11-541E12.1",0.831356603035466
"DACT3-AS1",0.831083923555993
"RP11-214O1.1",0.830559295755322
"RP11-184E9.1",0.830055145914874
"WDR16",0.829861342415939
"RP5-966M1.6",0.829423971705059
"AC093627.9",0.829034219445033
"RP11-427H3.3",0.827022441394085
"RP11-18H21.1",0.826174296824669
"CSTF3-AS1",0.825388973399827
"ENTHD2",0.824643751143826
"BACH1-IT2",0.824504934718565
"RP11-753H16.3",0.823517237578634
"STAG3L5P",0.8234965022589
"AF038458.5",0.823350499564257
"AF127936.7",0.823031304771096
"C1QTNF1-AS1",0.822990119928488
"CTD-2616J11.11",0.822722035127349
"MED15P9",0.821526063512681
"RP11-118B22.4",0.821165179430742
"OXCT1-AS1",0.820873417428885
"RP11-521D12.5",0.820850351886154
"LINC00920",0.820805147549125
"TPTEP1",0.82032703755568
"RPL7AP43",0.819781183600099
"FAM71F1",0.819778115212621
"AC007795.1",0.818292222925494
"AC002116.8",0.817944988501886
"KLRC4",0.817944883935
"RP11-64C12.8",0.817944804066588
"TRAV37",0.817944712331327
"ADIRF",0.81789508759091
"RP11-587P21.2",0.817367140979272
"WDR11-AS1",0.817090415910206
"CTD-2288O8.1",0.816997928922212
"RP11-484O2.1",0.816865213840883
"AC009951.1",0.816247938710573
"GPRIN2",0.815749402280807
"RP11-1280N14.3",0.81572720146677
"RP11-779O18.3",0.815013916222204
"RP11-578F21.12",0.814868583654682
"C19orf60",0.814622891476054
"RP11-1396O13.13",0.814440098449899
"SPECC1L-ADORA2A",0.814215226188941
"TBC1D3E",0.814022797535621
"ZNF528-AS1",0.814008470168386
"AP001610.5",0.813121635754187
"LOC392266",0.813050945304821
"HIST1H2AJ",0.812944320385812
"LOC105379130",0.812645043720495
"RP6-33F8.1",0.812433490808135
"RP11-794A8.1",0.812433394622964
"AP001065.15",0.812127623772387
"RP11-138E9.2",0.812068405532629
"LOC102723360|LOC102724701",0.812013886146479
"CTD-2547L24.3",0.811721211449485
"AC004076.9",0.810500073497494
"RP11-252A24.5",0.810413601415361
"AC004967.7",0.810159232953164
"AC005083.1",0.810138874584743
"RP11-362F19.1",0.809918604003834
"WASH5P",0.809315826373498
"RP11-764K9.4",0.808739820206457
"RP11-77P6.2",0.808121931991514
"UBQLN4P1",0.807972761229345
"AC092299.8",0.807825893943142
"RP3-449O17.1",0.807504561378719
"AC007386.4",0.806506955542922
"SUMO2P17",0.806213990959797
"IGKV1D-17",0.805801038773678
"CARKD",0.804603806487947
"RP11-298I3.1",0.804456027705746
"STAG3L2",0.804138106854502
"RP11-689B22.2",0.804060965298721
"ZNF252P-AS1",0.803854652063536
"MXRA5",0.802539977454847
"HIATL2",0.801175511059436
"PGAM1P11",0.8010312863382
"LINC02348",0.800627916490564
"RP11-96B2.1",0.800198984682334
"RP11-164H13.1",0.800052084414282
"KIAA1919",0.800045686215107
"HSFY1",0.799914581028799
"DDX11L10",0.799677513957849
"AC009501.4",0.799431074656864
"RP11-66A2.2",0.799185505853032
"RP11-357H14.17",0.798339479727437
"AL589743.1",0.798005034617257
"KB-1507C5.2",0.797483549838755
"RP11-545I5.3",0.796864823445884
"ANKRD20A8P",0.796568280542813
"PALM3",0.79474425762023
"RPP21|TRIM39-RPP21",0.794362110936921
"OR4D1",0.793771243047045
"FCRL4",0.793762419928999
"CNNM3-DT",0.793760806656996
"RP13-578N3.3",0.793511377635545
"SRRM2-AS1",0.793190431598928
"XXbac-BPG299F13.14",0.793038441531637
"ANKRD30BL",0.79296156359949
"ZNF658",0.792745921706937
"TPTE2P5",0.792439423618075
"PFDN6",0.791941890320163
"RP11-544M22.1",0.791631715709146
"AC079922.3",0.791556861322983
"AP000347.4",0.791338273889241
"MUC8",0.791326357957694
"RP11-222A11.1",0.791205437578482
"SLX1B",0.791114870908115
"RP11-290F20.1",0.790982986896768
"POLR2J2_2",0.790795104569417
"APOPT1",0.789886303036296
"RP1-20N2.6",0.788851076117974
"RP11-231C14.3",0.788610182955762
"PSMA1_1",0.788588094765683
"SNHG10",0.788231268772179
"TCIM",0.787930684573869
"RP11-6E9.4",0.787913410223851
"ZNF625",0.787726819251319
"AP001626.1",0.78747449180353
"AKR1B15",0.787335013367954
"RP5-878I13.1",0.787203999159814
"RP11-218M22.1",0.787157809153128
"NPIPA5",0.787128031894259
"LINC01039",0.786768771884765
"FAM187A",0.786551646090439
"C14orf142",0.786376389327523
"LINS",0.785674325336276
"RP11-744N12.3",0.785177067191856
"RP4-800G7.2",0.784956319732275
"HSFY4P",0.784956156742486
"hsa-mir-6080",0.783668552133205
"RP11-435B5.4",0.782904406724811
"PTPLAD2",0.781565276724533
"RP11-452L6.1",0.781019226742011
"RSBN1L-AS1",0.780735099010751
"ADM2",0.780010936228759
"ZNF793",0.779542348886504
"AC079779.4",0.779418655149365
"TRBV9",0.779225876983677
"C4orf32",0.778702448764136
"CCDC154",0.778190090996572
"HSPA8P4",0.778088831424727
"RP1-102E24.8",0.777325785754683
"KIAA0226L",0.777321694402195
"DLEU1",0.777002358597594
"RP11-1029J19.4",0.77655120345049
"RP11-644F5.10",0.775681860208806
"RP11-214L19.1",0.775672215889825
"C7orf55-LUC7L2",0.775441814669279
"AC005682.5",0.774862151278077
"COL21A1",0.774355303302591
"RP5-887A10.1",0.77426033908399
"AC005154.6",0.774052404715159
"RP11-546B15.1",0.77368786125458
"RP11-216B9.6",0.773687859615762
"RP11-130F10.1",0.772661094934035
"WASH2P",0.772582051481025
"SLC9C1",0.772436969868422
"RP11-430B1.2",0.771919004420445
"NES",0.771560378414632
"LOC105372268",0.77149983944815
"AC034228.2",0.77113776180472
"AC108056.1",0.770798667053932
"RP11-380D11.2",0.770798610325809
"PVRIG2P",0.770324715312762
"TSPY2",0.770027127170938
"CTD-2023N9.3",0.769983179109322
"RP11-613D13.5",0.769575440821739
"RP11-348J12.2",0.769550768077979
"TSPY15P",0.769286732722473
"OR8H1",0.76907586339783
"DHRS4-AS1_2",0.767636237039382
"TMEM72-AS1",0.767281576949703
"TBC1D26",0.76717920403066
"RP11-640M9.1",0.767076152422021
"HIST1H3H",0.766985922336655
"RP3-393E18.2",0.766128845400473
"GATSL2",0.766116777620962
"AC017074.2",0.764490453418916
"LINC02909",0.764441070157594
"AC091493.2",0.764155205605534
"RP11-157P1.4",0.764155003564315
"LOC100419917",0.763465805457123
"LOC112694756",0.763251708047476
"HNRNPD-DT",0.762709374447493
"RP11-146F11.1",0.762395603437443
"BCMO1",0.762119715673598
"KB-1572G7.2",0.761952741459074
"RP11-483E23.4",0.761173633761676
"LCN2",0.760331997757055
"RP6-109B7.3",0.759573537953578
"KLRC4-KLRK1",0.759315962250433
"OTULIN-DT",0.757509286092843
"EMR2",0.757502621295906
"TOPORS-AS1",0.756673406483578
"LINC00705",0.756629753193358
"ZNF66",0.756208074323862
"LRRC10B",0.755739458797725
"EFCAB5",0.755302339907636
"ST20",0.755043728106009
"CTB-12O2.1",0.754604350949055
"RP11-384P7.5",0.75438367152893
"C19orf40",0.754214110888485
"ATP6V1G2-DDX39B",0.754108824111374
"WHAMMP2",0.753848949700673
"SNHG9",0.753378612430507
"C11orf57",0.752440298265428
"CIRH1A",0.752407898902807
"FAM60A",0.752180495014414
"RP11-885N19.6",0.751357896186981
"PRAMEF8",0.751131819246903
"RP11-1113L8.6",0.750696933075704
"CTD-2555C10.3",0.750615571907471
"H2BC7",0.750464604722636
"RP11-365F18.1",0.749908659359276
"PNMAL1",0.74984505548373
"GATS_2",0.749640134608886
"LINC01238",0.749470225495876
"KIF28P",0.749199874097956
"RP11-501C14.9",0.748078200014851
"GS1-124K5.2",0.747594426995549
"RP5-1142A6.8",0.747437242905702
"RP5-1050D4.3",0.747307550136513
"RP11-530N7.3",0.747196953795542
"RP11-460I13.2",0.747196902191109
"RP11-1105O14.1",0.74719687620764
"RP6-159A1.3",0.747196165488819
"RP11-455F5.3",0.747016390323626
"LINC00906",0.746749435764386
"RP11-697E2.6",0.746631960698164
"HRASLS5",0.74646717496457
"ITFG2-AS1",0.74625434041264
"RP11-378J18.3",0.746216524033619
"RP11-206L10.10",0.746063960279358
"CTD-2021J15.1",0.745990442247904
"CTC-419K13.1",0.745990397603984
"AC034220.3",0.745990365435158
"AC017116.11",0.745990315400569
"RP5-1031J8.1",0.745990247313708
"NPM1P49",0.745990206786158
"RP11-321A17.4",0.745990172446788
"RP11-867G23.8",0.74599016874847
"RP11-23J18.1",0.745990105331191
"RP11-145G20.1",0.745990080514209
"RP11-909M7.3",0.745875615551171
"LOC101928834",0.745511772262753
"RP11-509J21.2",0.745334867333735
"AC021860.1",0.745313195196376
"RP11-1070N10.5",0.744709532615646
"hsa-mir-8072",0.744566766253139
"RP11-736I10.2",0.744465130003862
"SNURF_1",0.744147705886428
"KIAA1107",0.743998475317425
"RP11-292B8.1",0.743959367222853
"RP11-380M21.4",0.743763388956171
"RP11-192H23.7",0.743763250845489
"FAM203A",0.743717690345853
"CTD-2260A17.2",0.743163667844428
"DKFZP779L1853",0.742975884413305
"OR7E14P",0.742763574083264
"RP1-124C6.1",0.742577714075264
"AC011742.3",0.742501651308471
"ST7-OT4",0.742054081237948
"IGFN1",0.741902192974884
"SYCE3",0.741464515143759
"CTD-2196E14.4",0.741455763547935
"C4A|LOC110384692",0.741337700697934
"C3orf35",0.740664598655183
"CTD-3046C4.1",0.739987695565815
"RP11-875O11.3",0.738851606228146
"GYLTL1B",0.738685838336702
"LINC00623",0.738576706336641
"LOC728554",0.738552126154509
"ZNF300P1",0.738150525643029
"RP11-181G12.5",0.737563971209476
"RP11-337A23.3",0.736882508887302
"RP11-672A2.5",0.736873110475799
"SMC5-AS1",0.735714679196052
"RP13-279N23.2",0.735633259879162
"CTD-3010D24.3",0.73552085615716
"LINC00083",0.735261293798802
"RP11-622K12.1",0.735208237617087
"SRSF8_1",0.734980579373031
"CHMP1B2P",0.734958748220029
"AC008063.2",0.734305004129164
"CCT4P2",0.734304475964752
"RP1-30G7.2",0.734303633867744
"RP11-310P5.2",0.734303073480464
"RP11-729L2.2",0.734301843846662
"RP11-93H10.1",0.734301610654734
"AC099552.4",0.734205610089641
"C15orf26",0.734181411939443
"LOC101929494",0.733747223847103
"CTA-929C8.6",0.733567024038928
"RP11-159D23.2",0.733471787621692
"PPP4R4",0.73278215758278
"CTD-2562J17.7",0.73242403477926
"BOLA2|BOLA2B",0.732415660160116
"EIF4EBP3",0.732299433493264
"AP4B1-AS1",0.732217643519092
"RP11-535C7.1",0.732203986609036
"PPP4R1L",0.732049298923067
"GPR126",0.731973540560279
"INMT",0.731724895538355
"RP11-930O11.2",0.731409067107926
"LA16c-431H6.6",0.731322478838916
"RP11-672A2.4",0.730894574252225
"NNT-AS1",0.730826801446079
"ZFP91P1",0.730600334321528
"MIR3677HG",0.729953707091971
"LOC105378429",0.729786620981419
"NUDT16-DT",0.729540610159435
"RP11-378A12.1",0.728906331249488
"RP11-760D2.5",0.728676730404541
"RP11-175I17.2",0.728650679292705
"AC005392.13",0.728635310831666
"RP13-228J13.5",0.728597701521479
"MIPEPP3",0.7284358013183
"FAM247A|FAM247D|FAM247C|LOC105379548",0.728237223575206
"RP11-958N24.2",0.728067354019408
"STPG3-AS1",0.727464146441161
"HN1",0.726331332140593
"SEC14L1P1",0.725879426948124
"COSMOC",0.725097248391228
"RP11-365O16.3",0.725022835549107
"SPATA31D1",0.724343176180195
"TMEM179",0.724128935002444
"RP11-638L3.1",0.724113408982984
"KLHL32",0.723951594540574
"IFITM1",0.723747078413929
"RPL23AP7",0.723668142936936
"KIAA1009",0.721859185513824
"RP11-556I14.1",0.721610844096187
"LILRA4",0.721137758393651
"LY6G6E",0.720952665478221
"CECR5",0.720823261443424
"PTPRQ",0.720513170783121
"CTD-2192J16.22",0.720491920672186
"CTD-2369P2.10",0.71954820299423
"CTB-1048E9.7",0.719106897262296
"TNKS2-AS1",0.718480738921515
"SPAG5-AS1",0.717427798005127
"C9orf91",0.717382870678476
"GRAMD2B",0.717031217779222
"KRTAP5-10",0.715959875441789
"LOC100996842",0.715514983317153
"RP11-585F1.10",0.715492674227425
"CHODL-AS1",0.71519453628835
"SELT",0.715179778141085
"OR6C6",0.714692871984144
"LOC105371841",0.714007196738556
"KCTD21-AS1",0.713552757372622
"CTD-2037K23.2",0.712578122129058
"KPNB1-DT",0.712364945350879
"AL136531.1",0.711412491076681
"CPEB1-AS1",0.711282465352053
"ARHGAP36",0.710935655621025
"RP11-61A14.3",0.710920045199967
"RP11-556N21.1",0.710710671044383
"RP11-405A12.2",0.709910154929994
"PRR4",0.709163387086196
"C12orf36",0.708983040007907
"HMGB1P5",0.708768632286511
"RP11-977G19.5",0.708599143686524
"FAM86FP",0.708456943878205
"RP11-131L23.1",0.70835057758553
"RP11-638I2.4",0.708350275657624
"RP13-516M14.4",0.708183174206944
"LOC105370203",0.707081829629309
"DDT|DDTL",0.707012600025175
"CYP4F26P",0.706638929318674
"ANKK1",0.706514919651564
"HIST1H2AC",0.706468462927922
"C1orf101",0.706242996655384
"ZNRD1-AS1",0.705847268178278
"PRMT10",0.705845254861133
"RPL36A-HNRNPH2",0.705501644734818
"FAM71D",0.705094650801811
"AC093818.1",0.704429356975331
"OR52B4",0.704375693697219
"AC011530.4",0.704037270846366
"KLRK1",0.703712156783377
"C9orf41",0.703671972864591
"LOC101929327",0.703422939877401
"RP11-100K18.1",0.702741272338094
"AC005540.3",0.70222886199583
"TMEM55A",0.701861419852978
"CARD9",0.701610251103552
"RP11-383C5.3",0.700503479774802
"LINC00957",0.699730856502113
"RP11-452F19.3",0.69972659269501
"PTPRD",0.699725156384901
"C17orf53",0.699145796904352
"LOC389831",0.698930331757662
"RP11-631N16.2",0.698341596786463
"RP4-717I23.3",0.698236105849833
"CCDC74A",0.697589694534777
"KCNH4",0.697456050214
"AC062017.1",0.696962111780779
"C12orf65",0.696671737134842
"LINC02593",0.696566293538411
"RP11-203M5.6",0.696445536507993
"RP11-77K12.8",0.696445509447145
"CTD-2353F22.1",0.696210060335505
"RP5-1052I5.2",0.696046254626115
"RP11-529K1.2",0.69604531741189
"AC009495.2",0.696044083047575
"LINC00636",0.696017516394028
"TLCD3B",0.695961520022437
"RP11-1070N10.6",0.695816114816983
"RP11-473M20.9",0.695759244280323
"RP11-1348G14.4",0.695351183322633
"TRDC",0.695322082271258
"RP11-632K20.2",0.694871480383178
"DTX2P1",0.693568558398356
"RP11-982M15.8",0.692409159930799
"RP11-1018J11.1",0.692168402715965
"GUCY1B3",0.692086968333096
"LINC02166",0.691845820026507
"ZDHHC8P1",0.691405443690043
"RP11-713N11.4",0.691170990349819
"RP11-286H14.6",0.691022862769422
"HIST2H2BE",0.69096810261397
"RP11-89M16.1",0.690074593298594
"CENPBD1P1",0.689936324039503
"PRB2",0.689793319314429
"AC010084.1",0.689715364423189
"RP11-1049A21.2",0.68966552428391
"KRBOX1_1",0.689235582706707
"AC104135.4",0.689021043217091
"AC046143.6",0.688806974277905
"RP11-100L22.1",0.688442496825805
"RP11-44M6.1",0.688442331369103
"RP11-1084E5.1",0.688166077879396
"RP11-320P7.1",0.687423686997308
"COL18A1-AS1",0.687342834900132
"AC005682.8",0.687333516012942
"FAM173B",0.686668335823599
"HLA-DQB2",0.686132311748032
"RGAG4",0.685961378424645
"KIR2DL3",0.685755865702926
"CXorf40A",0.685584584691278
"RP11-881M11.2",0.685390062849815
"RP11-503C24.2",0.684994806371332
"TMEM194B",0.684442854373975
"C5orf42",0.683069668383544
"CTD-2540B15.6",0.682989790921681
"HNRNPA1P48",0.682818349126432
"TTC21A",0.682582823002184
"SUGT1P4-STRA6LP-CCDC180",0.682508261797106
"RPP14_1",0.681644704433367
"LINC00685",0.681603704470847
"ZNF32-AS2",0.679867865310488
"PLCXD3",0.679362125321066
"LOC154449",0.679111995966361
"WRB",0.678007978065858
"FAM178B",0.677737234952786
"SLC1A7",0.676163105407137
"NDUFA7_2",0.675897201719843
"FBLL1",0.675656184201501
"IGKV2D-26",0.675181042357324
"C9orf89",0.675141140601308
"B3GALTL",0.674179414430312
"LOC101927914",0.674113137825015
"AC113607.2",0.672783257618705
"RP11-298P3.4",0.672782772862182
"RP11-6I2.4",0.672782456173615
"RP5-858B6.3",0.672782203953474
"AP000442.1",0.67232664829189
"FLJ16779",0.672053720061878
"HOXD-AS1",0.671806966688431
"RP6-99M1.2",0.671650409648765
"ANKRD20A2",0.670808903880967
"FAM215B",0.670367698107323
"AC138647.1",0.670034561252449
"AC068580.6",0.669673657375571
"RAB15",0.669436236559066
"DINOL",0.669107050903195
"AGPAT6",0.668817770693973
"RP11-74E22.4",0.667909482497051
"CTD-3214H19.4",0.667529559345802
"TMEM110",0.666778081748533
"ZNF850",0.666286682396039
"SDPR",0.666013444770446
"GMDS-AS1",0.665327446029296
"RP11-367G6.3",0.665312326632955
"PGM5P3-AS1",0.66511616211115
"TNFAIP8L3",0.664493990594768
"PCDH10-DT",0.664084931368472
"RP11-259O2.3",0.664061962510392
"SRP72P2",0.663653440957853
"RP11-355O1.11",0.663551906968669
"TRAV17",0.663438931569126
"ZNF33B_1",0.662176662001379
"IGLV1-36",0.661869992640706
"SLMO1",0.660966537514199
"AC005307.3",0.660511607040466
"LOC122455342",0.660390684531314
"RP11-1023L17.1",0.660266289131209
"SOX4",0.660113091867615
"RP11-4O1.2",0.659081491562659
"CNPY1",0.658807901776513
"ZNF230-DT",0.658077271699299
"RIMBP3C",0.65766251130383
"CDKN1A",0.657341701660463
"GLYATL1P1",0.657234127688105
"SLC5A4-AS1",0.657196286949406
"RP11-266A24.1",0.656690733927006
"PPIAP9",0.656316512934894
"SAP30-DT",0.656074913850104
"LINC01635",0.656044309514102
"BRICD5",0.655968256285448
"LINC00333",0.655934661179804
"RP11-27K13.3",0.655934647867133
"RP11-686G8.2",0.655934647029578
"RP11-669M16.1",0.655934613664858
"RP11-61O1.1",0.655934585887907
"RP11-967K21.1",0.655934551857558
"AC003092.1",0.655934541773263
"RP11-132A1.4",0.655207790358102
"KB-1208A12.3",0.655062162099873
"RPL9P8",0.654786333016886
"RP11-227G15.8",0.654518680142206
"MTERFD2",0.654443485106361
"CCDC53",0.654418112019975
"RP11-99H20.1",0.6542411533722
"RP11-246A10.1",0.653716770318594
"GCN1L1",0.653358592227687
"LOC653653",0.653147308658605
"SEPN1",0.652513925720472
"NRN1L",0.651943577728927
"AC019186.1",0.651836885417784
"RP1-240K6.3",0.651836485731432
"CTD-2547E10.3",0.651433914805784
"RP11-498C9.12",0.651419740381435
"PTCHD3P1",0.650935597340269
"PRUNE",0.650766734844611
"HIST1H2BK",0.650251346697885
"RP1-317E23.3",0.649558427677887
"LOC105375519",0.649151876579949
"BX255923.1",0.648997275028249
"RP11-96H19.1",0.648964952000067
"FDX2",0.648951699098389
"MTERFD1",0.648228098992169
"RP11-128D14.1",0.648227733111711
"LOC101928012",0.648048840923358
"RP1-29C18.8",0.648027455237298
"RP11-56B16.2",0.647916885005926
"LRRC77P",0.647903404916303
"LA16c-13E4.3",0.647729623858113
"RP4-798A10.2",0.647258897383187
"NKILA",0.646386749659222
"LOC101928386",0.646232646248966
"RP11-156P1.3",0.646132302589689
"PLA2G4D",0.645741664471686
"AC074212.6",0.645719673394453
"SUZ12P",0.645599247213787
"CTA-217C2.1",0.645599084304272
"C6orf25",0.645297263205862
"RP11-443B7.1",0.644895697751212
"ISPD",0.64479337799939
"RP3-395M20.8",0.644337349015014
"ZNF542",0.643078370819698
"WBSCR16",0.642797455591073
"HIST1H2BG",0.642555464403176
"RP3-400N23.6",0.64221904553948
"RP11-389O22.1",0.642218948990467
"RP11-12A2.1",0.642218699213444
"LINC00314",0.642218537258063
"AC093734.1",0.642218526452864
"RP11-206M11.7",0.641704196904237
"AC006445.7",0.641590388584127
"RP11-212D3.4",0.641295087070378
"RP11-693J15.5",0.641199001195849
"AC131097.3",0.641102103607087
"CGN",0.640846171000246
"FAM179B",0.640531113661199
"TP53TG3C|LOC102723655|LOC102723713|TP53TG3E|TP53TG3F",0.640411160338136
"RP11-93I21.3",0.640078734706086
"CTC-493L21.1",0.639869953532079
"TVP23C-CDRT4",0.639709526700345
"RP11-527L4.6",0.639686672857125
"TENC1",0.639641074898929
"CTD-2020K17.1",0.639434927674298
"TSSK5P1",0.639142129762434
"AK3P3",0.637578861398465
"LINC00547",0.636621318642371
"LOC122526780",0.636479848484657
"MSC-AS1",0.636076298672424
"SGOL2",0.635837749186916
"CTB-31N19.2",0.635731618893708
"LINC00867",0.635731417408944
"AC159540.1",0.635222604676835
"N6AMT2",0.635070580090124
"BCRP3",0.634292692531512
"RP11-337C18.8",0.633918243903888
"CALCA",0.633862868024891
"ARRDC3-AS1",0.633238181733348
"RP11-177C12.1",0.63298367614341
"RP11-750H9.5",0.632385133744011
"RP11-445K13.2",0.632320447351776
"TICRR",0.63225562958941
"OSBPL10-AS1",0.631891656584835
"RP11-867G23.3",0.631460422167986
"PTRF",0.631426935183988
"FAM212A",0.631413519729826
"TTC41P",0.630879143737821
"DCDC5",0.630876416586856
"AC024592.12",0.629558866012077
"RP11-640M9.2",0.629434455086314
"PTPLA",0.629238388559616
"RP11-554I8.1",0.628724343249054
"SMCO2",0.62807586792249
"RNF139-AS1",0.627797627118707
"RP11-556K13.1",0.627680860408255
"MRPL30_2",0.627678466552933
"CTD-2140B24.4",0.627547299729809
"OR2AG2",0.626649428408935
"CD97",0.625755488895277
"RP3-329E20.2",0.625656082093197
"LINC00908|LINC00683",0.625478209912642
"LOC122513141",0.624621667205278
"RPAP3-DT",0.624541199561962
"URAD",0.624510557284391
"RP11-267C16.1",0.624111434572862
"ANO1-AS2",0.624108162882528
"MRPL30_1",0.623946132547749
"KIAA1875",0.623689506670415
"CTD-2583A14.9",0.622955115787135
"DDX11L16|DDX11L10",0.621658498108327
"RP11-346D6.6",0.621532974553165
"ZBED6CL",0.621517967065139
"HSP90AB2P",0.621290982998232
"RP11-154J22.1",0.620985369327668
"NEXN-AS1",0.620370246975687
"CTA-407F11.7",0.619776458957937
"CHKB-CPT1B",0.619735782261664
"ARIH2OS",0.619664285779723
"AKR1D1P1",0.619444265809048
"HRASLS2",0.619238099896835
"RP11-603B24.1",0.61898726229445
"CLEC17A",0.617984936468917
"PMS2P11",0.617801866778144
"NPIPB7",0.617647302988203
"PDGFA-DT",0.617612192236682
"CTA-109P11.4",0.617398536263273
"AC012370.2",0.61739775092234
"AC008781.7",0.617397619389781
"RP11-518L10.5",0.617397566131468
"SPG20OS",0.617396620520286
"RTN4RL2",0.616865802367772
"NME1-NME2",0.616856343711721
"RP1-241P17.4",0.616752423449803
"DPY19L1P1",0.615512612016625
"PCDHA5",0.614981708185855
"RP11-425L10.1",0.614405176010335
"LRRC37A2",0.613537480314119
"TWISTNB",0.613375136629346
"UGT2B7",0.612437158492554
"RP11-645C24.2",0.612174848231763
"UCN2",0.612106272971386
"LINC01562",0.611901630789812
"ZNF192P1",0.611687076728741
"LOC101927418",0.611365780384697
"CTBP1-AS2",0.611254656802026
"PTOV1-AS1",0.610966506935788
"TMSB15B|LOC122394733",0.610786845937866
"CTD-2561B21.11",0.609842676720283
"AC006994.2",0.609281790684681
"SEPTIN7.1",0.609005415966008
"RP11-586D19.1",0.608642119308255
"RP11-347H15.5",0.608518985086103
"FAM157C",0.608355719493978
"RP11-296A18.3",0.607440028891822
"AC125232.1",0.607183939266773
"CCN2",0.607024283332691
"LINC00632",0.605769836086979
"ABC7-42389800N19.1",0.6056838842767
"WBP5",0.605630637893266
"EEF1A1P6",0.605353092035356
"AC004951.6",0.605240299243797
"PCLAF",0.60467488575118
"RP11-1105G2.4",0.603831310213183
"TRAV8-5",0.603298626449625
"AP001062.8",0.603298549926502
"C19orf48",0.603108704191081
"HMGA2-AS1",0.602346113374132
"LINC00674",0.601778735595107
"EPT1",0.601539872931215
"COL24A1",0.60067245825503
"RP11-438J1.1",0.60051276710421
"GOLGA6L10",0.599775851434949
"ADGRL1",0.599663053531617
"IGLV2-8",0.599651562143937
"C3orf55",0.599395453353217
"AC093838.4",0.599352257138099
"MFSD7",0.599067265125294
"CTC-471F3.4",0.599015747661897
"RP11-142C4.5",0.598708527828074
"NEU4",0.598506624643996
"TMBIM4_1",0.598374940971728
"GRM6",0.597631749028728
"PAGE5",0.597557445160015
"AP000354.2",0.597014453624991
"C5orf54",0.59678087138897
"CCDC79",0.596032040720679
"HIST1H2BB",0.595794128573721
"C20orf96",0.595776261711593
"FAM63A",0.595479919366283
"TMSB4Y",0.595419641770226
"CYR61",0.594865118524077
"RP11-794P6.6",0.593790363370316
"CD101-AS1",0.593759753696905
"DIAPH1.2",0.593502344779844
"CTD-2033A16.1",0.593386677495628
"FAIM3",0.59309062326879
"PNMA6A",0.592711885351669
"FBXL22",0.59250723259089
"LINC00466",0.592205368604657
"YWHAZP4",0.592192100761166
"FAM63B",0.591526345948635
"SHLD2P1",0.591398956127912
"RP11-296I10.3",0.59046355698604
"FAM27C|LOC105379444",0.590188652129039
"RN7SL689P",0.590102445599184
"LOC100652824",0.590081790074305
"PFKL.1",0.590075122249961
"AC114752.3",0.589978449236873
"AC098823.3",0.589768270966951
"AGAP6",0.589613759791117
"C18orf8",0.589278165361827
"FIGF",0.588610592289047
"LINC02008",0.588114979167469
"LOC101929898",0.588035669827773
"GPRACR",0.587579086054947
"SPDYE6",0.587383043561379
"C7orf72",0.587135762328528
"AP000479.1",0.586265586618619
"TAP2_1",0.586254651257578
"TM4SF19",0.586213080662594
"RP11-816J6.3",0.586147797496014
"PLAC8L1",0.585314340328319
"C6orf211",0.584821065407998
"MT-ATP6",0.584610427937175
"RP11-468E2.9",0.584141159995741
"RP11-138B4.1",0.584052962020057
"KRTAP10-2",0.5836619046635
"CTD-2542C24.2",0.583303929296185
"ZNF137P",0.583118706535905
"REXO1L11P",0.582524407193195
"LRRC16A",0.582484766880732
"CTD-2073O6.1",0.581883611811601
"PLEKHM1P",0.58187052124914
"RP11-110G21.1",0.581833127736639
"AC005618.6",0.581521189047496
"RP11-159G9.5",0.581378197675317
"TPPP",0.581284912415429
"ZNF705A",0.580864305542569
"VPS37D",0.580737137598734
"COL6A4P1",0.57967075906413
"KB-1980E6.3",0.579054284084091
"DNM1P47",0.578866327156368
"RP11-540A21.2",0.578854140955732
"RP4-754E20__A.5",0.578511733292591
"RP11-441O15.3",0.578461975261474
"ATP5EP2",0.578248831277193
"RP11-69I8.2",0.578120480208226
"GTSE1-DT",0.577740784065897
"WBSCR17",0.577402848151825
"RP11-175P19.2",0.577134920406881
"TAS2R60",0.575971570610352
"NEFM",0.575743120371629
"RP11-466L17.1",0.575513718616134
"AC003104.1",0.575043631743732
"BMS1P14",0.574799097580857
"RP11-798K23.1",0.574361509406112
"CGB5",0.574266514681463
"C4orf21",0.573774025021315
"LINC01619",0.57282761910582
"C1orf170",0.572799413784898
"AE000661.37",0.572117351575732
"AC137932.6",0.571660345120401
"BCRP2",0.570926493035353
"BMS1P6",0.570763151588413
"AMICA1",0.570509045572166
"SCHIP1|IQCJ-SCHIP1",0.56987460704916
"RP11-426L16.8",0.569863839114727
"KIAA1279",0.569543381032284
"TTC18",0.56876620764258
"DDX11-AS1",0.568332469152373
"RPS2P32",0.567994164791017
"FAM95B1",0.56796789281229
"TMPRSS7",0.567902580256315
"RNF39",0.567827178223054
"PTPLAD1",0.567663288451145
"TMEM256-PLSCR3",0.56760755302247
"PDXDC2P_1",0.567488521462494
"AC092299.7",0.567415823632539
"MAPK10-AS1",0.566910560577635
"LOC100996437",0.566562370996579
"LOC100129931",0.566031640717592
"AP004550.1",0.565697651774825
"HIST1H2BC",0.565533919422011
"ANKRD18DP",0.564642117190662
"UNC93B8",0.564505270118502
"LINC00634",0.564293710920883
"CTD-2587M2.1",0.563711637003922
"AC004985.12",0.563515134685733
"RP11-392E22.12",0.563515114865868
"LINC00403",0.563466898480205
"RP11-567I13.1",0.563377291675699
"RP1-232P20.1",0.563292266426889
"FAM156B",0.56314221344657
"AC004980.7",0.562726611161885
"ZNF663P",0.562443809060061
"RP4-583P15.11",0.562100918373612
"hsa-mir-1199",0.561959607911487
"LRP11",0.561061032135396
"RP11-328J2.1",0.560964235388458
"RP11-58E21.5",0.560964141640377
"RP11-401L13.5",0.560964060575942
"RP11-344B5.4",0.560964006605545
"MANCR",0.559819022002943
"FAM224B",0.559623660927834
"SLC6A7",0.559622247173307
"KIAA0125",0.559242365856694
"RP11-314O13.1",0.558505836782795
"CTB-89H12.4",0.558316213589084
"HSD52",0.558234082877699
"AF064860.7",0.557985158649524
"RPA3-AS1",0.557863865552491
"CTD-2139B15.2",0.557860820251536
"CTD-2047H16.2",0.557764666529236
"PNMAL2",0.556965629248998
"ZKSCAN7-AS1",0.556949527375816
"DDX11",0.556916168122462
"SMN1|SMN2",0.556811589936481
"AC006486.9",0.556320221613445
"WNT3|LOC101929777",0.556105909940835
"RP11-538P18.2",0.555971708633135
"PARTICL",0.555968301593328
"CIRBP",0.555731294628209
"OR10AA1P",0.555145435371472
"PATJ",0.554897775392416
"FAM73B",0.554749881431622
"RP1-167G20.1",0.554256077656504
"H2BU1",0.55338165957225
"AC084082.3",0.553211177692164
"RP11-867O8.5",0.553135455860797
"IER3IP1_1",0.552177080922488
"RP11-173D3.1",0.552120479283052
"TBILA",0.552030897960398
"RP11-500M8.7",0.551527230233784
"HIST4H4",0.550938771560668
"FAM90A27P",0.550888671718374
"RP11-162A12.2",0.55074003180133
"AC135048.13",0.550431330365016
"LINC01285",0.550323862455892
"PRODH",0.549501726655536
"RP11-343B18.2",0.54946281776507
"RP11-104D21.3",0.548297759099224
"FAM27D1",0.54799944995326
"C7orf60",0.547918146325473
"BMS1P7",0.547896210323211
"ATP6V1FNB",0.547876413720877
"INKA1",0.547635931770993
"AC009948.5",0.547611178728012
"MIR646HG|LOC729296",0.546649064520136
"FTLP5",0.546172783238477
"FAM175A",0.546105860929291
"RP11-160H22.5",0.54582884086829
"C9orf139",0.545703032531845
"RP11-390F4.3",0.545099392367732
"RP11-10O17.1",0.544903490468827
"CCDC183-AS1",0.544477091297907
"TAT-AS1",0.544345568394551
"LINC00574",0.543967123916697
"DAXX|SMIM40",0.543359828369029
"AC092155.4",0.542605530167778
"ZMAT4",0.542306154344334
"AC137934.1",0.542276496466406
"U2AF1",0.541949260923057
"RP11-793H13.10",0.541832887077604
"XKR3",0.54077508651028
"RP11-632K20.7",0.540734670333682
"HS3ST6",0.540448129331204
"PIMREG",0.540105936334021
"RP11-324L3.1",0.539758896299586
"GTF2IRD2P1",0.539741482830878
"GPR116",0.539672495789426
"LINC02054",0.539617355545603
"RP11-737O24.2",0.539522499160792
"AC010492.2",0.539465842587263
"RP13-216E22.4",0.539397449498246
"C17orf72",0.538965570978719
"DAK",0.538766403440531
"FAM58A",0.538687451459705
"CXorf21",0.538480512246044
"FAT1",0.538479069511367
"HIST1H2BN",0.53841764155317
"LINC00243",0.53839970399878
"RARRES1",0.537942126244617
"RP1-266L20.4",0.537634600837461
"PSMD5-AS1",0.537598232215418
"RP11-77H9.2",0.537055894304385
"OR13C8",0.536780327431239
"RP11-221J22.1",0.536702335488121
"RP11-117D22.1",0.536486533014016
"RP11-347C18.3",0.536467288329992
"MIS18A-AS1",0.536246564574044
"RP11-395B7.2",0.535603362440138
"PCDHGA1",0.535526717360913
"RP4-801G22.3",0.535397387788529
"RP4-682C21.2",0.53539722041097
"RP11-159F24.3",0.535396982269754
"RP11-946L20.4",0.535396907195638
"RP11-460N20.4",0.535396621375527
"RP11-135J2.3",0.535396578363534
"RP11-60I3.5",0.535396484007038
"IGLV3-27",0.535394986784309
"ARL13A",0.535394847801983
"AMY1C",0.535394582963452
"IGHV7-81",0.535394545265567
"AL645728.2",0.535394419287411
"CTC-366B18.2",0.535394245879633
"AC008074.3",0.535394080798205
"AC073133.1",0.535313800070501
"MIR205HG",0.535254344972278
"CCND2-AS1",0.535007250613827
"TMEM194A",0.534963200018535
"RP11-506M13.3",0.534365842248967
"RRN3P1",0.53435645772508
"CTD-2006C1.2",0.534048280005649
"AC005618.1",0.533514046808782
"SQRDL",0.532835710747455
"SHB",0.532429529250849
"UQCRFS1-DT",0.532389806175023
"RP11-760N9.1",0.532219457508655
"FLVCR1-AS1",0.532073158842659
"NNAT",0.531688587364514
"CTD-3214H19.6",0.531451141560949
"OR2A9P",0.531448481014564
"KIAA1033",0.531270378503935
"RP11-667F9.1",0.530707293397502
"MTRNR2L7",0.530583726888445
"RP11-304L19.3",0.530548989307795
"PIEZO1P2",0.530483457709333
"RP11-70F11.7",0.530428333327185
"AJ271736.10",0.52956092983444
"HEATR6-DT",0.529440703954113
"CERKL",0.529079578743543
"RP11-254I22.2",0.528968788803899
"LRRC37A5P",0.528662121659838
"APOBEC3B-AS1",0.528397553799308
"SNORA67_8",0.528376365165077
"PAIP1P1",0.528197856909928
"WDR38",0.527752460383255
"RPL21P5",0.527433054345771
"FAM134C",0.527165131118576
"PRR5-ARHGAP8",0.527079611787832
"LINC00843",0.526869575692261
"CYP26C1",0.526721551581488
"RP11-420K14.1",0.526454881278107
"ELN",0.526404899607406
"IQCF3",0.526332717506501
"LOC728138",0.526064266762532
"DDX11L16",0.525990082906691
"C10orf11",0.525781488233644
"CBWD2",0.524400761106812
"DCTN1-AS1",0.523782975845023
"RP11-578F21.4",0.523309754771627
"UCHL1-AS1",0.523173665223252
"CTD-2541M15.1",0.523129343486368
"TRAJ30",0.522960037626561
"RP11-90C4.1",0.522746979929659
"LOC105370500",0.521206954511753
"ZSWIM2",0.521156962409195
"BBOX1-AS1",0.520898667787088
"TMEM240",0.520077737421859
"EDDM3A",0.519983892603223
"SIGLEC15",0.519828528995124
"LOC93429",0.519245606592137
"ITGA9-AS1",0.519161739068676
"RP11-693N9.2",0.519093714267021
"CCN1",0.51901311225525
"RP11-190P13.2",0.518828671765975
"TMPO-AS1",0.518699012310031
"DBF4P1",0.518287326306094
"RAB5IF",0.518181824326088
"RP11-10L7.1",0.517874087946379
"C9orf163",0.51783658829253
"PLEKHG1",0.517419655731082
"CTD-2215E18.1",0.517203576634234
"AP003025.2",0.516759603828862
"MAP2K1.1",0.516118576290827
"RP11-429J17.8",0.515916173122589
"RP5-1086K13.1",0.515635221926615
"FAM159B",0.515141775111285
"HKR1",0.515085161915384
"CCDC150",0.515036032779523
"LINC00210",0.515032191848833
"APITD1",0.513658246780335
"NPC1",0.513494899902296
"RP11-126K1.8",0.513214581109323
"WAC-AS1",0.513163847672868
"C7orf73",0.513002085921959
"FAM188B",0.512972019547162
"AC005562.1",0.512266990036651
"SETD5-AS1",0.511777833113249
"AC009093.1",0.511709645969749
"AXDND1",0.511681513619127
"RP11-705C15.5",0.511541048864145
"RP3-323B6.1",0.511241706705184
"RP4-800J21.3",0.510800731775504
"DCAF8_1",0.510543640842613
"EMR1",0.51029308755363
"SLC10A4",0.510281688816491
"SPACA6P",0.510120765984338
"GPR68",0.509258619949052
"HELT",0.509142620813659
"HIST1H2AK",0.509058431204761
"INAVA",0.508891351270163
"RP11-566K11.5",0.50881733072815
"RP11-22P6.2",0.507840880402776
"RP11-13J8.1",0.507840269400977
"CTB-50E14.4",0.507840250830987
"AP001596.6",0.507839446097609
"GCNT6",0.507839320596715
"CTD-2583P5.3",0.507839197984489
"CTD-2358C21.4",0.507839128227598
"AC092669.1",0.507839042142695
"MTND4P31",0.507838551338153
"CTB-58E17.9",0.507837347864373
"RP11-337C18.10",0.507835687699284
"RP11-379B8.1",0.50783361858226
"RP11-46O21.2",0.50782967869187
"STSP1",0.507825075146134
"RP11-760L24.1",0.507824839336592
"TRBV26",0.507819931912887
"RP11-15H20.6",0.506788854477333
"CTB-91J4.1",0.506390848398828
"TMEM255A",0.506288667927317
"RP11-344E13.3",0.506215035814143
"CDC20P1",0.505430486543002
"OR4F15",0.505098681166136
"C11orf98",0.505020480224264
"PDPK2",0.504969235835575
"CTD-2587H24.1",0.504819575436029
"LINC00211",0.504664266936019
"LEP",0.504582038521313
"C1orf27",0.504559958536212
"EEF1A1P42",0.50453641924709
"LINC02256",0.504087420897816
"TMEM191A",0.503848967575754
"DDX11L8",0.50328277203365
"LOC101927237",0.502944158833035
"GOLGA6L3",0.502772707332152
"RP11-694I15.7",0.502479210533531
"LINC01589",0.501973066177758
"RP11-182J1.1",0.501316612562791
"RP11-613D13.8",0.50120520953926
"LINC02861",0.50098541701893
"CON_sp|GSTP1_HUMAN|",0.500704835742817
"JMJD7-PLA2G4B",0.500637374189829
"LINC00969",0.500322915576534
"RP11-1191J2.4",0.500285360665742
"ATP8B5P",0.499602545531042
"RP11-14P20.1",0.49954651394851
"CTC-661I16.1",0.499258452969281
"C10orf76",0.498995039579293
"LEKR1",0.498623157582074
"Z82188.1",0.498500662483996
"PSMA1_2",0.498242856632045
"FRG1B",0.498015275396438
"AC009499.1",0.497946931242716
"AC002463.3",0.497768882486866
"SLC8A1-AS1",0.497760028085382
"ZNF763_2",0.497233491328723
"ANKRD20A4",0.497068727864112
"RP11-673E1.1",0.496731460383321
"FAM179A",0.496703504969607
"CON_sp|PRDX1_HUMAN|",0.496698678819283
"AC079466.1",0.496698414642274
"LRRTM3",0.495114089776759
"ZNF648",0.495033679677975
"TMSB4X",0.494924864032866
"C20orf196",0.494834611427609
"RP11-366L20.2",0.494678624674943
"LOC100288570",0.494669682208371
"AC015849.16",0.494555513363012
"LINC00882",0.494336130558361
"RPL24P2",0.494192987521091
"GOLGA6L21P",0.494100579019237
"AC006547.13",0.493787326604018
"NOTO",0.493505698042626
"RPL41",0.49346138144366
"RP11-464F9.21",0.493421416989346
"EFCAB8",0.493338926500826
"AC102953.6",0.493293209877297
"CTD-2081C10.1",0.493292822545721
"RP11-417E7.2",0.493292725500001
"RP11-281P23.1",0.49329269309115
"USP32P3",0.493292488438295
"HNRNPA1P72",0.493023014595753
"C8orf59",0.493022669342768
"OR10K2",0.492864967663557
"ZNF720",0.492680209718639
"MGC15885",0.492648092945756
"MRPL23|LOC107987373",0.492386412840113
"GALNT9",0.492339606326732
"GRAMD2",0.492253219835535
"KIAA1598",0.492166518723533
"LINC01073",0.492143301868358
"RP11-126K1.6",0.491870796525054
"RP11-46F15.2",0.491720733206467
"RP11-529H20.6",0.491421856199164
"WDR52",0.490880936710254
"RP11-163E9.2",0.490608568889008
"KIAA2022",0.490117353507698
"SEPTIN1",0.489952478130974
"AP001053.11",0.489757131176754
"RP11-685M7.5",0.489129935202216
"PLEKHA3P1",0.489082786338462
"SPSB2|LOC105369632",0.489072850855264
"AC061975.6",0.488790321323071
"RP3-510O8.3",0.488586636379328
"PPP3CB-AS1",0.488295438030611
"RP5-821D11.7",0.487726395945075
"PDE8B",0.487670361947102
"LRIT3",0.487489333021551
"C1orf213",0.487439205582213
"AC010536.1",0.487252127359596
"MYH13",0.48707704483691
"RP1-107N3.1",0.487020307205834
"KIAA0895L",0.486996183571149
"AC073283.4",0.486675914452408
"CYP4F29P",0.486452887369435
"TIMM23B",0.486268353752418
"RP11-445N18.5",0.486113267770723
"RP11-333E1.1",0.486106628638337
"EP400NL",0.486057766386664
"KIAA0907",0.485854305034144
"SERTM2",0.485754157493574
"JUN",0.4856431433205
"ZNF593OS",0.485280896699185
"CREG2",0.484954080000037
"DANT2",0.484933077207993
"C2CD4B",0.484616829439755
"RPL13P5",0.48420313411018
"CYB5R2",0.484122596034064
"ADIPOQ",0.484086284642084
"PRAMEF12",0.482936104106855
"MTND1P23",0.48251497681326
"RP13-131K19.2",0.482436719128361
"MRPS31P5",0.481798647079672
"C14orf178",0.481756727438559
"ASUN",0.481581361797119
"AC019221.4",0.481389984284809
"PGM5P4-AS1",0.481021091922249
"RP13-329D4.3",0.480553143031881
"STEAP3-AS1",0.480029206867648
"RP11-426A6.5",0.479716507714695
"WDR83OS",0.479560946093356
"HIST1H2BD",0.478991943783042
"CHADL",0.478395414763606
"GPR22",0.478207591991331
"AC040977.1",0.4777826177923
"CTD-2207O23.3",0.477715025778488
"PIK3R1",0.477685926105638
"RP11-158H5.7",0.477294604054367
"HMGB1P28",0.477130888079368
"CTCF-DT",0.476719525225613
"NPIPA8",0.476196627835321
"ZCCHC6",0.475728892797419
"TCEB2",0.475699489466106
"TRIM40",0.475689802558014
"PI4K2A_2",0.475041535575292
"TRBV27",0.475026295097689
"TNRC6C-AS1",0.474907308571611
"MAS1L",0.474843531689933
"RP11-274B21.1",0.474624779402207
"GAS6-AS2",0.474437120916399
"DUPD1",0.473812147319078
"AC093642.5",0.47316451772772
"PLK1S1",0.472897580796173
"RP11-18I14.10",0.472304557443499
"TUBB8B",0.472245881360967
"RP3-326I13.1",0.471965396471821
"CTD-2154B17.4",0.471769575306578
"P2RX6P",0.471769429213958
"RP11-445P17.8",0.47176899493885
"RP11-44D19.1",0.47176880427264
"ZNF382",0.471466898602114
"ATP8B1-AS1",0.471348941729589
"AC090103.1",0.471272189299749
"PRR19",0.471223567935888
"DLGAP1",0.470970765802239
"AC009262.2",0.469850872933243
"CTB-113P19.1",0.469849269590768
"EMR3",0.469469629537295
"MYEOV2",0.46941875377716
"PKMP3",0.469347579563872
"DCDC2",0.468930781523397
"RP1-17K7.2",0.468621301391638
"ACTBL2",0.468458057037747
"TRIM16L",0.468337713964902
"IRX1P1",0.468091691300635
"TIMM23B-AGAP6",0.468079971713996
"LGALS9C",0.467911604244179
"CFAP119",0.467401549288982
"UQCR11_2",0.467290286530628
"CCDC27",0.467169370464806
"KIAA1199",0.465990453229464
"KRT7-AS",0.465976954646113
"DNAI2",0.465605752973746
"AC005042.4",0.465586966293296
"ZNF516-DT",0.465026543632906
"FAM19A2",0.464837188431631
"RPS2P5",0.464687849502137
"IQCA1P1",0.464610473391123
"PNMA3",0.464487677311753
"MROH6",0.463702555097523
"EP400P1",0.463538941194155
"EEF1B2P4",0.462904973625087
"KIAA1244",0.462837518432053
"C2ORF15",0.46209845447884
"KB-1732A1.1",0.462032357504494
"RP4-686C3.7",0.461716516446073
"LOC102723701",0.461652068708417
"CICP5",0.461360595645991
"CTD-2547E10.2",0.461350942352664
"RP11-346L1.2",0.461092526372909
"AC009403.2",0.460973686837825
"RPL34-AS1",0.460961729476288
"CKMT2-AS1",0.46090106979879
"RP13-653N12.1",0.460839629651042
"RP11-703G6.1",0.460600116368971
"SKIV2L2",0.460485685780864
"ZNF767",0.459989813832952
"H19|LOC102724852",0.459780463628637
"HIST2H2AA4",0.459711308323326
"MTX3",0.459580865768704
"NOTCH2NLC",0.459435869561699
"DBX1",0.458657231029527
"CTB-55O6.12",0.458470525732505
"MPTX1",0.458373984806084
"ANKRD23",0.457579003157633
"HLA-DRB9",0.457370861159201
"TOX-DT",0.457310469944591
"RP11-1217F2.15",0.457306441001157
"LINC01625",0.457100968472625
"RASA4B",0.456869306442256
"KIAA1407",0.456816523060686
"DGCR5",0.456471353785413
"AF001550.7",0.455580573775981
"AC004381.7",0.455580539369692
"RP11-1149O23.2",0.455579831418101
"BMS1P12",0.455579692696163
"RP11-121A14.2",0.455579273282997
"RP11-299H21.1",0.455577410999572
"A1BG",0.455561926776521
"KIAA1467",0.455471191393462
"CTD-2583A14.8",0.455296240986937
"RP11-144G6.12",0.455087228573943
"MARCH11",0.454773985922133
"HOXC-AS1",0.454388249826696
"CFAP91",0.454375727728987
"RP11-706O15.1",0.454041407944443
"CTD-2023N9.1",0.453684036935072
"SRRM1P3",0.453623674202032
"RP11-330L19.2",0.45308593269149
"RP11-1149M10.1",0.453085922738833
"LINC00618",0.453085915496829
"PPBP",0.453005951380493
"LINC00266-3",0.452711691528118
"RFTN1P1",0.452400957825957
"RP11-148E17.1",0.452115868422574
"KALP",0.451981310090687
"RP3-510O8.4",0.451540287958596
"GLYATL1P3",0.451485751426477
"FAM194A",0.45132434078559
"PLPPR4",0.451162663847934
"LRRC37A16P",0.450852715955271
"RP11-664D1.1",0.450804678116827
"RP11-435I10.3",0.450565066490834
"HDAC4",0.450392602000948
"APOA1BP",0.450373282220516
"METTL10",0.450330608535483
"RP11-295G20.2",0.450230280594386
"RAB26",0.449997901356007
"TNK2-AS1",0.449974795275247
"ADAD2",0.449770949291753
"OR10A2",0.449093881470214
"F8A3",0.44902778817447
"TNN",0.448700420687486
"HLA-DQA2",0.448469297361396
"HERC2P9",0.448090682686529
"coy_tr|A0A3B3ISV5|A0A3B3ISV5_HUMAN readthrough, Uncharacterized protein OS=Homo sapiens OX=9606",0.447827849062628
"hCG_2014768",0.447757220084495
"LOC102724770",0.447718560663759
"LCNL1",0.447608953595079
"BZRAP1",0.447448286669005
"SNX2.1",0.446964458823874
"RQCD1",0.446951181500824
"SP9",0.446440660895799
"ADAMTS7P4",0.446376309837661
"RP11-730K11.1",0.445687940126449
"ZNF300",0.445669536647524
"NPIPB6",0.445424322104998
"C1orf56",0.445162714061876
"LCTL",0.445162639441467
"RP11-458D21.5",0.445146190975242
"IDI2-AS1",0.445116474270626
"DYNLT2",0.445043272104394
"TAPSAR1",0.445032952096623
"C9orf169",0.445021506879528
"CEBPB-AS1",0.44489183517065
"BRINP2",0.444646772650489
"TOMM5",0.444603082508799
"RBM15-AS1",0.444388372124973
"CCNT2-AS1",0.444341680281071
"PIDD1",0.444069796468151
"LOC105371730",0.443612949302566
"RP11-831H9.11",0.443358556456139
"SLC30A2",0.443330001002885
"SKOR2",0.443094956922731
"RP11-51O6.1",0.443045221640196
"TMPPE",0.442375023306397
"NDNF",0.442331328821443
"RP11-229P13.20",0.441758678151294
"C4B",0.441482772661659
"FOXD4L1",0.441460794993771
"HLA-H",0.441123685657503
"ST7-AS1",0.440602828707449
"CTD-3195I5.5",0.440487784406919
"PLCB2-AS1",0.440487070564677
"RP11-118M9.3",0.440486260747096
"RP13-20L14.1",0.440485366505751
"PPIAL4A",0.440451677518897
"MIF4GD-DT",0.440321360829774
"C6orf163",0.440152707007288
"TMEM105",0.440053748755916
"RP11-35G9.5",0.439196447597842
"RP11-517O13.3",0.438562261189617
"CHAF1A",0.438180148853183
"LINC02550",0.438128649842095
"LINC00888",0.43772927469625
"C6orf48",0.43756105258728
"NUTM2E",0.437329924236945
"NPM1P31",0.437279234542441
"VXN",0.437215572872935
"AC021224.1",0.437060041215665
"SNHG1",0.436553898436548
"RP11-179K3.2",0.436375339764131
"LOC115308161",0.435647779543854
"PI4KAP1",0.435621382245693
"FAM188A",0.435457090372469
"TRAC",0.435373395597642
"RP4-568F9.6",0.435106563976583
"ADAMTSL2",0.434855960299462
"U1_1",0.434790704040624
"NCMAP",0.434769113682937
"CA14",0.43463027680764
"DGAT2L6",0.434555910871206
"CTB-39G8.3",0.433923360793002
"FAM221B",0.433824199708455
"HDAC4-AS1",0.433468392044285
"ACN9",0.433323359015702
"SRRM1",0.433024887172709
"DDIT4",0.432139490455048
"KRTAP9-4",0.43172851352606
"UNC93B4",0.431720107172746
"ARMCX6",0.431498946528966
"DLGAP2",0.431045005375588
"ZC3H11A",0.430884987746966
"EEF1AKMT4",0.430591776308368
"LGALS7|LGALS7B",0.43053886076172
"PRKRIR",0.430380181252363
"ODAM",0.429891729855153
"HMGB1P45",0.4291799246598
"KMT2B_1",0.428125079742297
"C5orf49",0.428110066625243
"MICALCL",0.427987956473957
"AC008267.1",0.427856656141314
"LINC02857",0.427723674904041
"AJM1",0.427621824209966
"C12orf23",0.427379921668895
"CLEC9A",0.427272058403038
"RALYL",0.427162730703368
"ALOX12-AS1",0.426820080952348
"IGKV1D-33",0.426559589168959
"IGLON5",0.426543916694845
"MIR7515HG|LINC01246",0.426294058985906
"HIST1H2AG",0.426271337496038
"TEX29",0.425967481631371
"ISLR2",0.425138434254319
"RP11-366M4.8",0.425029287584732
"ZNF785",0.424957841572219
"AC024580.1",0.424598776547156
"SOX8",0.424227611931825
"TMEM261",0.424184090693783
"SNHG6",0.422509891400244
"RP13-512J5.1",0.422210075891089
"RP11-462G2.1",0.422209737297274
"RP11-451K18.7",0.42220962920246
"LNX1-AS1",0.422209589886595
"RP11-192H23.4",0.421903920316868
"OR10AD1",0.421591083721211
"ZNF816-ZNF321P",0.421274873085027
"RP11-872D17.8",0.420984423588275
"IGHV3-36",0.420841907465022
"TUBBP6",0.42066932665564
"CD99P1",0.420650559072977
"RP11-353N4.1",0.420551841694889
"RP11-458K10.2",0.420551683440959
"AC015971.2",0.420550668055449
"SYBU",0.420343906164915
"AC008865.1",0.420146623223487
"RP11-57H14.3",0.420146228294921
"SMIM17",0.419261203629652
"DENND2A",0.418270642945691
"ARHGEF17-AS1",0.417850092081374
"FAM105B",0.417569000588901
"CTC-308K20.4",0.417509204017699
"AC091878.1",0.417463100558356
"MIR3615_1",0.417133820497297
"RP11-90K6.1",0.417044342871253
"SCX",0.416688227310685
"LINC00624",0.41649471817155
"LINC00703",0.416258013721742
"RPS24P10",0.415933317740993
"MSL3P1",0.415865839623241
"AC091729.9",0.415481431247375
"EEF1A1P33",0.415459626706858
"U62631.5",0.415363589395807
"SCGB2A2",0.414794812991289
"CCDC28B",0.414734920037491
"TRIM52-AS1",0.414513791472273
"RP11-302M6.4",0.414380624585312
"TRIM73",0.414361352281317
"LOC105370532",0.414106499534834
"PANO1",0.414065086782219
"LINC00940",0.413767354811115
"ANKRD20A19P",0.413613386560781
"TM4SF2",0.413127266641852
"TM4SF19_2",0.413127250775637
"RP11-487E13.1",0.413123734317657
"RP13-1039J1.2",0.413123321834031
"RP11-723P16.3",0.413122942704583
"RP11-561I11.4",0.413122070948094
"RP11-384C4.6",0.413122067969784
"RP11-667K14.3",0.413121914826958
"RP11-655C2.3",0.413121572854247
"RP11-158M2.2",0.413119900640318
"RP11-1023P17.2",0.413119169776735
"RP1-7G5.6",0.41311796286655
"CTD-3088G3.6",0.413116860447228
"CTD-2308N23.2",0.413115085730619
"COX5BP6",0.413114509783287
"AP000431.2",0.413114309716319
"AC007349.5",0.413114225668157
"AC069154.4",0.413113965233524
"AL049829.1",0.413113696693682
"CTD-2231E14.5",0.413113258253111
"AC092964.1",0.413113083362208
"AC003006.7",0.413112226474255
"RP3-454B23.1",0.412412537627879
"RPL7AP62",0.412405084840526
"SFTPA2",0.412375941338475
"BPNT2",0.412359841302077
"UBBP4",0.411938377774675
"ANKRD20A7P",0.411875103097849
"ZNF837",0.411400041487366
"CYP2F1",0.410989496674931
"KIAA1841",0.410949634727264
"RBBP8NL",0.410512274473839
"NET1",0.410398892089772
"AP000487.5",0.410367888778568
"C2CD4A",0.409889630184929
"XRCC6P1",0.40971628151182
"CON_sp|RS27A_HUMAN|",0.409651415569447
"RP11-165F24.3",0.409228269273983
"CACTIN-AS1",0.409216852064701
"IDS_1",0.409168902605892
"TMEM14E",0.408852660020132
"SMPD4BP",0.408045977005083
"ZNF805",0.407989971852963
"AC144521.1",0.407959469082477
"CTC-550B14.1",0.407935100996587
"SERBP1P6",0.4078312014101
"AC104534.2",0.407828551529479
"NBPF20",0.407560303843017
"CDK13-DT",0.407273460572559
"C16orf62",0.407233101667203
"RBL1_1",0.406939035877861
"AGAP11",0.406928854861725
"TMEM55B",0.406612353548333
"AGBL1",0.406573223272629
"CTD-2196E14.9",0.406366859008456
"FAM69C",0.40607056782864
"HN1L",0.405992807313503
"KLKB1.1",0.405924511192717
"FLJ42393",0.405758093784717
"ZNF501",0.405707073004834
"MAP4K1-AS1",0.404680956907687
"NOTCH2NLB",0.404449194911779
"RP11-395P17.3",0.404147355284043
"TPM1.1",0.404099990235765
"UQCRH",0.404056008683123
"DOPEY1",0.4033128841531
"SV2B",0.40327511331551
"LINC03013",0.402583608318341
"RP11-261C10.2",0.40239799159832
"SYNE1",0.402100422846286
"P3H1",0.401661416244781
"CTD-2173L22.4",0.401370586177572
"GPR4",0.401217603497774
"TPTE2P2",0.401192729353831
"AC136289.1",0.401097766322134
"RP11-47I22.3",0.401089092934072
"PCNXL3",0.400764540510428
"ZNF713",0.400496686825079
"TOLLIP-DT",0.400456416403634
"PLEKHA6",0.400343966854055
"IGFBP7-AS1",0.399999407445185
"ZNF582",0.399407013727054
"NAA60_1",0.399051204275297
"RP1-92O14.6",0.399004129411517
"CELF6",0.398911493634427
"FNDC1",0.398784763088265
"C19orf10",0.398772582444033
"SIGLEC5_1",0.398703113066994
"SEPP1",0.398234982290057
"C6orf10",0.397969112970312
"RP11-90H3.2",0.397859271826482
"AC010082.2",0.397859155510929
"CTC-471J1.8",0.397858934857258
"RP11-37C7.1",0.397858656030965
"KIAA0368",0.397774939853579
"CECR1",0.397729706432043
"LRIG2-DT",0.397593582128581
"CTD-3148I10.15",0.397489412540324
"COL19A1",0.397448408528927
"FAM35A",0.3972303463149
"LINC01563",0.39686822958936
"RP11-223J15.2",0.396806221446557
"PPP1R13L",0.396764443561262
"CTD-2623N2.11",0.396332250919294
"C1orf186",0.395673016652638
"C16orf46",0.395094590729075
"PCDHGB4",0.394842304900726
"ADGRL1-AS1",0.394207067941527
"FAM177A1",0.394185847877069
"TPM3P9",0.393985003672512
"ADAMTS16",0.393895750138488
"UGT8",0.393742146908787
"AC004063.1",0.393603252537559
"CTD-3214H19.16",0.393602023837029
"CXorf31",0.393601812254055
"OR7E154P",0.393601499616628
"RP5-908D6.1",0.393601455842757
"XXbac-BPG157A10.21",0.393601440502944
"RP11-111F5.3",0.393601276489474
"HSD11B1-AS1",0.393573710535643
"ZCCHC16",0.393434313080094
"CTD-2231E14.8",0.393417307386141
"FAM27E4",0.393417202069687
"RP11-428J1.5",0.393417200157569
"LOC105377730",0.393203541417577
"ZCCHC11",0.393087158272771
"RP11-326C3.14",0.392875007869817
"RP11-894J14.5",0.39250278364021
"RP13-977J11.2",0.392219687728709
"TCEB3",0.392152608499656
"AK6",0.391578989608601
"RP11-863P13.5",0.391313778316545
"TREX1",0.391184643161294
"LAMA5-AS1",0.390375921344766
"RP11-302B13.5",0.390206039637539
"C10orf54",0.390002973561711
"RP11-286N22.8",0.389560344319951
"GNAS-AS1",0.389481777848669
"ANXA2P2",0.388855152539106
"RP11-492E3.2",0.388321729741131
"KCNJ13",0.388294578767895
"LINC00588",0.388225237851194
"CDKAL1",0.388183124345788
"MPPED1",0.388029201225159
"SLC1A5",0.387792867622246
"LINC01126",0.387429577645121
"EOLA1-DT",0.387413898173373
"HIF1A-AS3",0.387402922557669
"AGAP10",0.387254499896426
"GS1-124K5.11",0.3871178218892
"PARGP1",0.386730007771083
"CTA-211A9.5",0.386717576324592
"DHRS12",0.386593137005919
"MINDY4",0.386528272032487
"TLCD5",0.386445422891892
"AC004870.4",0.386419243604381
"RP11-313A24.1",0.386419109435151
"BOLA2B",0.386372551451011
"PAQR6",0.386351164939666
"BACH1",0.386210737886804
"RP11-212D19.4",0.385881364128934
"H2BC15",0.385561972255279
"RP11-453F18__B.1",0.385505236948937
"TMOD3|LOC112268148",0.385415706341094
"RP11-1398P2.1",0.385331783791422
"SRRM2",0.385156414391175
"RP5-1028K7.2",0.385043461602597
"RP4-760C5.3",0.384964423816762
"RP11-276H1.3",0.384874337764907
"RABL5",0.384525720900366
"RP11-861A13.4",0.38436231394667
"CCN4",0.384286399233711
"UBE2Q2P6",0.384273263397453
"DLGAP1-AS1",0.384220993347242
"CTD-2616J11.16",0.38420231764605
"INTS4L2",0.384044737743112
"ADGRL3",0.383997796202426
"RP11-410L14.2",0.38339351926233
"FAM122C",0.382948324485323
"RP11-731F5.2",0.382534554367268
"AFAP1-AS1",0.382287363208958
"CCDC169-SOHLH2",0.381890410365659
"MARCH7",0.381627089011372
"ZNF423",0.381304199013274
"ZNF8-DT",0.381252755774497
"ASPH.1",0.380691394113869
"MIR497HG",0.380122342693445
"TGFB2-OT1",0.380091750259988
"SULT6B1",0.380030030603696
"DUSP29",0.379928695975694
"RNASEK-C17orf49",0.379624644174176
"ADCY10P1",0.379551281574085
"C15orf38",0.379537920751276
"RP11-337A23.6",0.379236680986991
"MYH8",0.379107278588031
"RP11-1365D11.1",0.378908705457288
"RP11-767C1.1",0.378797889227506
"RP11-571M6.8",0.378630755660263
"CTD-2278I10.1",0.378490632325076
"P3H3",0.378311783803689
"FAM110D",0.378178230199122
"CSRP2BP",0.377964669695928
"SRGN",0.377947436976652
"NBPF24",0.377811933559717
"RASL11B",0.377054118233961
"CCDC101",0.377034523095963
"KRT223P",0.376754437830812
"C2",0.376721287270543
"RP11-89N17.4",0.375751199079087
"FKSG61",0.375217941110287
"FAM101B",0.375207971492091
"FAM20A",0.375193239248646
"HIST1H2AE",0.374845412390973
"HMGB3P14",0.374813940352078
"RP11-420G6.4",0.374780925887849
"TM4SF18",0.374425567838919
"CASC5",0.374349365199226
"MT3",0.37428720451013
"AP006621.8",0.374047886080939
"AC004840.9",0.373890861971945
"PP7080",0.373375213661589
"RP11-297H3.3",0.373346686164909
"NDUFAF2P1",0.373017739770739
"WASH6P",0.37267180441433
"TFCP2L1",0.372502815803006
"LMNTD2-AS1",0.372350632360815
"DDX18P2",0.372250523130051
"PPIAP58",0.372223372405868
"RP11-428G5.5",0.3721386273457
"CFAP61",0.371453109047929
"RP11-291B21.2",0.371091940570582
"OR51A7",0.370856463851889
"BOLA3-AS1",0.370739066028619
"ANKRD20A1",0.370716262112632
"CTD-2267D19.3",0.370520234865254
"ATAD3C",0.37042687569966
"GYPA",0.370189266911035
"RP11-231N3.1",0.369187843896062
"RNF126P1",0.369113965739593
"GON7",0.368964085804254
"CHAC1",0.36877815994735
"CAMSAP3",0.368581977770345
"FGFR1OP",0.368477785566844
"TNNI3K",0.368056923617914
"AC226119.5",0.368010388733202
"C6orf47-AS1",0.368010286448013
"FAM96A",0.367803153990658
"GABRR2",0.367636251704921
"SIGLEC11",0.367250168439352
"POLR1H",0.367240049287836
"CD27",0.367109555952115
"CDKL3",0.366548600566579
"CRIPAK",0.366232499954601
"HDHD1",0.365893299369499
"PPP1R18|LOC107987457",0.365800290139833
"NDUFB8_1",0.365376136784906
"ZSCAN23",0.365238174652184
"PPIAP49",0.364921831455073
"LINC01121",0.36383349742288
"ZNF436-AS1",0.363288484475148
"PGA3",0.362171283218652
"RP11-396K3.1",0.362060619793804
"GOLGA4-AS1",0.361873784970455
"CCDC135",0.361687374622603
"AC007182.6",0.361649590363053
"CCDC8",0.361417104546717
"TGM4",0.361299398645746
"RP11-364B6.1",0.361069267986511
"LOC100996442",0.361050645947655
"DFNB31",0.36087225164182
"SUGT1P4-STRA6LP",0.360741097026915
"KIAA0196",0.360683155224644
"TRIB3",0.360250834337287
"PCDH17",0.360140632392048
"RP11-798G7.5",0.359991841631158
"MAP1A",0.359867490380158
"OSCP1",0.359859423714378
"DOPEY2",0.359291456256096
"LOC339260|CCDC144NL-AS1",0.358959767011512
"GUCY2GP",0.358775678525647
"GALNT14",0.358732241058799
"RP11-844P9.2",0.358352428188821
"GARIN1B",0.35833242881369
"NSUN5P1",0.35825038876632
"ARHGAP42-AS1",0.358128396750592
"RP11-127B20.3",0.357925670733266
"RP11-17A1.3",0.357502016508831
"STUB1-DT",0.357480767680724
"SLC40A1",0.357380542730262
"RP11-276E17.2",0.356688327895537
"AC027612.4",0.356667341280574
"CASC4",0.356541600383083
"AC009518.4",0.356507271501
"CTD-2575K13.6",0.35637646015449
"UGT1A4",0.356271943749161
"AC079767.4",0.356129070653843
"RP11-525A16.4",0.355805320118461
"CTD-2616J11.2",0.355748013666195
"RP3-507I15.1",0.355680791447452
"GGTLC1",0.355658269709234
"IP6K2",0.355634958168839
"TUBA3D",0.355615567936393
"ZNF503-AS2",0.355557987984103
"C1orf86",0.355313216663627
"HDGFRP2",0.35504124779094
"POLR2J3",0.354791665999489
"LBX1-AS1",0.354456846097257
"HIST1H4C",0.354297145894743
"SELENOH",0.353950508571978
"LINC02983",0.353850434985265
"RP1-130H16.18",0.353780825461998
"TMEM35",0.353611510269818
"RP11-373N22.3",0.353511480740277
"KB-1507C5.4",0.353080244451029
"GOLGA6L19",0.353045611800341
"CXorf64",0.353002161589679
"FBXO39",0.352704283216278
"CLUHP4",0.352517738517711
"LYG1",0.352437110854304
"KIAA0247",0.352186245816549
"LOC105370791",0.351856841670277
"EEF1A1P25",0.350981584129805
"U91324.1",0.350706162271586
"RP11-686D22.5",0.350703979928801
"TRBJ2-2P",0.350703320028055
"RP11-629N8.3",0.350702503279981
"TM4SF19_1",0.350701613010334
"RP11-775A3.1",0.350701502458274
"RP11-523O18.5",0.350701025557458
"RP11-472N13.3",0.350700431752696
"RP11-46D6.4",0.350700081899266
"RP11-425I13.3",0.350696129980964
"RP11-38M8.1",0.350695358566134
"RP11-382J12.1",0.350691344692673
"RP11-33B1.3",0.350689562579853
"RP11-176D17.3",0.350686197001701
"LTB4R2_1",0.350685424843691
"LINC00864",0.35068145874338
"LINC00544",0.35068004311435
"IGLJ3",0.350679051945085
"IGHV1-12",0.350678020830783
"CTC-312O10.2",0.350671500213976
"RP11-284B18.3",0.350668835976079
"RP11-496I9.1",0.35066845434202
"GS1-279B7.1",0.350666233527712
"ARAP1-AS2",0.350666051698377
"CTD-2611K5.5",0.350666008006163
"AC104438.1",0.350665809973705
"AC104389.28",0.350665269235967
"AP000695.1",0.350664606216506
"AC012501.2",0.350663926772198
"AC016722.4",0.350662289555001
"AC005779.2",0.350659346359354
"AC009505.2",0.350658972087423
"ANKRD18A_1",0.350651065946493
"RP11-70J12.1",0.350522995646961
"WDR17",0.35043825722571
"ADCY1",0.350352955985663
"RP11-307N16.6",0.350156880076236
"AC005264.2",0.350088097736092
"RP11-12L8.1",0.350056479902999
"TACC2",0.349768672219608
"RP5-1115A15.1",0.349613694011203
"RP11-55L3.1",0.349613314251004
"RP11-725G5.3",0.349612998490966
"RP11-540B6.3",0.349612196922556
"RP11-124N14.3",0.349610970180605
"L34079.4",0.349610698667355
"CTA-360L10.1",0.349609509224508
"AC097532.2",0.349607142604736
"AC051649.12",0.349604857136429
"HMHA1",0.349591146567326
"NCKAP5",0.349375185990544
"AJUBA-DT",0.349303775799863
"PPIAP51",0.349206063321692
"RP11-889D3.1",0.349084997646315
"XAGE2",0.349019441124859
"PCDHB18P",0.348774516202358
"WASH8P",0.348471384673399
"AC008440.10",0.348292459113269
"RP11-258F22.1",0.348291110601228
"HHATL-AS1",0.348255233241898
"LDHAL6B",0.348236373320134
"RP11-71N10.1",0.347958548045033
"YAP1P1",0.347857673029101
"AC156455.1",0.347777105048614
"RP11-106M3.3",0.347446215226671
"RP11-867G2.6",0.347305262262344
"RP11-248J23.6",0.347015902195779
"RTEL1",0.346509049419632
"OR2T1",0.346096648226964
"GSDMC",0.346028726900379
"LOC101929004",0.345896278214671
"PPIAP29",0.345692625845187
"HP",0.345680349938768
"GET3",0.34511318259316
"BRE",0.344856333376648
"RP11-467N20.6",0.344726111238225
"CRYZL2P",0.34468551410876
"RP11-108K14.4",0.344536325275751
"SELO",0.344098530438688
"RP4-669H2.1",0.343801087358895
"NARG2",0.342910917023591
"GARIN1A",0.342112422067662
"RIMBP2",0.341704380848862
"GCOM1",0.341336995515285
"DDX11L2|DDX11L16|DDX11L1|DDX11L5|DDX11L17",0.341221812214174
"RBM3",0.341046003063595
"PRKCD",0.340857507786575
"GLDN",0.340312978580583
"CELF2-AS1",0.340045624515003
"RP11-578F21.10",0.33996568491257
"RP11-349A22.5",0.339924679751177
"EIF4EBP1",0.339805557177525
"VSIG10L",0.339619714939368
"MYLK4",0.339517142038175
"RP4-756G23.5",0.33943756087973
"SNHG3",0.339351769720096
"AC011893.3",0.339323531174782
"SLC7A6",0.338580111202866
"ADAMTS12",0.338240515057842
"C11orf73",0.338188955498324
"ND2",0.337971005568025
"CTD-2319I12.5",0.337733023507691
"NOTCH2NLA",0.33773115126971
"STRIT1",0.337710567345125
"CCDC80",0.337474855623736
"SAMD12",0.337418454351358
"ODF3L1",0.337004955968632
"TRAV8-2",0.336912214259279
"RP11-1407O15.2",0.336794500040618
"LINC01348",0.336774925217626
"RP11-435B5.5",0.336764160775345
"NUP153-AS1",0.33671993913609
"OXCT2",0.336663721645003
"TRAV3",0.336611044144066
"MYO5A",0.336512336664707
"RP11-796G6.2",0.336041570415796
"MXRA8",0.335480315779859
"NHIP",0.335237999084971
"IFI30",0.334995053340035
"LRCH4",0.33490046667947
"TINCR",0.334795931539564
"RNF217-AS1",0.334762836672969
"VN1R1",0.334588210084751
"RNMTL1",0.33455211658834
"HERC2",0.334231599464299
"TTN-AS1",0.33421188536833
"LINC02872",0.334179583776936
"AP006288.1",0.334153619521652
"AC009065.1",0.33389316438247
"ZNF836",0.333891009967392
"TUBA3FP",0.333685341049921
"ITFG3_1",0.333612950065506
"PFKP",0.333543238190851
"SMN2",0.333507969948163
"RTL8A",0.333503856960569
"ZNF582-DT",0.332875737414078
"MYO10",0.332826982330991
"H3-7",0.332434741317496
"CTD-2194F4.2",0.332430611128574
"RP11-638L3.4",0.332429352498242
"C5orf45",0.332354671199245
"BARHL2",0.33234815223815
"AC006369.2",0.332185683051264
"GPR179",0.331742267267532
"RP11-196G11.2",0.33146107311899
"GRXCR2",0.331229432155524
"AKR1C2",0.330864366163609
"C8orf44",0.330811074169369
"STON2",0.330776339874279
"RAPH1",0.33073320091247
"RP11-16C18.3",0.330700512769544
"AC009229.5",0.330700353819224
"KB-7G2.8",0.330699945413273
"RP11-794P6.1",0.330697809878118
"RP11-380I20.2",0.330697679408768
"RP11-736K20.5",0.330696888599235
"RP11-54D18.2",0.330696803019494
"RP11-989F5.3",0.330695810071729
"ST20-MTHFS",0.330614665698235
"RP11-661A12.12",0.330501028252803
"AC002310.7",0.33033165298727
"PFAS",0.32966904694562
"ATP5I",0.329619801860924
"DISP1",0.329538163244842
"CAPN6",0.328904205185224
"AP003419.11",0.328742540797069
"APBB3",0.328701333472628
"CFAP97D1",0.328509618431102
"RP11-179A16.2",0.328464021839395
"AC002398.9",0.32830609686732
"IGHV4-61",0.32802266366914
"AC093673.5",0.327895919955761
"NCF1B",0.327868964221625
"CTXND2",0.327857001598505
"LIMD1-AS1",0.327579031001223
"CBWD3",0.327571975867638
"MAN1B1-DT",0.32720779361263
"HIST1H4E",0.326896633211596
"RP11-589M4.1",0.326892649006147
"HIST1H4L",0.326720707492136
"ENTPD3-AS1",0.326479731033991
"ADGRG2",0.326375926515305
"EIF4A1P2",0.32617614663943
"C2orf92",0.325962686488237
"CYP27C1",0.325710420628934
"MXRA5Y",0.325473654673403
"ERBB2IP",0.32540703533452
"AC093627.12",0.325203811726183
"COQ8A",0.3251087171941
"IGKV1-16",0.324905760959921
"C9orf152",0.324892985922241
"HNRNPCP6",0.324665769960702
"RP4-790G17.7",0.324650405316538
"RP11-706O15.3",0.324459816550536
"METTL21C",0.324204421201248
"LOC119746555",0.32405421246568
"FAM225B",0.323776429111956
"UFD1",0.323314453369254
"HLA-V",0.32326365096932
"CNTNAP2",0.323228698691848
"TGIF1",0.323166778033933
"NBPF21P",0.323091727695774
"PLPP4",0.322915396359036
"RAET1G",0.322607437979544
"FSIP2",0.322449972795099
"RPL3P7",0.322278078342755
"CTD-2600O9.1",0.322124291289897
"REXO1L10P",0.322124285069885
"ACTBP12",0.321992305638734
"CTAGE5",0.321925479251966
"FAM27E2",0.321773267091079
"STAG3L1",0.321463691648144
"AC083899.3",0.321381064290342
"SNX32",0.321131401611019
"OLFML3",0.320761814198457
"ND1",0.32069071215835
"PVRL4",0.319971808621632
"LINC01010",0.319952705723802
"XPNPEP3",0.319934309070283
"MPP5",0.319460027683945
"PPP1R12BP2",0.319398927609246
"RFWD2",0.318102274258161
"FAM49A",0.317278454664213
"NXPE1",0.317004639189905
"PARM1",0.316516075730223
"RP11-383J24.1",0.316487408923582
"ALG9_1",0.316253093578695
"PABPN1",0.316252937000715
"LOXL2",0.316220108514601
"RP11-357C3.3",0.316082365764985
"NAPRT1",0.315846068677166
"EFCAB9",0.315831077622728
"C10orf2",0.315749708801682
"RP11-120M18.2",0.315539883968719
"GLUD1P3",0.315527049964005
"RP11-124N3.3",0.315481553250285
"RPS27",0.315473227058574
"HIST1H2AM",0.315449463071246
"FEZ1|STT3A-AS1",0.315437922237971
"PSORS1C1",0.315177617344566
"SMAD6",0.315108097823594
"AC098828.2",0.314983035933732
"RBP4",0.314881943684327
"NPBWR1",0.314820823742053
"RPL6P9",0.314645522387844
"RP11-67P15.1",0.31464473743848
"RP11-676J15.1",0.31464400638307
"RP11-410N8.3",0.314643286712022
"BCAS2P2",0.314643065534399
"AC097468.4",0.314642070825831
"LINC00893",0.314319299470386
"SEP15",0.31426491866522
"COLGALT1",0.313508571403961
"AHSA2",0.313429818465925
"FFAR1",0.313416188088767
"TMEM221",0.313355275961722
"LINC00963",0.313150984321856
"AGAP1-IT1",0.312902257357378
"RASA4CP",0.312492203722876
"NANOS3",0.312272195540501
"GRASLND",0.312181511229361
"IRGQ",0.312150323424432
"AC024560.3",0.312098972167417
"LOC644656",0.31198976638437
"EFTUD1P1",0.311807570304981
"CCDC17",0.311609288643867
"LINC00304",0.311595860846867
"GPNMB",0.311478702491472
"RP11-582E3.4",0.311279224964288
"PNMA6B",0.31106877376053
"GADD45G",0.311035939416061
"PLPP5",0.310862992009737
"TEX38",0.310554571703726
"KIAA1468",0.310264111218999
"IGHV3-7",0.310154063770368
"XXbac-B444P24.8",0.310050934283211
"AC068580.7",0.309858807355852
"CTD-2037L6.2",0.309838657466622
"GNMT",0.30979855060576
"KLHL18",0.309756645283947
"MMP14",0.308697150288223
"GLTSCR2",0.308480967559475
"ALX1",0.308370713272406
"DGCR6",0.308272209122469
"EEF1A1P5",0.308170817660361
"ZNF470",0.307911842783207
"RP11-463P17.1",0.307552010865218
"MYG1",0.307394844724702
"TMEM253",0.307123966081564
"ATP5MG",0.307120747239091
"AC016586.1",0.306988560773108
"KLHDC8B",0.306839105851658
"SSFA2",0.306519190815447
"VSTM4",0.306407139938144
"CHMP4A",0.306225131573673
"IGKV2-40",0.306094113973816
"PRSS55",0.305950819033827
"AC010729.3",0.305901730264436
"ARHGAP42P3",0.305894380530321
"UBR4",0.305890826803622
"CTB-129P6.4",0.305889977480176
"CTB-33O18.2",0.305885371838265
"CTB-55O6.10",0.305883786636231
"CTD-2383M3.1",0.305878914936023
"RPS20P2",0.305876527246222
"FOXD4L2",0.305876291597892
"GOLGA6D",0.305874139949298
"LINC00331",0.305872027973758
"MTX1P1",0.305870929952229
"MYCBP2-AS2",0.305867366693272
"RP11-614F17.2",0.305860569760007
"PRSS3P1",0.305859633845877
"RP11-347P5.1",0.305857497455054
"RP1-102K2.8",0.305857276576637
"RP13-348B13.2",0.305856587284759
"RP11-359D14.2",0.30585655036272
"RP3-428L16.1",0.305855070054756
"TRMT2B-AS1",0.305853043453262
"RP11-647F2.2",0.305845500163393
"DOC2B",0.305737666593908
"RP11-125M16.1",0.305668441768595
"HNRNPCP5",0.305642189848904
"TCEA1P2",0.305444258562075
"ZNF859P",0.305100377597118
"PCDHB13",0.304958265008122
"NNMT",0.304951921409783
"AC092415.1",0.304901788749522
"GATB",0.30479036838357
"KIAA0430",0.304646480107413
"PF4V1",0.304582484666383
"C14orf2",0.304335335503297
"RP1-182D15.2",0.304145664694675
"RP11-383H13.1",0.304122509387887
"LIME1",0.303764901461186
"RP11-452K12.3",0.303683217841576
"RP11-1084J3.4",0.303431192897218
"ADRBK2",0.30329470772502
"RPL7P22",0.30327718804047
"FBXO40",0.302867402659919
"WFDC21P",0.302819008902511
"SESN1",0.302779230469508
"SLC39A14",0.302751224273847
"ZNF599",0.302600145703611
"FBXO32",0.302523174943626
"RP11-353N14.3",0.301882612301667
"NECTIN1",0.301644961171135
"RAB7L1",0.301558165052591
"KIAA0513",0.301467338272712
"RP11-26J3.1",0.301125713754649
"DDX26B",0.300921118966502
"ADAMTSL1",0.300759057578048
"AL162389.1",0.300606901521129
"MRGPRG",0.300602297249203
"SUSD4",0.300577581746426
"HIPK4",0.300389088640554
"RP11-347I19.8",0.300372785942225
"RP11-16B13.1",0.30037153988698
"TMEM75",0.300371109317304
"RP11-458I7.1",0.300371070754782
"RP11-103H7.1",0.300369554441031
"DNM3-IT1",0.300368390173541
"LINC00430",0.300367567178571
"YEATS2",0.300236543104124
"FAM224A",0.300165886885592
"AC096579.7",0.299893346766759
"SNORA76_3",0.299576225430838
"RP11-290D2.6",0.299256000796381
"C3orf83",0.299120390251526
"EGFEM1P",0.298873957675361
"TRIM51EP",0.298833248388912
"CC2D1B",0.2986101778364
"CROCCP5",0.298405042670474
"GRIA4",0.298079309259668
"PRDM15",0.297972674717333
"RGSL1",0.297937224515778
"PRUNE2",0.297876301423456
"RP11-426C22.4",0.297794159741083
"ZNF324",0.297660163755132
"MYO5BP2",0.297318817081677
"DUXAP3",0.297184577234378
"SELENOI",0.297176077475597
"RP11-627G23.1",0.297149793753292
"EEF1A1P17",0.296963303006576
"KCNK1",0.296871418832839
"RP11-326C3.12",0.296724837752661
"ZNF878",0.296704421104958
"PAPD4",0.296609415988641
"SETD8",0.29650612786512
"AC079612.1",0.296332993541737
"SNHG14",0.296328571012533
"C17orf85",0.295995343396274
"C1orf180",0.295746308265116
"DGKZ",0.295679561767638
"IGHV3OR16-6",0.295599237121794
"ANAPC1P2",0.295577926030801
"IGHV3-9",0.29538347384133
"RP11-24F11.2",0.29525064278466
"LINC00476",0.29519532997335
"ZNF883",0.295093324950584
"SEM1",0.295025928734774
"ZFAS1",0.294944336359846
"CEMIP",0.294918279014941
"FAM227A",0.29448603022848
"LOC105378663",0.294195142983127
"DFNA5",0.294150565412802
"ATP5E",0.293826201249794
"C1orf177",0.293682130632567
"CRACR2A",0.293544485977669
"RP11-96O20.4",0.293416506484373
"RP11-666A8.8",0.293195336576373
"RP11-364P22.2",0.292955209530978
"UTP11L",0.292909885148267
"ATG101",0.292843876824299
"RP1-79C4.1",0.292840350287803
"RP11-206L10.3",0.292835021998302
"CYTOR",0.292833366311147
"RP1-37N7.1",0.292814070502371
"CTB-47B11.3",0.292813919332331
"PER1",0.292576758007448
"YTHDF3-DT",0.292562874617519
"C7orf13",0.292534205144788
"IFFO1",0.292530137290409
"RPS6KA2-AS1",0.292467783369896
"RP5-951N9.2",0.292467561848831
"RP4-594A5.1",0.292467332054104
"RP11-98D18.9",0.292467102097139
"RP11-325L7.1",0.292466628763682
"RP11-2C24.5",0.292466376354416
"HSPD1P7",0.292466237232829
"RP11-23J9.5",0.292466225239498
"CTD-3214H19.12",0.292465997478361
"CTD-3065B20.3",0.292465757492623
"AC008984.7",0.292465721000908
"AC007679.1",0.292465494254823
"AF131215.5",0.292465381388581
"AC104024.2",0.292465306176292
"AC073130.3",0.292465303435581
"SRP9P1",0.292371091136777
"ZIC1",0.292074365589166
"C1orf63",0.291905213296804
"RP11-428J1.4",0.291665565496421
"AC097359.1",0.291202100051886
"CTD-2232E5.2",0.291201525130376
"RP3-414A15.11",0.291197836073987
"RASGEF1A",0.291051275344894
"LOC100507403",0.290852025771648
"SRGAP2B",0.290835538269272
"AC006129.4",0.2907335352407
"C8orf58",0.290553494597467
"RPL36A",0.290495541003196
"RP11-958N24.1",0.290193135063163
"EWSR1",0.290180426454125
"AC009951.2",0.290169579572152
"KIR2DP1",0.290168439524828
"HMGB1P36",0.290167751396381
"RP11-338E21.3",0.290167715929605
"RP11-443N24.3",0.290167056291785
"RP11-58K22.5",0.290164423478375
"RP11-61K9.2",0.290162882289078
"RP11-637O19.3",0.29015995349948
"RP11-7F17.3",0.290157368460914
"SALL4P1",0.290156369023425
"TPTE2P3",0.290156358991823
"U52111.14",0.290155973849522
"LIPM",0.290081842803868
"OR5J2",0.290060344321574
"SLC47A2",0.28997085606258
"SEMA4C",0.289929043307425
"TMEM74B",0.289783538084393
"LINC00639",0.289534868890161
"RP11-473L15.3",0.289302818763398
"RP11-65M17.1",0.289130339164672
"LOC100289361",0.289043143929901
"WASH4P",0.288848611288073
"C11orf83",0.288820589395472
"TOMM6",0.288710513825437
"SNHG7",0.288505032302443
"PGBD5",0.288460107715883
"PF4",0.28839798588046
"ARNTL",0.288261431403481
"TTC9-DT",0.287208460014743
"BCAP31P1",0.287193073438202
"OR10G2",0.287166098686812
"ZNF491",0.286827220390943
"KIAA0947",0.286740382061314
"HYI",0.28652594642912
"PDLIM3",0.286254202077732
"PTMS",0.285723950416334
"AC009061.1",0.285374147709014
"ADCK4",0.285369780765034
"CENPP",0.28533758444583
"C7",0.285309276567735
"IFNA10",0.2851122893174
"LNCOC1",0.285088387975695
"RP1-18D14.7",0.285035200686802
"LURAP1L-AS1",0.284897759725109
"PAPD7",0.284877705351599
"TBK1",0.284726212923972
"LRRC58",0.284709385376174
"CBX1P3",0.284449121165669
"LOC112268411",0.284092312387237
"GPR55",0.283878358228285
"RP11-140K17.3",0.283870412299939
"AC068282.3",0.283784048929644
"METTL25B",0.283221457910241
"GATSL1",0.283151545044371
"PLIN5",0.282855091751843
"HTRA1",0.282839709462035
"PCDHB10",0.282646548688611
"ZNF8-ERVK3-1",0.282140392268865
"RPL17P7",0.281746029888426
"RACK1",0.281625106829462
"RP4-765H13.1",0.281616585482163
"SPATC1L",0.28154764518579
"RP11-220I1.1",0.281446318745036
"MYF6",0.281425624531966
"ACTL10",0.281243115712131
"BANK1",0.281033252435434
"SNX7",0.28076756503782
"TPBGL",0.280564962578557
"RAB7B",0.280431606635312
"SPRN",0.280313240566314
"RP11-17M15.2",0.280219330173077
"B3GNT6",0.280202385730455
"ASNS",0.280147430580745
"C9orf141",0.279979204830082
"CFAP65",0.279684298101781
"MBP",0.279592966200394
"ZNF692",0.279574896268931
"TFAP2E",0.279530389439694
"ASB2",0.279324430929987
"GTF2IRD1P1",0.279248781438625
"RP11-431K24.4",0.279001656001679
"RNF31",0.278954355445943
"AP000344.4",0.278857090146416
"EPHA1-AS1",0.278843760321586
"TTC9B",0.278540372100249
"ZNF566-AS1",0.278485129861854
"NEURL1B",0.27838099581477
"TMEM57",0.27829370871607
"C4orf47",0.277911566483995
"THAP9-AS1",0.277846287777104
"MAP1B",0.277841212776389
"RP11-290F20.3",0.277662262903792
"FBXO27",0.277578690376901
"PLXNB1",0.277524219868172
"CDRT15",0.277417301658384
"PCK1",0.277256497844739
"TSPAN18",0.276975390021299
"LINC02889",0.276395643122527
"MUSK",0.276280803439662
"PCDHGC4",0.275941655392465
"CENATAC",0.275714606635795
"LINC01583",0.27567419925608
"WIBG",0.275665552024661
"FAM86EP",0.275556688320717
"C6orf47",0.275550137149518
"RP11-1217F2.1",0.275460595442888
"OBSL1",0.275450802146789
"RP11-37N22.1",0.275379609215517
"C21orf119",0.274734171788843
"ITPR1",0.274679055955079
"AC009947.2",0.274656827555131
"RP11-1260E13.3",0.274649274616508
"RP11-121E16.1",0.27464916950227
"RP11-146D12.2",0.274647870086467
"RP11-386G11.8",0.274646345441147
"RPL21P122",0.274644822578669
"RPS26P55",0.274643301495134
"TCEAL9",0.274502144815678
"SLC7A8",0.274406695670149
"ZNF684",0.274253161017103
"SPATA31C1|SPATA31C2",0.274021754455395
"GET1-SH3BGR",0.273918798634213
"RPS27AP16",0.273898028741514
"GATAD2B",0.273770065900495
"RP11-65I12.1",0.273658543005887
"LINC02669",0.273581734531292
"ZNF426-DT",0.273527998078183
"CRTC1",0.272997669078098
"RP11-35G9.3",0.272840748835141
"INMT-MINDY4",0.27270928606871
"REPS2",0.272650169878822
"PCNXL2",0.27216659633453
"GADD45A",0.27195084778544
"KIAA1377",0.271923496953119
"PGAP3",0.271803331764057
"TCEAL4",0.27180295989914
"ZNF585B",0.271355103040028
"SLC18A2",0.27130140133528
"SNCG",0.271289617892039
"ZNF534",0.271281076005788
"NUP62CL",0.271105469523582
"AC004057.1",0.27110486540828
"AC010525.1",0.271087904190565
"AC072062.3",0.271070967770874
"AL928654.1",0.271054054315339
"CTD-3037G24.4",0.271047404278615
"RP1-187B23.1",0.271025822955444
"RP11-122A21.2",0.271020689345173
"RP11-219O3.2",0.271011948871953
"RP11-849H4.4",0.271005271400475
"SLC25A52",0.270998824660482
"NHLRC4",0.270982137042219
"RP11-128L5.1",0.270925446141731
"LCN10",0.27082051302335
"LOC107985911",0.270661952174217
"GNB1-DT",0.270599682882362
"RP11-1277A3.2",0.270423404634933
"TREML3P",0.270377815002698
"ATP1A1-AS1",0.270097292297787
"OR10H2",0.269993902888661
"RP11-881M11.1",0.269962480406107
"LSP1_1",0.269893510648009
"HMGN5",0.269590351421435
"PDDC1",0.269460172579839
"ANKRD18A_2",0.269379234817183
"A2M",0.269369358625717
"SF3A3P1",0.269261469786411
"TMEM100",0.269168713410462
"CDH11",0.268980975110337
"LSP1P5|LOC107985200",0.268395315694341
"FAM154B",0.268377893103528
"ATP5IF1",0.268324618905717
"PRIMA1",0.268095577289691
"MPP3",0.268090965790159
"GALE",0.268049185946938
"KIAA1549",0.268049115352676
"SLC16A14",0.267869651327104
"TRIM54",0.267862209991967
"ZNF571-AS1",0.267835728589643
"MZF1-AS1",0.267827188426337
"FAM196B",0.267776207012016
"PDS5B",0.267740870327865
"SPATA3",0.267684015564853
"POM121",0.267665224778709
"LOC105372244",0.267337480737273
"LINC01350",0.267033947352733
"HCG27",0.266802922503372
"LINC00668",0.266513937507785
"CCDC23",0.266443987658833
"PRAC1",0.266378712159566
"ELTD1",0.266188724877636
"UBE3AP2",0.266126724426369
"C16orf52",0.265969861168696
"C6orf183",0.265937191556234
"GOLGA7B",0.265930883872418
"RP11-750H9.7",0.265787163428529
"PTBP1P",0.26578653650651
"OR5M12P",0.265786232959127
"MTRNR2L3",0.265785965170816
"HIF1A-AS2",0.265785428543402
"CTD-2006C1.12",0.265785358982254
"CT49",0.265784598859339
"C17orf47",0.265784267363193
"AC007099.1",0.265783814652427
"FZD8",0.265662712691989
"HSPA2",0.265332307426053
"KIRREL1",0.265313737252516
"SLC22A18AS",0.265178297520405
"ODF3B",0.265075646686231
"STX10",0.264586649054122
"HRC",0.264358556129922
"LINC00656",0.264139647662986
"HDAC10",0.26404547875526
"LINC01117",0.263792752077027
"NDUFS5",0.263716865984837
"H4C14",0.263441455801008
"ZNF629",0.263392004984491
"TTC24",0.263296846034906
"PELP1",0.263188577456298
"PPP1R3E",0.263093089788664
"SCD",0.26290931073041
"KIF14",0.262908276789347
"RP11-10A14.4",0.262804289304577
"VCX2",0.262699734967033
"WBSCR28",0.262511028492172
"ZNF385B",0.262468864795765
"CTC-453G23.5",0.262333224087619
"DCUN1D2-AS",0.262331579183855
"FCF1P7",0.262328436345589
"RP11-291L22.4",0.262311044198988
"RP11-38O23.4",0.262307944443726
"RP11-524H19.2",0.262306570371463
"RPL29P24",0.262304026927875
"ZNF72P",0.262292652014499
"RP11-248E9.5",0.262273329108608
"MUM1",0.262130041943111
"IGHV6-1",0.261900989659978
"CYP2E1",0.261511483442617
"AC107622.1",0.26118168569442
"NAGLU",0.260713092048686
"PYY2",0.260664751769871
"LINC01916",0.26064948937891
"GLT8D2",0.260643387788737
"C16orf90",0.260525189653589
"RPL29",0.260483294038714
"AC069547.2",0.260329930247841
"CTD-2033D15.1",0.260325501178858
"FAM53B-AS1",0.260318041372943
"MRPS31P2",0.260307219915594
"RP11-17M16.2",0.260298355057683
"RP11-25K21.6",0.260295144458122
"RP11-264I13.2",0.260291937271269
"RP11-466F5.8",0.260288700259692
"ZC4H2",0.260255692438634
"SEMA3D",0.260205098441958
"LAGE3",0.260128802946551
"CBWD5",0.260076007153641
"MESDC1",0.259914851585085
"MYOG",0.259876276650767
"C1QTNF2",0.259717012246863
"ZNF581",0.259632825420152
"GINS1",0.259417560681473
"ANKDD1B",0.259143123695008
"ZNF512B",0.258962883220327
"OR7E47P",0.258795908423884
"PIP4P2",0.258589253408895
"PIR",0.258424656581546
"RP11-181C3.1",0.258157212843239
"SLC17A5",0.257960845901581
"PRRC2C",0.257948957794486
"RP11-879F14.1",0.257745464108452
"C1QL2",0.257694129739457
"H3F3A",0.257678456063242
"RP4-758J18.2",0.25765430775697
"RHPN2",0.257498068020026
"BCAS2P1",0.257497960104488
"AC002310.12",0.25745102521986
"ZNF536",0.257393774415936
"FUS",0.257322610910156
"SREBF1",0.257273346100958
"OR7E5P",0.257253054243327
"PCDHB11",0.257131333577732
"RP11-33B1.1",0.25713042245895
"TNFRSF6B",0.257088192600435
"PRAP1.1",0.256984408719791
"FAM90A1",0.256980821902257
"TPT1-AS1",0.25681260696949
"RFX8",0.256728030480459
"ANO7",0.256569306117013
"DPM3",0.256341426513076
"LINC02574",0.256318466193794
"CTD-2184D3.6",0.25630852249266
"DGKD",0.256286735226236
"C17orf49",0.256230941450525
"SH3BGR",0.256019913322522
"coy_tr|A0A0B4J269|A0A0B4J269_HUMAN readthrough, G_PROTEIN_RECEP_F1_2 domain-containing protein OS=Homo sapiens OX=9606",0.255883864021452
"CLLU1",0.255813369675036
"PDPR2P",0.25563185352779
"RP11-78O7.2",0.255625558279408
"RRS1",0.255602069338687
"UBE2C",0.255600919552431
"LINC02104",0.255468166806593
"IL6R",0.255463990414374
"SMAD1",0.255404635198878
"FAM13C",0.255193651704601
"SPARC",0.255023696867866
"RTFDC1",0.255013533915145
"MTHFD2P7",0.254952252231099
"C1QTNF5",0.254940105265551
"NEFHP1",0.254461866050583
"RP11-22A3.1",0.254416713852661
"UCHL1",0.254414955006238
"DAPK3",0.254321526637172
"GFY",0.254314266151145
"RP11-157D23.2",0.254044779703508
"ASIC3",0.253959470226251
"UBE4A",0.253916728186655
"KIAA0556",0.253482310461386
"UPF3A",0.25347449956787
"APOC1",0.253472339409681
"C3orf80",0.253447922893109
"BACH2",0.253402864209385
"MEIS1-AS3",0.253281940931084
"MICOS10",0.253270596265911
"PINLYP",0.253190167272825
"SLC7A14",0.253062428212244
"KRT222",0.253000067409723
"MICALL2",0.252941672512428
"USP51",0.252919741012993
"PNN",0.252865635906985
"AC006116.22",0.252651801137304
"AC123023.1",0.252649634856176
"PMS2P9",0.252647767343059
"RP11-166N17.1",0.252646589748759
"RP11-172E10.1",0.252645413315031
"RP11-272G22.3",0.252643717510181
"RP11-38J22.3",0.252641442327839
"RP11-58E21.7",0.252641411563212
"U51244.2",0.252640679763894
"H3F3B",0.252639315274018
"GLYCTK-AS1",0.252633804561329
"HLA-K",0.25233884516458
"CEP170B",0.252307708167648
"MLLT4",0.252217190916727
"MED22",0.252129365060278
"CLN8-AS1",0.252027642327699
"DSCR4",0.251966685769291
"SLC6A13",0.251953263937017
"NFAT5",0.251917206037644
"C11orf52",0.251882254745995
"CARD19",0.251816614421795
"ZNF780A",0.251687837023846
"LINC00412",0.251635109953892
"ZSCAN31",0.251588771614671
"CCDC197",0.251514606382239
"HR",0.251298591554067
"NUPR1",0.251292392907977
"FBXL19",0.251193886695743
"TRBV7-3",0.251180047073442
"WHSC1L1",0.251177527170842
"TCERG1",0.250976533853514
"ANKRD13B",0.250970051259512
"C10orf90",0.250962195184268
"HNRNPUL2-BSCL2",0.25093919438804
"SCNN1D",0.250730240977682
"H2AJ",0.250649368502843
"H1-4",0.250644585704508
"LINC00501",0.25062854186611
"HIST1H4J",0.250601491424548
"H4C2",0.250548618752449
"ADAMTS18",0.250539887044593
"WSCD2",0.250499623720985
"PTMA",0.25047153894492
"FAM135B",0.250340133409828
"AC007163.3",0.25025910351277
"AP001619.3",0.250256013578428
"RP11-168J19.2",0.250250991102895
"RP11-203B9.4",0.250248277138325
"SPACA6",0.250243995477656
"STRIP2",0.249843753823236
"RP11-573D15.8",0.249751336553929
"GPATCH8",0.24966610811125
"SLFNL1-AS1",0.249600622598491
"LEF1-AS1",0.249583243055384
"ATP8B1",0.249555466031191
"CTD-2013N24.2",0.249498421739321
"AC107070.1",0.249477448749487
"RP11-379F4.4",0.24938579484375
"AC078899.1",0.249176439683863
"RP11-738G5.1",0.24916996822508
"RP11-91P24.5",0.249169566619647
"SPATA31A5",0.24916610724003
"MUC7",0.24905150050653
"ANKRD18A",0.248993919046005
"ALG1L9P",0.248992975613425
"RPL18A",0.248989612781622
"TJP1",0.248973245352397
"LINC01001",0.248954645802369
"LRIG3",0.248714513727952
"RP11-225H22.4",0.248648347628946
"AFAP1L2",0.248509028304905
"AC005477.1",0.24839031913558
"MYBPC2",0.248265644507857
"PKD1L1-AS1",0.248125839643022
"RPS17L",0.248077622998328
"FAM105A",0.248004953153801
"NUFIP1",0.247731286012288
"RP11-345J4.8",0.247372741173693
"PPP2R4",0.247296731234674
"LOC84214",0.247260747211626
"H2AW",0.246951833254024
"SLC25A48",0.246889330748407
"MCHR1",0.246358552650853
"NSUN5P2",0.246337575655278
"KCNMB3",0.246255876207921
"SYCP2",0.246156794468628
"ACOT2",0.246117161970527
"PLIN4",0.246025939312719
"FAM160B1",0.246004692086623
"POM121L15P",0.245937136908044
"NOC2LP1",0.245601027324271
"LINC01606",0.245527714379511
"LINC01275",0.24552092593773
"SPOPL",0.245415024897355
"HNRNPA1P52",0.245382219816341
"FAM200B",0.245361303583915
"LOC100129215",0.245254833566075
"SRRM3",0.245221368943889
"GLTSCR1L",0.245100693554522
"FRMD7",0.245001076419508
"SMIM5",0.244924698650303
"TECR",0.244768079927136
"FKBP5",0.244729140934859
"HNRNPR",0.244590930366409
"ACAP1",0.244476806637036
"TIGD4",0.243967631574029
"SEPT1_1",0.243816150287978
"RP11-119F19.2",0.243786599887036
"KLHL35",0.243699012448823
"NEDD4L",0.243674625947113
"BTN2A1",0.243513814626383
"SLC2A3",0.243422046883337
"FBP2",0.243333230718735
"GABRR3",0.243260004524622
"TPST2",0.243110188579678
"QARS",0.242996746110547
"CCDC74B",0.242963380533922
"CRIP1_1",0.242559951525665
"ZFRP1",0.242547447852943
"SLC25A43",0.242395960219601
"AC012074.2",0.24235087660653
"DCP2",0.242153439578655
"LINC00562",0.242058474328798
"GBP1P1",0.241450074864682
"LOC100505715",0.241427681895328
"PTTG2",0.241418326839946
"AC005280.1",0.24137982367847
"LGALS3",0.241377115290049
"PPIAP26",0.241224452839754
"SLC66A1",0.241177775289918
"HSPA6",0.241056987070419
"DLL1",0.241013901520582
"SLC5A3",0.240994979727384
"WASHC1",0.240878768802942
"HS3ST5",0.240876856627379
"DENND3-AS1",0.240844141306791
"LOC101929563",0.240821304344615
"LMO7",0.240726433224912
"APP",0.240682116538616
"KBTBD13",0.240634758920335
"RP1-60N8.1",0.240448788820319
"PXDC1",0.240283153533022
"ARRDC4",0.240247813417375
"ZNF583",0.240181144399701
"ZNF721",0.239988822773676
"LMOD2",0.239664232768568
"MTLN",0.239602212635571
"PRSS50",0.239467147137236
"ACBD6|LHX4-AS1",0.239427610748659
"NAV1",0.239377975880262
"SPATA18",0.239177639983781
"DPY19L2P3",0.239130665198918
"ATP1A1OS",0.239056744053578
"DCDC1",0.239012979376172
"ZMYM6NB",0.238995559416331
"TONSL",0.238953406472068
"CYP2R1",0.238924751602185
"PDE4B",0.238740911765528
"PPIAP39",0.238733669854316
"LSAMP",0.238585175132315
"TRHDE",0.23853163730315
"DIDO1",0.238503398136949
"HTR3C",0.238466732951717
"EIPR1",0.23814443584029
"NXPE4",0.238017033728092
"NAPA-AS1",0.237957968611236
"MDC1",0.237953192709091
"NCL",0.237916630993995
"HIST1H1B",0.237889060032808
"RP5-930J4.2",0.237735747349577
"GAS5",0.237681812156164
"CDCA2",0.237615614485653
"NWD1",0.237506249054874
"NUTM2A",0.237496736607313
"TMEM140",0.237400396422617
"PRH1-PRR4",0.237204974112534
"RP11-849H4.2",0.236586657310891
"PRR32",0.236526518682674
"INTS6-AS1",0.236386399703662
"EDA",0.236247602128159
"SYPL1P2",0.236240457411528
"H2AC1",0.236238695279364
"NPR3",0.236059089900175
"SELENOO",0.236013204775426
"PHYHD1",0.235674536910954
"FAM65A",0.235632718769721
"ZNF462",0.235564075377334
"IGHV3-13",0.235526776605883
"CFAP410",0.235524347724135
"EIF3A",0.235478511402153
"MTHFD1L",0.235219098937018
"PIEZO1",0.235196859495477
"TERT",0.235114143417729
"PSAT1",0.23509785888006
"ARHGAP32",0.234992883579825
"MMP28",0.234806907228851
"CCDC85A",0.234533214052282
"WBSCR22",0.234318646559276
"SCRIB",0.234236335508947
"ACAP3",0.233952608564296
"RPS7P1",0.233899403392457
"CT75",0.233817343568028
"DCDC2B",0.233787484274498
"GPS2",0.233725039613113
"LCMT1-AS2",0.233718387263511
"TUBA4B",0.233637620992683
"SLC25A28",0.233492084817876
"INO80B",0.233362413257535
"FKBPL",0.233322053286213
"GPR52",0.233165755014478
"DST",0.23303212126518
"KCNV2",0.233020897585835
"FLJ33534",0.232972615151113
"HMGB3",0.232679474980044
"HIST1H2BI",0.232413312838445
"COG8",0.232376450920247
"FAM83A",0.232229506137269
"LINC01963",0.232012302677489
"LOC100129456",0.231938271232868
"NKAPP1",0.231912872094643
"NOB1",0.231882681708581
"WBP1L",0.231863352900475
"PRR33",0.231836549858629
"IGLC7",0.231835531897745
"S100A4",0.231812358373484
"MST4",0.231577567873095
"COL4A3BP",0.231502792933036
"GPATCH1",0.230991702921438
"B3GALT4",0.230905509497495
"LEPRE1",0.230737279515876
"C20orf194",0.230732913061297
"CES3",0.230648577701744
"RP11-592B15.3",0.230436783256919
"RP11-319G6.1",0.230411321893298
"TPM3P2",0.23036363751915
"IQCA1",0.230274065121504
"HMGCLL1",0.230193013352978
"CTB-133G6.1",0.230060443904801
"LRP4-AS1",0.23005236319208
"TUBGCP3",0.229796098434529
"EXOSC6",0.229427747697926
"MAP3K6",0.229169160674023
"CCDC200",0.229046573753999
"TMEM120A",0.228940312110504
"TUBB8P10",0.228446592034678
"FAM241B",0.228400470121135
"CGB7",0.228389225620914
"RSG1",0.228363239646558
"SHFM1",0.228329306031549
"DYNLT2B",0.228325909631997
"TRAPPC2B",0.228218136925186
"SSMEM1",0.228133726781824
"DNAAF10",0.228132065654509
"LINC02408",0.228127975526985
"FCSK",0.228067630310742
"ERBB3",0.227993040939693
"ANKFN1",0.227946164208067
"MRM2",0.227894712317666
"DPEP1",0.227588731103402
"ABCG1",0.227478077617043
"NINJ1",0.227436919016618
"TPR",0.227418387454623
"FST",0.227300672445257
"ZNF880",0.227295537257044
"CTSK",0.227291115238146
"RP11-34P13.7",0.227249344706196
"CD1C",0.227229629127216
"HOXD4",0.227129088790088
"PTCD1",0.227092301002257
"GDPGP1",0.226937302754437
"DCHS1",0.226834466077477
"FBXO2",0.226736778922919
"EFCAB11",0.226319687626702
"TLCD3A",0.226261238872151
"ULK4P1",0.226136788600945
"PCAT4",0.225989805011869
"HOATZ",0.225942843545224
"ATXN2L",0.225885053339706
"MIR762HG",0.225841280809375
"CLTCL1",0.225811403344979
"H1F0",0.225794615064478
"PSMC1",0.225740789608635
"PC",0.225706068523071
"MACF1",0.225628114191219
"ATP5MC3",0.225607959411248
"RPL3P6",0.225496433489809
"CTD-3065J16.6",0.225487870027375
"KIAA0141",0.225450256296075
"RPL14P3",0.225441489246209
"CYSTM1",0.225400109925469
"ILVBL",0.225360623935236
"CIZ1",0.225359194507279
"CFD",0.225345704082868
"TRPM3",0.22531581869809
"TWF2",0.225284241444509
"KIAA1432",0.225093250208484
"PTN",0.224902334319311
"HIST1H2AL",0.224869862442982
"ANKHD1",0.22481684741061
"KIR3DL1",0.224757027033919
"TROAP",0.224747572729627
"HIST1H4B",0.224690633782608
"ZC3H4",0.224650471713385
"TPRG1LP1",0.224636826159548
"FAM21C",0.224614487004024
"RBMS3",0.224595079321585
"PRRT2",0.224304612823886
"AC005831.1",0.224212164002058
"ND4",0.224211285340372
"AC069257.8",0.224203515288909
"LINC01266",0.224202616405059
"AC079305.10",0.224194878743079
"CTD-2550O8.7",0.224191980442807
"CTD-2647L4.4",0.224189084472671
"CTD-3065B20.2",0.224186149075067
"KIAA0196-AS1",0.224168984997384
"RP11-121G22.3",0.224156877947966
"RP11-158M2.3",0.224148274806044
"LOC105377224",0.224148082610468
"RP11-147I3.1",0.224147966478433
"RP11-650K20.3",0.224144995319022
"RP11-286E11.1",0.224144696353122
"RP11-161H23.5",0.224144357568853
"RP13-494C23.1",0.224141119897907
"RP11-261C10.5",0.224140565835798
"RBM14",0.224113620545765
"ZNF385D",0.223966523193339
"SULT1A3",0.223931243227435
"LINC00929",0.223745764013881
"ACSM2B",0.223739008090033
"ALKBH3",0.223608323427922
"OR1F1",0.223604540960841
"LIN37",0.223298243482823
"ARHGEF19",0.223182462495678
"CD99",0.222900809028434
"MAMDC4",0.222816602198182
"MAPRE3",0.222683134740138
"DEPDC5",0.22252007547182
"CDC42",0.222437286415876
"MIX23",0.222009447098096
"SSBL5P",0.2219639171678
"CRY2",0.221926920259237
"MPZ",0.221855122286517
"FRG1",0.22164178759591
"DIRC2",0.221381279645415
"DEUP1",0.221371876437121
"GPR101",0.221318501410462
"PAEP",0.221114383091296
"CLOCK",0.221068998071519
"DKK3",0.220981691982735
"BAI2",0.220938795184517
"RTEL1-TNFRSF6B",0.220874000343749
"PRR3",0.220870312518647
"FOXO3",0.220698627578358
"RP1-225E12.2",0.220647324999083
"GUCY1B2",0.220617392757103
"CALD1",0.220540148679782
"MTERF",0.220499694587706
"PNMT",0.220429573300734
"RP11-58E21.3",0.220362567083869
"UBC",0.220275618864964
"ACOXL-AS1",0.220141778361391
"HEIH",0.219840207731358
"PMAIP1",0.219707423613865
"ERV3-1",0.219557040332358
"ZNF829",0.219483484822191
"PLEKHH3",0.219472000330903
"SNHG21",0.219389386727442
"SEPT7",0.219292774673584
"NEB",0.219264316262522
"GPR75",0.219254600279351
"KLHL17",0.219216258899642
"RPL10",0.219195907714992
"TRIM28",0.219147589729909
"MFAP4",0.219074902352341
"POLR3A",0.218985690411987
"KLF5",0.218981158283407
"HIST1H3B",0.218931373790954
"RUBCN",0.218798479099103
"TRIM55",0.218795510924273
"PMF1",0.218770305853912
"P4HA3",0.2187595320274
"LOC391741",0.218716833379751
"FAM47E-STBD1",0.218696375908599
"C8orf37",0.218653520945373
"STK11IP",0.218581450844735
"FMO2",0.218579586702635
"CAVIN3",0.218562697142413
"HMGB1",0.218295877125694
"NMNAT1P5",0.218219458591423
"PSME2P1",0.218179815759355
"RNF223",0.218052502801138
"CWC22",0.217929013644622
"KIAA1731",0.21788475803145
"HIST1H2AI",0.217842090507931
"TBC1D15",0.217721870774862
"TXLNG2P",0.217702030608703
"IFNW1",0.217641421672874
"CYTB",0.217600846551744
"METTL7B",0.217572845325099
"HLA-J",0.217562691790493
"HAMP",0.217502792765885
"NBL1|MICOS10-NBL1",0.217345204366034
"LINC02981",0.217107983298012
"TCAM1P",0.217010819155524
"STOML3",0.216979814413631
"TBC1D1",0.216974612377106
"BORCS8-MEF2B|MEF2B",0.216881561453639
"CASZ1",0.216876812222405
"PHRF1",0.216797910384359
"WDR60",0.216622960288172
"RNASE10",0.216499552913002
"LOC317727",0.216472617872657
"PAGR1_1",0.216433805631375
"ANGPTL2",0.216386152686143
"CPA4",0.216318571769571
"SAA3P",0.216245636603397
"ZNF85",0.216075387038459
"PSEN2",0.215690193461136
"MEPCE",0.21561251500276
"LONRF3",0.215373970800908
"CCDC24",0.215231767833478
"LELP1",0.215164376059109
"FOSL2-AS1",0.214966561111316
"TGFBR3L",0.21494004933445
"PLEKHG4",0.214899416895265
"LINC01016",0.214827809383384
"POTEJ",0.214661758984935
"LPA",0.214538282842767
"LBHD1",0.214527921836097
"MIR1245A",0.21452384019949
"NDUFC2-KCTD14",0.214244247402667
"BAIAP2L2",0.214225615778888
"SMARCA2",0.214189241669254
"ANKHD1-EIF4EBP3",0.214169993336869
"PCOLCE-AS1",0.214016661250256
"SMARCA4",0.213952760944486
"FAM184A",0.213739619581241
"SHISA8",0.213245219388958
"PEG13",0.213219155837817
"MVK",0.213206121790019
"CACNB4",0.213193694331611
"CTA-246H3.8",0.213129890335669
"LINC00910",0.213042500834064
"TPM2.2",0.212887200411014
"C9orf114",0.212853760245712
"YWHAH-AS1",0.21283202954774
"C5orf64-AS1",0.212809030896705
"RYR1",0.212683902263987
"ZNF365",0.212525230914721
"FLNC",0.212480460561943
"SERPINI1",0.212467848926297
"BEX2",0.212364220121329
"DYNC1I2P1",0.212164297618464
"MLLT10",0.212101368703554
"DDX11L2",0.211954196088357
"COL7A1",0.211860941266535
"PTPRF",0.211707991873665
"coy_tr|A0A1B0GU92|A0A1B0GU92_HUMAN readthrough, Peptidase A1 domain-containing protein OS=Homo sapiens OX=9606",0.211706929296054
"HMGB3P30",0.211531847449677
"PCDHGA4",0.211252465689938
"NPIPP1",0.211223861348136
"OC90",0.211176976842494
"COPS9",0.210897690573686
"SEC24A",0.210896751806066
"LINC01011",0.210687121901456
"SLCO1B1",0.210669069106875
"GRM1",0.210595726236451
"RASA4",0.210582329632046
"CNRIP1",0.210418230067122
"HIST1H2BL",0.210365836744176
"LOC101927948",0.210319410244308
"RP11-553L6.2",0.210297401227959
"ZNF674-AS1",0.21024185159937
"VSTM1",0.210226229894233
"FIP1L1",0.21011803076961
"CARNS1",0.210045877105248
"PROSC",0.210036374931817
"DSCR8",0.209992087726677
"POLE",0.209991127988841
"PNMA8A",0.209895857359624
"TRAF3IP2-AS1",0.209862908388771
"GARIN2",0.20949249924618
"VCX",0.209304496553079
"RARRES2",0.209200286784605
"SNX27",0.2091160320723
"CCDC41",0.209069429457423
"LOC107984450",0.20906938034864
"KAT8",0.208895555695218
"WSB1",0.208892826140891
"TCF25",0.208875247441246
"DMPK",0.208862987452311
"LSMD1",0.208827381117681
"XPC",0.208809852853568
"FAM237A",0.208659718511467
"XXbac-BPG308K3.6",0.208648162160739
"EHD3",0.208635944753132
"CPLX1",0.208626086445455
"SF3A2",0.208580621738357
"SCOC-AS1",0.208565146996958
"ADPRHL2",0.208447502773184
"MARCH1",0.208442687618334
"MAGEA4",0.208370392304588
"TTC28",0.20833531489047
"ABCB1",0.208309049482629
"APOE",0.208200878501313
"RP11-19N8.4",0.208144535494556
"CHD3",0.208138056855872
"EXOC3L1",0.208106288702552
"ASS1",0.20774072214962
"SUMO4",0.20772872514594
"SLC2A11",0.207666816088967
"TICAM2",0.207623045021284
"PFDN2",0.207480697820688
"AFAP1L1",0.207479219868594
"C16orf87",0.207467160181749
"FUK",0.207446168072386
"PSMD11",0.207358189638346
"SAPCD2",0.207218935405581
"CHROMR",0.206910406210052
"LINC01176",0.206635854951418
"ZNF410",0.206547490056258
"HYAL4",0.206152042948263
"GOLGA2",0.206122247018363
"CENPS-CORT",0.206096457530552
"AC013394.2",0.206082892938073
"TXNDC2",0.205965083552038
"ISY1",0.205884342901044
"C11orf30",0.205856979374723
"ZNF8",0.205851778539834
"COL3A1",0.20558639202465
"AGT",0.205565106151936
"FDXACB1",0.205557740271824
"ATAD2B",0.205547996986693
"RP11-661A12.7",0.205462685656992
"B4GALNT1",0.205458003019062
"TRIM48",0.205378364938064
"IGLV3-21",0.205302996173772
"PPBPP2",0.205299401248648
"C10orf67-AS1",0.205226635925384
"FASN",0.205132945610308
"DSTNP2",0.205089607250395
"DNTTIP1",0.205051884631822
"PRPF40A",0.204838135315743
"CYB5R3",0.204712594595654
"OST4",0.204640260353313
"PITX2",0.204589931982707
"KIF18B",0.204534894164846
"LINC00689",0.204504727555512
"LOC93463",0.204254875162152
"TIMM10B_1",0.204077867632028
"LOC105373383",0.20388801851233
"MESDC2",0.203855014962815
"C11orf94",0.203853066239267
"NUTM2D",0.203690081852951
"LINC00381",0.203505538039221
"TMEM2",0.203373856482884
"RBP1",0.203309489368764
"SLC12A2",0.203302983408775
"LOC105274304",0.203296178104717
"TRGV4",0.203284254068656
"DIPK2B",0.203158188646327
"LRRN1",0.203033544560467
"DYNC2I2",0.203030861691014
"LPIN1",0.203029375236845
"LENG8",0.202973321141713
"DDX46",0.202921137690554
"CTTN",0.202892372018178
"CDYL",0.202881010904493
"FTSJ2",0.20285805767535
"PKP2",0.202834946908235
"RP11-514P8.6",0.202722562174296
"CCDC15",0.202647660538355
"TUBA1C",0.202608713044038
"KRT222_2",0.202562443308182
"LINC01547",0.202519333940258
"TUBBP1",0.202470386559814
"SPTBN5",0.202388178011635
"MDGA2",0.202314377735863
"TEX10",0.201938552470507
"NFKBIL1",0.201855713051076
"HPDL",0.201840686194289
"RHEX",0.201820874578869
"GSR",0.201748607263674
"ZNF540",0.201669674777828
"P2RY11",0.201581492717784
"RNASEH2A",0.201557766751816
"RNU6-282P",0.201403977838011
"RANBP2",0.201363489254822
"ZNF395",0.201342522212436
"TLE4",0.20132290623488
"MEST",0.201302686612782
"SERPINE1",0.201142693850421
"SNHG19",0.200994205281923
"MAGEC3",0.200891432045102
"IARS",0.200866732503029
"S100PBP",0.200812613832621
"GOLGA6L4",0.20067759794388
"GDNF",0.200637911175785
"WDR4",0.200599915636602
"MTL5",0.200574305772766
"HMGA1",0.200471234363549
"ATP5ME",0.200388847692776
"CALM1",0.200328091969241
"GUCY1A1",0.200246528997932
"FAM21A",0.2001705771365
"COQ8B",0.200169070724446
"NEBL-AS1",0.19995681542708
"RP13-766D20.2",0.199923909395091
"OSBPL2|LOC105369209",0.199762568406182
"GPI",0.19974408819073
"IGHG4",0.199523035541952
"ZNF219",0.199520920758956
"PRANCR",0.19952031334835
"AIFM2",0.199383706063697
"LOC102724934",0.199371876468853
"AP000783.1",0.199357326676435
"COL16A1",0.199326363214032
"OR2C3|GCSAML-AS1",0.199319761295323
"LCE3A",0.199316748948214
"NACAP1",0.199298994753313
"HECTD1",0.19919673350636
"CCDC157",0.19909346988445
"CCDC85C",0.199028425965754
"AARS",0.199001246749585
"CENPI",0.198971477025694
"CITED1",0.198951973005567
"ZNF784",0.198642018392762
"KIAA1715",0.198359736955189
"DNAJC22",0.198223342882787
"SERF1A|SERF1B",0.198145870595396
"GLMP",0.198131835109586
"HIST1H4D",0.198111365156746
"DHX30",0.198044530134144
"AMDHD2",0.197986862432183
"FLJ20712",0.19795065068767
"SETMAR",0.197802910501956
"AKAP8L",0.197782383339968
"UBE2F-SCLY",0.19769276929763
"TOX2",0.197689661207353
"NUMA1",0.197623753137464
"FRG1-DT",0.197597955332228
"PIF1",0.197258902779964
"COLEC12",0.197207768228862
"EEF2K",0.197155666089172
"MEF2BNB",0.197136008517669
"FAM86HP",0.197051662995455
"BNIP3P1",0.197005885858026
"ARHGAP28",0.196967664425754
"CYLC2",0.19692154502242
"LINC02422|LOC105369725",0.196903004880061
"DIAPH1.1",0.196584820764885
"SF3B1",0.196468639364639
"RBMX",0.196460273405489
"NPTXR",0.196455674801969
"SERTAD4",0.196333723115591
"KCNRG",0.196223384605069
"NOP2",0.196120271023011
"FADS3",0.196105377423951
"MINDY2-DT",0.196010270181435
"PLA2G4E",0.195895061671573
"ASPSCR1",0.195832890824921
"LINC00837",0.195724119518627
"DCD",0.195685561030004
"KCP",0.195618650740517
"ADRM1",0.195452969854046
"SYDE1",0.195235367813904
"C10orf62",0.195214363912189
"RP3-395M20.7",0.195206344640988
"RBFOX1",0.19499655243015
"NME9",0.194944055837574
"VN1R51P",0.194864711065714
"GSTA3",0.194800464110188
"ST18",0.194752358645946
"UBE2E1",0.19457623481749
"TNR",0.19444191084562
"ATP6V1H",0.194427857502991
"IDH3G",0.194395302052077
"LRRC3DN",0.194385419723415
"SUV420H1",0.194359963489247
"RPS4X",0.19429123926796
"ZFAND2B",0.194288279978513
"TUBA8",0.193951663274421
"SH3PXD2B",0.193917578123005
"LOC101928868",0.193821063551253
"AMOT",0.193795789727769
"NUTF2",0.193639928696671
"ATHL1",0.193609583543
"RP11-478B9.1",0.193586241596503
"RPL26",0.193569480841383
"EEF1A1P20",0.193562573783413
"SFT2D2",0.193508032818372
"PLPP3",0.193435673558496
"C3orf20",0.193316659971778
"ACSF2",0.193177808178202
"ZNF630",0.193160293035963
"FOXO6",0.192868625894647
"HSD17B7P2",0.192787539482507
"OVCA2",0.192703495193779
"MUC6",0.192611552824759
"POGZ",0.192374354391411
"NRSN2-AS1",0.192285541238206
"PSMC4",0.19228165950893
"OSER1-AS1",0.192056128800406
"GAS6-AS1",0.192022638954983
"DCAF15",0.192006753343087
"RP11-529A4.7",0.191950866466205
"KIAA1551",0.191855441198386
"PLCL1",0.191832633472339
"MGC4859",0.191769905666354
"PUSL1",0.191657950243755
"GPR26",0.191573195783849
"MAPK15",0.1914896375801
"CLK1",0.191441500746534
"IKBKAP",0.191347989708108
"C1orf132",0.191273384539586
"GIGYF1",0.190910409754383
"MCAM",0.190804111822644
"ASNSP1",0.190704613806155
"DLEU1|DLEU7-AS1",0.190634830827444
"PLPPR5-AS1",0.190574543341973
"RNF180",0.190493409897008
"UPF3B",0.190486221376201
"LINC02245",0.190448409415651
"SPOCK2",0.190421334925243
"PPRC1",0.190350473207747
"FLI1",0.190077505591418
"USP37",0.190053525777319
"SUPT5H",0.190033643871857
"FAM198A",0.190030651657372
"OR8B8",0.18984149114676
"KCTD8",0.189813201137212
"CCL5",0.189796101727224
"FAM222A",0.189740769512588
"CRACR2B",0.189693878329903
"RORA",0.189648150406507
"PDCD11",0.18952407350368
"C14orf166",0.189494593265363
"MYO5C",0.189369890084326
"ARFGAP1",0.189273710431563
"CDK11B",0.189270245656136
"SNRNP70",0.189158202166446
"CIR1",0.189155111768436
"RGS2",0.189143302236289
"FAM213A",0.189120679357558
"ODC1",0.189082488000939
"CDK9",0.189075490047332
"MTR",0.189053330028798
"SNHG17",0.189028564880503
"OR1E1",0.189014622421123
"TMEM11-DT",0.188975839971804
"COL23A1",0.188955354312811
"AC093323.3",0.188908449759481
"IGFBP5",0.188865456103878
"BTG2",0.188864184166634
"RBM25",0.188787161501638
"SLC25A1",0.188686912153449
"CIAO2B",0.188640651240931
"GSK3B",0.188585688587495
"RBMXL3",0.188525502652525
"STIMATE",0.188380425739411
"DPH1",0.188368442126865
"AFG1L",0.188312484582142
"RP11-552D4.1",0.188306090324662
"CLIP1",0.188083822625978
"TPM4",0.188077396782604
"TANGO2",0.188039483238862
"NRGN",0.187976544839746
"ZNF90",0.187880600291813
"RBKS",0.187826277563753
"PDCD6IPP1",0.187804954735235
"CASP16P",0.187782805491892
"TOB2",0.187754044332734
"SOCS2",0.187636591566999
"MOK",0.187570692242488
"HIST1H1C",0.18722864529307
"LOC100289495",0.187191259132954
"RFPL3S",0.187098327632603
"SMG9",0.187061265579248
"C12orf73",0.186963941630547
"TERF2",0.186948371034739
"AC090044.2",0.186860169211453
"APOLD1",0.186774814195183
"RNA5SP519",0.186695223453712
"TIPARP-AS1",0.186637900468334
"SLC25A22",0.186610132403138
"ITIH6",0.186602433826939
"FARSA",0.186339272830941
"ZFYVE28",0.186157668218104
"CD63",0.186083273868349
"C1QTNF3-AMACR",0.18604480363085
"KIAA0922",0.186014217110782
"ILF3-DT",0.185960180976788
"ZPLD2P",0.185948286923209
"FAT2",0.185910467345205
"XXYLT1",0.185819792133166
"MYH9",0.18574055184105
"C9orf131",0.185725899853331
"FMO1",0.185692758568334
"RP11-507M3.1",0.185602196263911
"JPT1",0.185572096632149
"RPL23AP42",0.185352792108733
"LOC100129935",0.185229204116222
"ARL16",0.18512982345327
"SEPTIN6",0.185057090111136
"MGP",0.18497213693679
"NEIL2",0.1849082055716
"MST1L",0.184879614648591
"DNMBP",0.184791014893751
"QTRTD1",0.184770640150234
"ZBTB43",0.184701152509868
"ZNF804B",0.184639633919771
"ITGA11",0.184601519052673
"FAM90A28P",0.184595258624629
"ELK1",0.184534402176387
"MYBBP1A",0.184489242019074
"ERCC5",0.184359477693398
"TCF4",0.184311062195253
"ZBTB22",0.184229410469167
"GAR1",0.183914238997719
"RPS2",0.183775973293349
"TUBB1",0.183716183214399
"BOC",0.183629190566568
"TMEM178A",0.183546215661384
"RAB11B-AS1",0.183447705295999
"APOH",0.183438572615283
"TBPL2",0.183438199211868
"NDRG2",0.183410417420736
"SLC4A11",0.183302106022984
"QARS1",0.183243749495232
"DIRAS1",0.183227513035334
"TDH",0.183117876995721
"BORA",0.183101382674825
"ZNF687",0.18308388303083
"LRRFIP2",0.183018021350376
"FOXE3",0.182982358873419
"IGHV3-35",0.182981560464959
"ZEB2",0.182883974947527
"MZT2B",0.182866846055092
"RNF113B",0.182744982739888
"PEG3",0.182733944045692
"RP9P",0.182724468474993
"KAT5",0.182637373083294
"KDM4B",0.182498028355802
"PPIG",0.182490802941473
"PABPC1L",0.182461098138727
"TCP10L",0.182400585067287
"AKAP11",0.182364057148876
"UNC5B",0.182338257026425
"RABEP2",0.182252192289359
"RMDN2",0.182199876460053
"DUSP27",0.182195708254533
"KIAA0020",0.182015421401178
"ANKRD39",0.181875063999084
"ASS1P9",0.181775746928507
"PTP4A3",0.181750347891236
"IGLC2",0.181693216960631
"WHRN",0.181546278513132
"LINC01551",0.181516848899887
"ZFP36L1",0.181484871380864
"RP11-542M13.3",0.181444814849856
"MZT2A",0.181300502064952
"DMD",0.181220713470433
"RTF2",0.181209397122537
"TMEM56",0.181138629456482
"PLPPR5",0.181078329245612
"KIAA1429",0.181038731596283
"RP11-313F23.4",0.181033054517809
"LAX1",0.180820760092999
"CES2",0.180733386575052
"ATXN7L2",0.180655538012142
"ENTHD1",0.180509800814925
"PRR26",0.180481420640662
"SNRNP200",0.180460444293645
"KCNJ4",0.180355804453541
"YWHAE",0.180225362121118
"MEGF10",0.180215004023647
"DEFA5",0.180071671891589
"PTGER3",0.1800576280632
"FMN1",0.180049728330294
"ANKRD18B",0.180028160223101
"SPAG7",0.180016088158956
"EGF",0.17994334198366
"KIF2A",0.179915931930032
"IPO4",0.179688238030183
"RABGEF1P1",0.179509518065346
"CSNK1E",0.17936828989441
"RPL41P2",0.17933665706704
"ANXA7",0.179219568167971
"CHSY3",0.17910435208297
"CHTF18",0.178961364810732
"SSX3",0.178919324263458
"NBPF1",0.178915481555332
"RP11-475O6.1",0.178836179550404
"PRKAR2A-AS1",0.178790432773111
"CENPU",0.178698452174432
"ZNF214",0.178693524172897
"NEGR1",0.178620117392728
"KIAA1462",0.178614734534016
"SRCAP",0.17852972534608
"IDH1-AS1",0.178427172342194
"INSIG1",0.178332473102828
"KIAA1683",0.178225331281744
"RP11-799D4.4",0.178173173896582
"LOC105370792",0.178169727368161
"GS1-251I9.4",0.178135368804561
"CD300C",0.178116679402873
"PDHA2",0.178073742785306
"PIGB",0.177872760044391
"C19orf67",0.177855123277093
"PCDHGC3",0.177832767645185
"MTMR1",0.177817534105546
"LRG1",0.177720602343494
"ART3",0.177719314173855
"SGO1",0.177629117506357
"ZNF513",0.177591230816511
"PPIA",0.177495010071502
"SEPTIN5",0.177465165714289
"SPRY3",0.177443949373055
"VAMP8",0.177302392408925
"C17orf62",0.177268663009544
"POC1B",0.177201222654949
"LINC02361",0.177130123517552
"RASSF1-AS1",0.177072543012095
"RP11-227D13.1",0.177047247169847
"RP1-283E3.8",0.176847770147217
"DOK6",0.176846828451249
"RBBP6",0.176715261054618
"SLC2A14",0.176669815290852
"RICTOR",0.176624523410336
"RIC8A",0.176622017066185
"ASXL3",0.176616393286251
"RHBDF1",0.176594398068979
"RRP7BP",0.176404152487155
"PLP2",0.176294572649538
"SATL1",0.176243874755889
"RPS2P6",0.17622980038462
"POLR2A",0.176214813378876
"STRIP1",0.176187662736416
"GTF2F1",0.176088295817891
"KCNJ2-AS1",0.176019112397715
"BUD31",0.17597568580275
"LIMCH1",0.175913394522527
"VASH1-AS1",0.175885624709099
"SLX9",0.175879912484291
"CCDC33",0.175799611580043
"FUBP1",0.175770442205289
"MUC19",0.175691798777035
"ZWINT",0.175688187076815
"MAP2K3",0.175650443345854
"HECTD4",0.175637080422859
"DHX40P1",0.17562006137043
"CTDSPL",0.175541811658451
"RASGRP2",0.175529378764714
"RNF138",0.175510448007097
"KRT6A",0.175446821656275
"ATF6B",0.175396795832871
"LZTS1",0.175235708302726
"PJVK",0.175210730310208
"IQSEC3",0.175155860497784
"THOC2",0.175099886830566
"ACTB",0.17506768628569
"NHLRC2",0.175050138351524
"PSMD4",0.175047635929615
"ATP1A4",0.175035129327049
"MFAP3L",0.174897795436736
"LLGL2",0.174408758757967
"DLG5",0.174354408932692
"DNAJB14",0.174297926042824
"LOXHD1",0.174155405002664
"CD81-AS1",0.173954219726423
"GPT2",0.173732146512151
"UHRF1BP1L",0.173531250421548
"TAOK2",0.173448382722486
"BRD1",0.173400271035139
"TRPS1",0.17338878600375
"AGAP2-AS1",0.173386383737642
"MLLT11",0.173384549354664
"ZNF568",0.173239257848516
"SARS1",0.17312618861713
"CAMK2N1",0.173081357423845
"H2AC17",0.173058918324193
"PRRC1",0.173012072038751
"BTNL2",0.172952236564387
"HNRNPA3",0.172873026356129
"MICAL1",0.172800637425631
"ENGASE",0.17269918539876
"LINC02760",0.17262503678
"PRSS42",0.172611378559985
"PHF1",0.172604735714484
"MTHFD2P1",0.172593368932859
"DDRGK1",0.172316331975022
"LRRC38",0.172212499694873
"SURF6",0.172210183683357
"TMEM37",0.172181238686933
"GAN",0.172153165735983
"PODXL2",0.172070209980215
"PLCE1-AS2",0.172061226633379
"AEBP1",0.172042035232611
"HSP90AB1",0.171909482313505
"KIAA1644",0.171892490944849
"MUC4",0.171863838497629
"DYNC1H1",0.171838845323058
"LINC00552",0.171742704735773
"TMSB10",0.171566847162823
"ZNF124",0.171566349179452
"SAFB2",0.171537384236459
"DNAJC9",0.171535539222183
"FBXW10B",0.171510838022601
"HIST1H4K",0.171455912644297
"SMPD4P1",0.171357230925014
"AC004069.2",0.171353367825317
"HOOK3",0.171308529308712
"DHX9",0.171227417096541
"CHPF2",0.171195545695893
"CIDEC",0.171188624181702
"EIF4G3",0.171020893365921
"JUP",0.17099628643885
"YAP1",0.170898720386165
"INF2",0.170868628208099
"MLTK",0.170835005945175
"DDX55",0.170826039812143
"BCL2L2-PABPN1",0.170638494364453
"DRAIC|LINC00593|PCAT29",0.170629935408388
"WFDC10B",0.170611088231709
"COA6-AS1",0.170585087134757
"PRICKLE4",0.170529915418152
"PAGE4",0.17049763330829
"APOBEC3A",0.170363240019358
"IGHV3-38-3",0.170048727985353
"GS1-594A7.3",0.170033564521922
"PCDHB9",0.170030929634262
"TSSC1",0.170024249126407
"PAAF1",0.169974422933079
"KRT18P41",0.169916585418065
"SCIN",0.169669653590549
"GUSBP11",0.169635553925012
"ARMC5",0.169629587505054
"DGCR14",0.169622772860798
"ISG15",0.169551921767751
"GYPE",0.169526487013985
"WWC2-AS2",0.169476299917051
"VGF",0.169462073664643
"CCHCR1",0.169450424983612
"ZFP28-DT",0.169436481905354
"SMARCE1",0.169424655134881
"TRIM3",0.169411946231291
"TGFB1",0.169384546810284
"THRAP3",0.169284655603322
"TSHZ1",0.169233617691538
"RGPD4",0.169191340740716
"RP11-761B3.1",0.169128855540108
"TMEM198",0.16905454337219
"DDX18",0.169017979804223
"ETV1",0.16899602893337
"LINC00158",0.168812828623474
"C11orf68",0.168807661516872
"KXD1",0.168747762772583
"OFD1",0.168631398319068
"LINC00493",0.168622043099681
"BCL7B",0.168590715926023
"ATP5PF",0.168541905886998
"AC109826.1",0.168531034723678
"MPZL1",0.16845804481629
"DLGAP4",0.168378669659601
"SPIN3",0.168341135647789
"LRRC14",0.168330687956132
"SNHG29",0.168085307937123
"KIAA1328",0.168083834750349
"DUOX2",0.167922066526452
"SH3TC2",0.167909681336942
"CACFD1",0.167875248459612
"TTC29",0.167851912177487
"MED16",0.167843540314807
"INSYN1",0.167756515750445
"SCN3B",0.167735585032412
"WBP11",0.167706567608688
"LETMD1",0.167674653653828
"MAD2L2",0.167672097386364
"HSPA4",0.167625210705034
"CC2D1A",0.167570158624382
"CCDC63",0.167495464246512
"OPALIN",0.167398994968731
"NBPF17P",0.167373049561027
"NFIL3",0.167325015342115
"FAM47B",0.167283959626778
"RPS10P28",0.167246241179151
"CHMP1B",0.167124355971811
"CCT5P1",0.167026749480302
"AOC3",0.166979725856306
"GSTP1",0.166976240549905
"GGNBP2",0.166936254564686
"WDYHV1",0.166887034294273
"C7orf49",0.166840257632413
"ZKSCAN2-DT",0.166655753353246
"RGL2",0.166434511727345
"FOXC1",0.166369204835679
"AC010141.1",0.166216929264274
"ROBO2",0.166184226353262
"RP11-255H23.2",0.166182033293915
"GIHCG",0.166179505117195
"ARID1A",0.166157831905359
"CRAMP1L",0.166157125230649
"NETO2",0.166114018782931
"L3MBTL1",0.16595342975858
"KLHL2",0.165863397794077
"VCL",0.165862132490836
"TBX18-AS1",0.165858020491033
"KRT17P3",0.165855132571678
"AFF1",0.165818943073012
"PLEKHG5",0.165818521317142
"DDX28",0.165755726487797
"GCN1",0.165731499289844
"EXOSC8",0.165726781885659
"SFXN2",0.165719623745526
"SIGLEC16",0.16570569275147
"POLA1",0.165594794712403
"NFIA",0.165589627016713
"SNX6.1",0.165554601692516
"SNHG5",0.165445647107183
"LOC105370295",0.165432097416762
"MAP4K4",0.165421318089629
"C1QTNF12",0.165314618529122
"ATP6V0A1",0.165186741600794
"CFAP276",0.165179205172952
"SELENOM",0.165162757557066
"IGHA2",0.1651111299441
"AC069213.1",0.16510877879712
"RP11-764K9.1",0.16503054667671
"MICOS13",0.16472581448907
"OSGIN1",0.164694048764619
"ZMYM3",0.164599191381989
"LINC01366",0.164588778493161
"EIF3G",0.164577816856156
"CCDC81",0.164568143192049
"ID2",0.164485597886688
"FUBP3",0.164482152809414
"CTC-338M12.4",0.164433839380372
"IGSF11",0.16441425394388
"KRI1",0.164374435362622
"GOLGA6L4|GOLGA6L10",0.16436646056923
"NOP14",0.164324467710454
"EIF2B3",0.164255591579176
"BIN2",0.16425120360445
"EIF4G1",0.16403542002999
"CDK1",0.163939439413787
"C1RL",0.163917589775494
"SUN5",0.163842174214612
"ITIH2",0.163788877224726
"GTDC1",0.163676915816037
"KLHL6",0.163670634304899
"ISM1",0.163663955519259
"WDR75",0.163339543274337
"MSH6",0.163262314128709
"SLC22A10",0.163060498941555
"BORCS5",0.163015170777452
"COA4",0.162992614828072
"CAPNS1",0.162941858795114
"TMEM176B",0.16277099879062
"AMPD3",0.162556615443752
"CCT6P1",0.162555571528607
"RP11-87N24.3",0.162507904732901
"S100A1",0.162401850479719
"RP11-265O12.1",0.162270710726494
"ATP5F1A",0.162266917747938
"LINC01842",0.16226140368968
"CYP3A4",0.162215373992024
"HERC1",0.162202051723266
"TRUB2",0.162191078905861
"TCF19",0.162090811027715
"LA16c-358B7.3",0.161994986146025
"CTHRC1",0.161991630842045
"AHSA2P",0.161960687381547
"TPM2",0.161930593033099
"ZNF608",0.161810944964281
"HEPACAM",0.161794958979875
"ABCC1",0.161714693664719
"RP11-95P2.1",0.161608614409881
"ATRNL1",0.161563793747606
"MAPRE2",0.161548078599934
"SKIV2L",0.161458213980341
"KIAA0355",0.161400502563227
"USP20",0.161393251450794
"RP11-145H9.3",0.161390228587556
"LINC02064",0.161313378290072
"TLCD1",0.161018410504089
"AC096559.1",0.160921561671717
"CEBPD",0.160903958727479
"SPDYC",0.160890104404179
"WWOX",0.160840533307039
"RAD21L1",0.16076311696691
"RP11-403I13.9",0.160590544334438
"SHMT2",0.160520405330647
"LINC00515",0.160424680733239
"FAM27E3",0.160372383072454
"VCP",0.160352276402464
"LOC105370473",0.160300450224671
"IFI27L2",0.160242768048043
"RP11-381O7.3",0.160209904879448
"ALDOA",0.160183068973065
"NBPF9",0.160176815062049
"OR1S2",0.160158680520527
"TMEM189",0.160126914608733
"SERTM1",0.160075109334346
"LRRC55",0.159979959902498
"FAM208B",0.159913070121882
"MS4A10",0.159890839173255
"MB21D1",0.159814678315306
"ATXN1",0.159793026248217
"SNHG16",0.159761686083175
"SYVN1",0.159708085431604
"ARHGAP19",0.159664580956472
"SAMD11",0.159626716454022
"PNMA2",0.159592317523285
"DDX56",0.159557190027701
"IGKV2D-28",0.159363733771837
"LOC107985216",0.159341795072092
"HIST1H3D",0.159269357939963
"NFKBIA",0.159265731450229
"C5orf64",0.15921299175896
"LOC375196",0.159119997324374
"C1QTNF9",0.159102334754023
"IQCD",0.158958531308898
"ZNF221",0.158920596811036
"LMNA",0.158855203977286
"RNF123",0.158821813886783
"PIN4",0.158797378432038
"ACOT1",0.158739770379303
"CCDC163",0.158638455032535
"PXN",0.158628962187521
"RGMA",0.158576417203953
"HIST2H2AA3",0.158557574338607
"ZNF799",0.158556668952004
"ARID5B",0.158549656641742
"RP11-344B5.2",0.158537706947095
"PROM1",0.158514488750422
"LOC100421372",0.158487374236225
"WWTR1",0.158476529649789
"GSTT2B",0.158407634428983
"HIST1H3J",0.158352637714728
"MAST3",0.15832220828245
"H2AFX",0.158219426738247
"GTF2IRD2B",0.15817160616925
"CAPN3",0.158158085239938
"RAB8A",0.158143013615621
"ARGLU1",0.158113329420906
"ALKBH6",0.158056390133774
"PQBP1",0.15802544883922
"FCN3",0.157898701973641
"RERE",0.157841387312312
"ITGB4",0.157793844909284
"PRR36",0.157650545358767
"ELAC2",0.157629258727281
"PES1",0.157623617415828
"PAXX",0.157610390777942
"MAP4",0.157568961825309
"MEN1",0.157485362295674
"EHBP1L1",0.157479205723009
"THRA",0.157476260378287
"STEEP1",0.157283729772705
"PRRG3",0.157263335928053
"NMRK2",0.157199255308634
"ZNF121",0.157153813541315
"RBMY2EP",0.157131685389489
"EEF1G",0.157082120601074
"GSDME",0.15707859179532
"MEF2C",0.157018651829045
"NOL9",0.156994948058194
"TRIM72",0.156979185983566
"RPLP1",0.156968671989811
"CLEC18B",0.156940242151527
"NADSYN1",0.156935412321842
"CDK10",0.156915527597968
"RPL23A",0.156797550367731
"CREBBP",0.156781885159398
"TRIP6",0.156776951513411
"EIF5B",0.156747563902306
"PCP4",0.156717646689586
"FLII",0.156715224965036
"TP53INP1",0.156641919096094
"RAD54L2",0.156596386593729
"FAM208A",0.156543688381683
"CDK11A",0.156531959987399
"ELMO3",0.156477604752907
"FN3K",0.156464514427455
"HCFC1",0.156280033729325
"DNAH3",0.156272829113142
"MARCH6",0.15622670145281
"GOLGA3",0.156217671924248
"ZNF205",0.156177904243814
"RBM6",0.156090525505189
"LUC7L",0.156034635282671
"HOOK1",0.155997895558598
"PDZD7",0.155987545379407
"KCNJ16",0.155977763946449
"ZNF483",0.155975365426572
"NEIL1",0.155962953208297
"FZD4",0.155957645959487
"YLPM1",0.15594801230235
"HSPA1A",0.155834756369406
"NRG2",0.155805186446014
"CORO7",0.155781055243431
"SCAF1",0.155697853343517
"TRPM4",0.155669196208689
"GAK",0.155651783944319
"EXOC3",0.15540508236444
"PENK",0.155385460132975
"PDGFA",0.155329591118162
"NKX6-3",0.155294030535236
"ILDR2",0.155108656819364
"AHNAK",0.155049267822401
"ARHGEF11",0.154935000341262
"PDLIM4",0.154911296960924
"MAP4K3",0.154878204613096
"BTG3",0.154823516367943
"TNRC6A",0.15459070602008
"ARHGEF17",0.154554001963784
"COL4A4",0.154543866338323
"CKLF-CMTM1",0.154510812774434
"ARHGAP45",0.154436691628668
"MAGED4",0.154387659503605
"NQO1",0.154352580709755
"PDAP1",0.154348965685402
"GPX4",0.154317567150332
"PSMC5",0.154277294927473
"STARD9",0.154265691302529
"TENM4",0.154253108513543
"ZXDC",0.154145151636517
"SLC22A3",0.154049074540314
"PACSIN3",0.154048113071235
"FSBP",0.154020658066226
"TBX3",0.153971628910229
"CCDC11",0.153947456786349
"WDR5",0.153896032166875
"SF3B2",0.153860645742309
"VWC2",0.153747126443343
"TMEM18",0.153613322411416
"WAPAL",0.153489208042013
"HLF",0.15339360900446
"RAB40B",0.153362690616977
"TRAV12-3",0.153336136488545
"TRIM34",0.153200862745198
"IGF2",0.153157686782351
"NUCB2",0.153147085884255
"GFRA1",0.153134066993915
"XPOT",0.152939189233831
"RAB42",0.152898016019447
"GOLGB1",0.152838639097489
"SCARF1",0.152835609136418
"PGAM5",0.152738183705947
"RP11-267M23.4",0.152706816988717
"TARS1",0.152668164684051
"NAGK",0.152488816336853
"CT66",0.152435670187098
"LOC107987373",0.152312883102656
"BPIFB9P",0.152283518273721
"RAB9B",0.152263709714627
"RETN",0.152251985148368
"GNAS",0.152132966425051
"PLXND1",0.152106138383095
"SERPINA3",0.15208033468446
"SASH1",0.152004402484751
"IL21R-AS1",0.15189634618081
"OSTCP1",0.151846050696475
"TTTY5",0.151822391099419
"CDK18",0.151780055525442
"MED12",0.151770891582703
"SLC44A2",0.15175260267613
"MYH15",0.151747325991968
"PGD",0.151611687766474
"SPAG16",0.151583357546807
"SCARF2",0.151475931469696
"C6orf106",0.151458397028877
"LINC02475",0.151445131930642
"ANP32B",0.15143604447993
"RGCC",0.151402222623847
"RPL21",0.151393636411164
"PNMA5",0.151298602188768
"PRND",0.151189489871689
"CBLB",0.151184682002754
"MNX1-AS1",0.151054846296688
"CLDN5",0.150910193705771
"SLC25A10",0.150838538527027
"AFG3L1P",0.150759194734947
"C6orf62",0.150727954727333
"EPB41L4A",0.150671021191092
"ABCC8",0.150621275194417
"PSMD14",0.150570212614752
"KRT8P41",0.150526566126699
"CDC42EP1",0.150503507262467
"PHF21B",0.150398238010567
"PMS2P4",0.150383620989226
"BRD4",0.150381368948612
"GORAB",0.150216183001377
"KMT2E",0.150137166151022
"PCAT2",0.150126718409385
"EEF1GP4",0.150101707030958
"XKR4",0.150023447414459
"RTL3",0.150001919697253
"KLF15",0.149983435741869
"LINC02572",0.149978943930613
"NOMO2|LOC102723728",0.149793973351753
"CLK3",0.149787367266556
"MRGPRG-AS1",0.149777770102954
"SAFB",0.149773597473123
"EIF3CL",0.149758321784155
"FTSJ3",0.149741135954189
"CDC25B",0.149624928448216
"ZDBF2",0.14959153192216
"SLC29A1",0.149578854775899
"PSMC3",0.149557953592509
"ILF2",0.14953438812228
"ATAD3A",0.149484095459552
"LINC00671",0.149397737404739
"MAN2C1",0.149383348940191
"DCAF1",0.149381685870892
"SH2D4A",0.149359054313834
"SETD6",0.14933267677901
"LINC03011",0.149032562348794
"AGRN",0.148975273274751
"BRPF1",0.148950344481215
"CAHM",0.148931185869703
"TMEM214",0.148924357059341
"EDC4",0.148896189662089
"IGKV1D-39",0.148878498060332
"UBL4A",0.148867093189457
"TERF2IP",0.148706094618274
"CYP11B2",0.148694789078297
"SEC14L5",0.148642726454134
"UPK3BL",0.148631087577327
"TLK2",0.148624968419435
"MPDU1",0.148601857972037
"MALAT1",0.1485886191108
"KMT2C",0.148500866267053
"HNRNPK",0.148416734551036
"TEF",0.14840512996035
"RNF139-DT",0.148359927033911
"ACPL2",0.148315744224377
"GTF3C1",0.148150055293096
"DSEL",0.148110035745404
"RP11-371E8.4",0.148107661405228
"FAM46C",0.148092236442697
"TPM1.2",0.14804780858692
"TBL1Y",0.148013393213803
"DBX2",0.147968438446319
"SEC24B",0.147881755149189
"LOC645967",0.147881589014669
"IGHV3-30-5",0.147766991492581
"REV3L",0.14772287855994
"PASD1",0.147700909551029
"LRRC4C",0.147694883212934
"POLR3B",0.147639482710136
"NRP2",0.147558720142288
"GUCD1",0.147439514125351
"SORBS3",0.147434134010565
"FOXD2-AS1",0.147401189061271
"SLC38A6",0.147378550557063
"CKS1B",0.147325826031505
"LINC02583",0.147312527210738
"SLX1A",0.147248546954563
"ZBTB4",0.147231443091699
"TM9SF1",0.147202321418402
"GPX1",0.147114150978329
"SELENOV",0.147109799774707
"NUDT14",0.147079628762234
"TUNAR",0.14699961129676
"SLC52A1",0.146989122198418
"TTC25",0.146732811803461
"HNMT",0.14669020222851
"CNPPD1",0.146609498439048
"LOC102724428",0.146560315472073
"ACCS",0.146538757532449
"ZNF729",0.146386127137171
"HSD11B2",0.14637635355819
"ANKRD53",0.146302808267612
"ANAPC7",0.146201005066954
"DAW1",0.146128641686134
"MAPK1IP1L",0.146104982242769
"DGKH",0.14603708488852
"SLC35E2A",0.146030617601213
"DDX10",0.146029249243589
"GCLC",0.146026679651613
"CD2BP2",0.145947400482524
"MAGEB6",0.145835746827687
"ATG9A",0.145809240532409
"SEPTIN7P7",0.145806671188895
"ZSCAN12",0.145761544766419
"ADGRL2",0.145713085270947
"SLC6A12-AS1",0.145692142049937
"DHDH",0.145648988124717
"CTCF",0.145568004127177
"MCRIP1",0.145557564691479
"C12orf49",0.145517062150001
"GON4L",0.145517034623832
"ATP5PO",0.145514322886695
"FOXK1",0.14551211506286
"CHD4",0.145505796062805
"MYO3B-AS1",0.145494670502946
"DDX49",0.145490238436526
"MLXIP",0.145387984127855
"PTPN12",0.145329751795262
"CIC",0.145285414564652
"ABCF1",0.145274857066324
"ORC6",0.145271227084155
"IQCC",0.145234844016264
"WBP2NL",0.145214791723453
"ZNF875",0.145206208941205
"TBC1D3|TBC1D3L",0.145182525084488
"SUPT6H",0.145166686352011
"CPXM1",0.145165605723497
"ASPRV1|PCBP1-AS1",0.145160622491645
"DRC7",0.145153373341133
"NONO",0.144993081176167
"NIPSNAP3B",0.144958769087488
"SLC2A4RG",0.144918624526539
"TOLLIP",0.144852784838796
"ARHGEF1",0.144849870384797
"RNPS1",0.144813531917747
"RFPL3",0.144741161228405
"PNKP",0.144689862816233
"HSP90AA1",0.14466841675799
"LRBA",0.144667208894893
"POLG2",0.144619202449455
"CANX",0.144531430001773
"ARHGEF33",0.144348707794578
"MYH4",0.144302304480132
"APLN",0.144243589774414
"ZNF407",0.144170700747099
"TSPYL2",0.144144816855337
"BAG6",0.144142542502313
"C12orf66",0.143967836535022
"HOXA4",0.14384528337616
"ZNF93",0.143774323335098
"GTF2A1",0.143769781597806
"PART1",0.143747881340058
"RPL7P23",0.143616497674499
"CHRNG",0.143576004989603
"MLF2",0.143498637866896
"SPANXB1",0.143490996059676
"BCL2L12",0.143471735187268
"PLEKHM2",0.14339460912937
"EFCAB4A",0.143334374287585
"TMSB15A",0.143300255479515
"TTLL11",0.143215608387718
"KIF7",0.143198280943554
"UBE2L5",0.143178702542601
"ASIC1",0.143073239463807
"NUP210L",0.143066566820509
"NKG2-E",0.14304627553405
"SET",0.143033181061253
"ERMN",0.143001081741557
"ZNF716",0.142989106336955
"COL5A3",0.142961368114634
"TMEM110-MUSTN1",0.142946128059346
"PPP6R1",0.142938491102383
"PRPF40B",0.142903279328105
"CDCP2",0.142883331268039
"SUPT4H1",0.142880613393537
"NACA",0.142878414133264
"NAPA",0.142874472086992
"EFCAB7",0.142859093038885
"PRKAR2A",0.142825829500663
"ACIN1",0.14281203699127
"TARS",0.142805883526296
"CYP27A1",0.142789971689171
"ZMYND8",0.142754053115728
"MMRN1",0.142751088437646
"IGF1",0.142697288876776
"NDC80",0.142696428982271
"TNNT2",0.142695736696392
"PCNX",0.142547124773322
"TMEM243",0.142534044727185
"LINC01239",0.142505104008033
"FGFR1",0.142505029772282
"PMS2P3",0.142463583811072
"EXOC3L4",0.142451442431637
"OCM",0.142383782806083
"RPL32P3",0.142337816385162
"FGFBP3",0.14220789170471
"ZNF560",0.142128515390852
"PPFIA1",0.142102205915597
"CASP5",0.141958665232065
"ATP5MC1",0.141933100869851
"APOD",0.14191268014722
"ALDH1A2",0.141899662855511
"C7orf33",0.141873833856709
"SMC5",0.14185568599597
"GDI1",0.141795692714762
"LOC100506235",0.141770728832155
"HS2ST1",0.141735262532749
"MMP1",0.141627842138909
"RING1",0.141539380742711
"UBE2U",0.141520062397881
"PPP1R15B",0.141489944157464
"COL12A1",0.141456174701735
"FAM21FP",0.141376586869287
"MCRS1",0.141336456477798
"WDR46",0.141276277888145
"PLEC",0.141262128520357
"MFAP2",0.141252042955246
"PHB1",0.141233703996396
"AGO4",0.141182943263798
"H3Y1",0.141180204872413
"MMP11",0.141127771486649
"DACT2",0.141123712374245
"MAP2K7",0.141083399107184
"TRIM24",0.141066426482301
"VPS54",0.141052058312251
"TINF2",0.141014020531844
"RPLP2P1",0.14093355394977
"ULK1",0.140916171197978
"SCAND1",0.140904203393817
"CSAD",0.140853367819443
"SEC62",0.140839956128782
"CCDC86",0.140818226871441
"ATF7IP",0.140816041304164
"TRRAP",0.140705503913186
"CXCL9",0.140676064835419
"FAAP100",0.140673425988344
"LENG9",0.140587482956841
"WIPF2",0.140571106286908
"HIRIP3",0.140550512155209
"ZMAT2",0.140521140853004
"INPP1",0.140511512791607
"PRKY",0.140508530274026
"LOC102724250",0.1404987253762
"COL27A1",0.140384600120724
"LYZL2",0.140338465507234
"LRRC17",0.140262440837845
"UTRN",0.140254472613626
"LINC01711",0.140244125576795
"GNL3L",0.140160612004519
"PRR14",0.139949944068871
"ST6GALNAC6",0.139867967159422
"TBC1D9B",0.139841383412715
"JARID2-AS1",0.139816341628605
"LOC285097",0.139758331176849
"CADPS2",0.139721157822824
"SHPK_2",0.139633203905654
"COLCA1",0.139615737879555
"ENPP6",0.13959107462316
"FER1L4",0.139569294989031
"FOXN3-AS2",0.139530775523879
"INTS9",0.139501168244006
"RANGAP1",0.139484253523799
"DNAJC2",0.139353934436789
"MTCL1",0.139322644789592
"DRG2",0.139238419491232
"RPP25",0.139155494063374
"GNL2",0.139119926890175
"PLA2G7",0.13909073291832
"SPINT1-AS1",0.139062825947217
"AC006445.6",0.138996612180318
"ARMC9",0.138971214046585
"SMEK1",0.138892297742346
"TMPRSS6",0.138880769383177
"PLEKHA4",0.13884554228796
"HNRNPUL1",0.138744208194204
"RPH3AL-AS1",0.138732011670048
"LINC00670",0.13872301029156
"MIR99AHG",0.138718985454867
"PIANP",0.138619648447827
"DAND5",0.138569976813528
"LDAF1",0.138569049150475
"SLC12A7",0.138566679729962
"HOMER3",0.138369266315858
"MGEA5",0.138366924571982
"RBM23",0.138358969066879
"EEF1A1P45",0.138337092992305
"RPL17",0.13821353439486
"TBL3",0.138212199432816
"SPANXD",0.13817611334862
"MACROH2A1",0.138148048317297
"NEURL4",0.138043877256998
"TBC1D17",0.138043286542937
"PCSK4",0.138001108084598
"PLSCR3",0.137995137013217
"LOC100996384",0.137938063764253
"NRAS",0.137803541643509
"GARIN3",0.137801536093405
"BRWD1",0.137691890805998
"ATF3",0.137546997590756
"EXOSC1",0.137542117298965
"KCNH6",0.137508863434753
"C2orf16",0.137416386780018
"SUGP1",0.137402388460472
"MORN1",0.137380654237079
"SEMA4D",0.137315465107587
"ARHGEF40",0.137215594478758
"TMPO",0.137188294429547
"ZNF767P",0.137177705542375
"C1orf61",0.137139415112845
"ATP6V1E1",0.137082638681988
"DEK",0.137058629884066
"SMEK2",0.136984326861112
"GOLGA8I",0.136930150326795
"EIF2AK4",0.136920930657629
"LOC105376805",0.136916867276202
"RP11-1C8.4",0.136901630079289
"CON_sp|CASK_BOVIN|",0.136899436690933
"ZNF678",0.136892751073023
"AC026150.5",0.136877051120068
"ZGPAT",0.136840562775007
"ETS2",0.136820354477281
"CSPG4P11",0.136601594284775
"LANCL2",0.13659905959582
"TRGV8",0.136589757842046
"TMEM220-AS1",0.136571763150325
"DEFB114",0.136559913728297
"RIT1",0.136554013550989
"SLC26A11",0.136535229686817
"MARC1",0.136534215930039
"ACTG1P25",0.136533897829729
"LOC344967",0.136518108090474
"SMOC1",0.136505174332999
"PTBP2",0.136489168804465
"LINC00165",0.136421228551417
"SNCAIP",0.136402087475387
"FNBP4",0.13635722025095
"ZNF529-AS1",0.136244627657089
"SEC14L6",0.136188768236796
"PNPLA7",0.136156609339364
"C17orf51",0.136149129043988
"NPLOC4",0.136125080785518
"TMEM171",0.136098637267159
"POR",0.136087444392193
"LOC122539214",0.136050803753613
"FLJ20021",0.136030771932168
"LGALS1",0.136025686888971
"ENAH",0.13601441216598
"CCDC92",0.136010133753329
"TRIT1",0.135981124597538
"EIF4E2",0.135928095015318
"EHMT2",0.135901362600366
"MAST4",0.135899701348824
"RORC",0.135752334795164
"PQLC2",0.135750222043351
"ASMTL",0.135678241718185
"SF1",0.135644918816324
"LARP1",0.13562490405838
"FAM189A2",0.135609829072461
"PDGFRL",0.135594582159932
"LOH12CR2",0.13558891713395
"FAM163A",0.135574352338207
"SPATA24",0.1355608692317
"CDT1",0.135407484158079
"SYNCRIP",0.135396059038476
"SLC35F1",0.135209859678398
"ZFHX4",0.13519191636044
"TAAR5",0.135158996751953
"DDTL",0.135139819682546
"LRRC70",0.135101433854772
"CNTNAP3B",0.135087328426099
"TCEA3",0.135078296739206
"DIO2",0.135047678899454
"SNHG15",0.135030168593887
"TMEM161A",0.135016783708159
"ATP13A1",0.135014711626048
"IGSF5",0.134965012846168
"SPINK5",0.134881908985348
"LRMDA",0.134668273481634
"DDX54",0.134637809585202
"MYMX",0.134625021124359
"VGLL3",0.134575674819672
"PCK2",0.134443671219742
"INTS14",0.134390616405062
"CCNG2",0.134381618893949
"UTP18",0.134254815730547
"ORAI2",0.134250019742723
"SEH1L",0.134239091940075
"ZNF550",0.134219066402634
"CSNK2A2",0.134154943673935
"HEPH",0.134040832111485
"ATP5J2-PTCD1",0.134019700352853
"TOR4A",0.134014453061719
"TMEM210",0.133936466350764
"PCDHGB9P",0.13373812001045
"MAZ",0.13372410189587
"SBK3",0.133706259928895
"UPF1",0.133691330475268
"GALNT8",0.133689079673257
"DPP8",0.133661401028191
"TNKS1BP1",0.133629922898344
"MCL1",0.133611147251994
"EDF1",0.133561706895019
"DBNDD1",0.133559947799296
"ARSD",0.133485278189462
"INIP",0.133476620765012
"CPA6",0.133425443375497
"SGF29",0.133370617632539
"ODF2",0.133369210684236
"MEF2A",0.133185180753413
"NGLY1",0.133124937909118
"KAT2A",0.133092709696754
"MEIS1",0.133077340122565
"SERINC3",0.133057846170715
"RELA-DT",0.133016738293868
"WDR26",0.132923968684558
"ADAMTSL3",0.132920022362501
"TBC1D3P2",0.132861740619764
"PDCD7",0.132797400050115
"USP22",0.132760732611754
"APCDD1L",0.132664821037792
"EIF5A",0.132635231355393
"TCEAL3",0.132571848794708
"DMRTA2",0.132529227583596
"C19orf43",0.132478542956998
"ZCWPW1",0.132386263865724
"EMP3",0.132342055111546
"ASL",0.132289867570079
"PIP4P1",0.132285232396343
"HAND2",0.132225400057598
"FIRRE",0.132214079748012
"RGS12",0.132169642819215
"PLAC9",0.132129738769534
"DNAAF8",0.132126748628972
"SFMBT1",0.13210050025417
"UBXN4",0.132090255032264
"DOCK9",0.131997951461424
"CAMSAP2",0.131968646486223
"CES5A",0.13194073407464
"IK",0.131894318475164
"RBL2",0.131662732280276
"ATP5MK",0.131661351590162
"EML3",0.131655495313267
"PHACTR4",0.131599906353924
"CBARP",0.131554015883058
"TNPO2",0.131522140928778
"C3P1",0.131475756491784
"BMP2",0.131468087181878
"LINGO4",0.131407322306522
"IGKV3-15",0.131395367402116
"RPL28",0.131395138870886
"PCBP1",0.131348948942179
"HNRNPDL",0.131317101621738
"SLC25A17",0.131293223386243
"SIRT6",0.131274069071484
"CHKA",0.131216306636317
"TRIM11",0.131167496824988
"MXRA7",0.131138766335358
"HNRNPA1P10",0.131106917286306
"THADA",0.131051147258584
"GP6",0.131040351027122
"WASH3P",0.130965152322696
"RASA3",0.130874732471707
"SUN2",0.130871162334303
"VTCN1",0.130859251861004
"TTYH3",0.130846194965989
"ADSS",0.130809701156063
"EIF3C",0.130780458694229
"FNTB",0.130755273905352
"C1orf35",0.130736925662305
"ND4L",0.130733882885385
"PCDHGA10",0.130657919267954
"HS6ST3",0.130632461229604
"TFAP4",0.13063088346853
"TP53AIP1",0.130581369568145
"NOP9",0.130550479998746
"MDM2",0.130511466035146
"IFNL3",0.130480860711958
"TBC1D8",0.130477759213879
"MTIF3",0.130418615356219
"MARCKSL1",0.130397334101799
"CELA2B",0.130392040509352
"LINC01304",0.130369554254232
"CPSF4",0.130347903803341
"YARS1",0.130338709454907
"FBL",0.130324003688987
"OFD1P17",0.130277093017972
"C5orf34",0.130264421630314
"TDP1",0.130171435623739
"DMRT2",0.130145037919117
"HARS1",0.130108750700011
"DUS1L",0.130107376906385
"USP1",0.13000847788473
"H2AFY2",0.129879216089875
"GOLGA8N",0.129877964339287
"CADM1-AS1",0.129875747233287
"CDK16",0.129745861462285
"PLCG1",0.129733286962206
"URGCP",0.129719396591081
"CASP4",0.129706849720389
"WDR18",0.129690825772317
"MYO6",0.129674617853903
"DIAPH3",0.129666414273528
"ADAM15",0.129626933247699
"GK3P",0.129604707971464
"LOC105371267",0.129558191470948
"RSAD1",0.129530912025285
"RBM39",0.129515966134714
"PA2G4",0.12948605744097
"B4GALT1",0.129415466241624
"ARMCX5",0.129414140911038
"MTSS1",0.129385137857069
"ANAPC16",0.129328524614132
"PMS2P12",0.129308784184436
"XAB2",0.129282058778146
"CTNNA1",0.129271229478135
"CDH5",0.129243166410659
"RP11-15G16.1",0.129211726165768
"OIT3",0.129198881726484
"MIR9-1HG",0.129084193626259
"AIFM3",0.129081358766136
"LINC00694",0.129031288082934
"NF2",0.128964125373618
"ATG16L2",0.12893348200698
"INTS1",0.128915730094572
"RP11-98L5.2",0.128802351240844
"EP400",0.128769543043304
"GCNT4",0.128744493685971
"FGF7",0.128673207805095
"ZBTB8OS",0.128652318823684
"POTEM",0.128630063699655
"TESK1",0.128425434358064
"TCF7L1",0.128417851562883
"TBC1D16",0.128369920787732
"LRCH1",0.128335032233367
"PLCB3",0.128333226288666
"KHNYN",0.128288937589241
"KIF13B",0.12821019361823
"H2AZ1",0.128174391117483
"NOP53",0.128156055063372
"RAB34",0.128114931861914
"SQOR",0.12806222552766
"TPTE2P4",0.128053596083698
"NUP98",0.127972539213691
"NLGN2",0.127959577311651
"SEMG2",0.127933333956813
"SAT1",0.127918699974227
"DDX21",0.127904052583441
"C2orf74",0.127874946858418
"FGF9",0.1278236693192
"PRX",0.12779022981719
"FBRS",0.12772203292194
"MEIS2",0.127670116374951
"MLLT6",0.127601677375123
"LEFTY2",0.12748607386507
"H4C13",0.127475209902464
"S100A8",0.127421209893556
"BIRC5",0.127414865060932
"PIK3R4",0.127390851923399
"TANC2",0.127297906006924
"ANXA4",0.127205899027075
"IRF2",0.127196393587016
"TRIP4",0.127182081380946
"SIDT2",0.127099374654029
"CNPY3",0.127074287670167
"NKD2",0.127068088009111
"PPAN",0.127030085647694
"AP3D1",0.126989366426195
"CXCL11",0.126970656450415
"LINC00665",0.126946112797651
"ACAN",0.126743729945024
"MAFK",0.126712465505084
"FLJ38576",0.126696103601958
"TAFAZZIN",0.126665544024375
"C9orf9",0.126632868828924
"GALM",0.126613903670592
"ARID5A",0.126582933664471
"HSP90AB3P",0.126569438909966
"RPRD1B",0.126564398276537
"MME",0.126553986691816
"MITF",0.126540436995059
"KCNA1",0.126534266018381
"IRAK1",0.126463228175038
"IVNS1ABP",0.126448610689104
"SRRT",0.126388678463722
"ZFPL1",0.126361740284826
"SYNDIG1",0.126265358516529
"MED24",0.126238954340094
"LRRC36",0.126236061809417
"CEBPA",0.126233250450341
"ARHGAP17",0.12622920718403
"RPS6KB2",0.126129420851258
"CATSPER2",0.126047342070414
"BBLN",0.126021812005255
"GNL3",0.125944632104233
"MCF2L2",0.125923611355789
"CTD-2350J17.1",0.125802939069516
"LINC02882",0.125789002507241
"SLC6A11",0.125659253741492
"RAB11B",0.125655971452486
"KRT26",0.125641938017961
"NOP16",0.125588603089063
"LEO1",0.125563736723793
"SDAD1",0.125545757148307
"SULT2A1",0.12552969003548
"AGPAT9",0.125522943972767
"TK1",0.125440312536436
"CPEB3",0.125420809942767
"PCMT1",0.125412415439659
"TBL1XR1",0.125393367352962
"NOL3",0.125384807405566
"RABL2A",0.125076674016476
"TRIM25",0.125060172688117
"ZNF33A",0.124987889225762
"DHX15",0.124954328775275
"PPARGC1B",0.124921731350665
"DMTF1",0.124893846684905
"TMEM39B",0.124813832995234
"SLC9A3",0.124779760517442
"RASA1",0.124757938187786
"TMEM81",0.124740722041741
"NDUFB2-AS1",0.124707991675907
"MAFF",0.124681014774475
"CCDC73",0.124659670200657
"F13A1",0.124626184637577
"PPM1H",0.124538259992881
"RTN4R",0.124490800659392
"GOLGA8K",0.124440931883694
"UBE2E2-DT",0.124440248467786
"GLIS3-AS1",0.124413406677567
"ARL2BP",0.124399777619683
"PDCD4",0.124397262487552
"HIST1H1D",0.124386704817268
"OVCH2",0.12437263163046
"RFPL1",0.1243469420232
"SCUBE2",0.12433479775219
"MRNIP-DT",0.12431685208414
"MTA2",0.124271205090073
"FIGN",0.124208128401832
"CARD16",0.124203410726127
"ELK4",0.124176794610215
"GNG3",0.124140420892703
"PI4KA",0.124124851113791
"CHD8",0.124089147649209
"NSF",0.124082036797137
"LUZP2",0.124033312218761
"PCNX4",0.12385231631569
"IFNA4",0.123636407236071
"PSMC1P1",0.123629766886824
"GPR161",0.123617300802063
"SERTAD2",0.123592223230237
"GPR135",0.123553884831648
"RBM8A",0.123491440823488
"MYLKP1",0.123477792169678
"PRAMEF1",0.123443233483118
"SSRP1",0.123391561720283
"CBLL1",0.123377642305826
"PISD",0.123302574568798
"LEMD2",0.123295278541454
"ITGA6",0.123285825068833
"CARHSP1",0.123204376450482
"NHLRC1",0.123180979865863
"TMEM44",0.123171592781384
"SMIM26",0.123158734281547
"LBP",0.123154639916125
"ACTC1",0.123139643055016
"GEM",0.123138967377363
"MATN1-AS1",0.123005951174865
"PSPC1",0.123000809156051
"CENPBD1P",0.122930992194656
"HTR3D",0.122921001763491
"RAB4B",0.122883470529515
"GRIA3",0.122869299301289
"NRSN2",0.122842620119206
"KIAA1217",0.1228182497649
"SSX1",0.122767752148366
"OR1F2P",0.122713570773885
"SGCA",0.122677791917895
"LOC441996",0.122653306570951
"MVP",0.122652857936297
"TYSND1",0.122652272258792
"SRSF2",0.122641719402858
"LUC7L3",0.122628648130611
"SIN3A",0.122590963311202
"UBASH3B",0.122535222230112
"NELFE",0.122461947761043
"ARHGEF26-AS1",0.122436472651207
"PIAS4",0.122416168545813
"LENG1",0.122404271238943
"MTERF2",0.122388425157659
"TXNRD3",0.122358293814636
"RORA-AS2",0.122348622306279
"SHLD1",0.122335910124955
"DNASE2",0.122187632807547
"DHX37",0.122109479820922
"FAM65B",0.122059634083758
"LZTS2",0.122016900391526
"STAM",0.121972978080382
"XRCC1",0.121959418188525
"SRD5A3-AS1",0.121958820228379
"VDR",0.121906092892639
"LINC02724",0.121800496883888
"MED12L",0.121696899455063
"CFL1",0.121688564090101
"BIRC6",0.121641550803767
"SLX1B-SULT1A4",0.121630845006941
"BTBD19",0.121494464075368
"LRRC41",0.121484065840463
"CTRL",0.121473338177594
"MAP7D1",0.121448001748855
"WDR13",0.121374056340437
"CCDC89",0.121314132054501
"PARN",0.121312584604007
"RP11-505K9.4",0.121306495130494
"ZFP57",0.121282435584419
"FRMD4A",0.12126210346699
"RREB1",0.12124390439817
"ADGRB2",0.121241486105204
"IQCG",0.121207519175561
"NTRK2",0.121128577161217
"AARS1",0.12112525062162
"RBFA",0.121058913838302
"RPL31P37",0.120990493771053
"SAMD5",0.12094602162695
"PRKD2",0.120916524120937
"PKD1L2",0.120888487833935
"TRMT11",0.120847153230016
"PLEKHG2",0.120836880779473
"ZNF530",0.120770879492604
"MAST2",0.120720774391053
"KARS1",0.120710260583091
"MYLK",0.120673592867611
"LURAP1L",0.120607850643506
"NOC4L",0.120559640912208
"PLA2G5",0.12054310196918
"SART1",0.120534975678128
"CUL9",0.120534224848683
"GUSBP2",0.120516268589464
"ERICH3",0.120427919633088
"RP11-706O15.5",0.120424628042424
"PRPF4B",0.120397639673497
"MAP3K11",0.120354211359178
"SLC8A2",0.120263958733637
"PBX2",0.120192129994692
"MMP21",0.120157821757296
"MAGED2",0.120125676298491
"CDKL2",0.120120328833318
"CRTC2",0.120058892109162
"NUDT22",0.120042352724604
"KLHDC3",0.119997290835488
"MS4A15",0.119978369835208
"PEX16",0.119949209908783
"CLPB",0.119911714000036
"UBA1",0.119827686714672
"CCNQ",0.119771356688364
"PLXNA4",0.119691137280184
"RELA",0.119627474589663
"UTP20",0.119612629521251
"RSPH4A",0.119540273301333
"CCNB2P1",0.119437208051047
"TRIO",0.119408956910392
"INO80D",0.119316315699513
"LOC101929552",0.119283468552111
"THOC3",0.119283355952719
"CREB5",0.119226381692785
"C14orf105",0.119171399215549
"SLC35B3",0.119164805971824
"LCEP3",0.119134236643783
"TAF1D",0.119127390923744
"RBCK1",0.119105708220904
"CDC42SE1",0.119102152548627
"GLYATL2",0.119072473666631
"ADORA2A",0.118973828838658
"TSR2",0.118945298522833
"FLYWCH1P1",0.11883794090905
"ALG10",0.118743066732164
"NASP",0.118734988461032
"MICU1",0.118667085995801
"GTF3C2",0.118618185497927
"TMC3",0.118606329161913
"KANK4",0.118564643157426
"MEIS3",0.118481904536192
"RHBDL2",0.118481087830428
"TRAPPC5",0.118463981048725
"SEPTIN3",0.118394758929127
"CLIC1",0.118342013279677
"NEK11",0.118327927766575
"PCGF3-AS1",0.118286711522022
"OBSCN",0.118283932140522
"LOC101928228",0.11828316890929
"ZNF419",0.118272267034158
"ARG2",0.118252372195294
"ANKRD34B",0.118250361297015
"BDP1",0.118247345686204
"FUT3",0.118238477955241
"FAM192A",0.118225156992597
"GAS2",0.118211462158763
"PSMD1",0.118210762683531
"YWHAZ",0.118207219831834
"COL5A1",0.118201634289012
"LOC105377488",0.118107326711806
"LOC645266",0.118036390864824
"NT5DC3",0.117978200716968
"GPR89B",0.117937086123862
"GIGYF2",0.117928311896781
"NCOR2",0.117800644917436
"KDM1A",0.117792650908082
"DDX19A",0.117732947182444
"ZMYM5",0.117720250862682
"CTD-2314G24.2",0.117704625740285
"TRAF4",0.117670710187136
"RSBN1",0.117642111248505
"TSC2",0.117628803593729
"THSD7A",0.117495174892552
"C4BPA",0.117462757353873
"ZNF711",0.117422640244437
"TMEM180",0.117376426973355
"THOP1",0.117235157978673
"EVA1B",0.117071472789176
"XAF1",0.117058312126512
"TGFBR1",0.11701673539098
"TAF1",0.117007316713637
"NOP58",0.11700150751805
"FCRLB",0.116983298516909
"DCAF12L1",0.116966761710467
"REXO5",0.116952894542587
"RETREG2",0.1169454265752
"KMT2B",0.116933211022982
"CDC42BPG",0.116893175350613
"IMPAD1",0.11689162188658
"HDGF",0.116812369088133
"PLCD4",0.116777821906906
"SP4",0.116744076103539
"CFAP20",0.116693244309593
"CCDC32",0.116684679679429
"THAP7",0.116677566999768
"NIFKP1",0.116619541126141
"MYH11",0.116594061517801
"VMP1",0.116532224131476
"TMEM154",0.116525568961614
"FGF10",0.116514721256338
"AMBRA1",0.116481993797687
"TEKT1",0.116480587077736
"TP73-AS1",0.116331723253906
"TFE3",0.116309617767714
"SF3B14",0.11629845652976
"GATD1",0.116291856271083
"CD164",0.11626444844179
"GLI3",0.116187422547339
"RP11-343J18.1",0.116167772255377
"TULP4",0.116128890649889
"PKN1",0.116066992230491
"BEX3",0.115956067122452
"CPNE6",0.115907452517639
"CEP57L1",0.115848128554481
"TEX13A",0.115798170153435
"PSMD8",0.115784864955472
"SFSWAP",0.115723232253197
"FAM50A",0.115633592255906
"CSMD2-AS1",0.115469144339049
"MPG",0.11543662592268
"ELSPBP1",0.115433204777993
"FAM168B",0.115424388187471
"GBE1",0.115343729372368
"METTL1",0.115296450714387
"DGCR6L",0.115181009083153
"PLA2G2A",0.115155945036554
"HIPK1",0.115139088947744
"STAU1",0.115132450482037
"VPS13B-DT",0.115043610099902
"PGRMC1",0.114981785635492
"UBE2M",0.114961579549053
"CELF1",0.114821289508527
"CHD6",0.114741404714726
"PPP1R14B",0.114703851266263
"GLB1L",0.11469932576309
"LMO7DN",0.11464456295987
"MLPH",0.114640882450487
"BOP1",0.11463979888701
"XAGE5",0.114629461261988
"MAX",0.114617326213542
"RAX2",0.114597861655383
"MCM7",0.114509083256028
"ACAT2",0.114506853425059
"PALD1",0.114484692064854
"CHTF8_1",0.114469616064794
"ADPRHL1",0.114448945049324
"FAM225A",0.114448207649668
"ASRGL1",0.114429134896011
"CD2AP",0.114369187839465
"INO80",0.114360809749641
"ZNF280C",0.114360741463639
"FER1L6-AS2",0.114359362840419
"PELI2",0.11433869286929
"LDLRAP1",0.114315818678209
"GATAD2A",0.114299930489924
"DYNC1I2",0.114266092319922
"ZFP41",0.114187885668973
"CAMSAP1",0.114179363568875
"CXorf56",0.114172519896142
"ZNF326",0.114142285839645
"OR5I1",0.114139339072118
"METTL7A",0.114066928868474
"ZBED2",0.114056977969613
"CLTRN",0.113912604448065
"FAM166C",0.113912122060054
"RAB32",0.113883454092757
"HDHD5-AS1",0.113830106891486
"ALDH7A1",0.11381845320963
"CENPW",0.113809789477766
"CPSF1",0.113805977390751
"PRPS1L1",0.113792958141054
"NAXE",0.113714147356124
"PNPLA6",0.11357808796766
"LINC00543",0.113469853643604
"GK5",0.113413236029233
"BPTF",0.113406393987275
"RGS7BP",0.113377125662756
"TRPV6",0.113366428310898
"LOC101928092",0.11336547658088
"RBM17",0.113330755290604
"SOS1",0.113287278858678
"CAMK2B",0.113266596874068
"UPK3B",0.11316051306571
"OR1C1",0.113138598736335
"SIGLEC12",0.113101084447602
"FBXW9",0.113003914521068
"TMCC1-DT",0.112994842428601
"CCDC22",0.112992843442108
"TRIM67-AS1",0.112984104287406
"TAOK3",0.112927605554589
"PARVA",0.112871504035465
"BCL6B",0.112855105652358
"DXO",0.112847760256643
"DNAJB5",0.112845520901396
"SP2",0.112844557792455
"C19orf54",0.112837152946746
"RP5-882C2.2",0.112827271019856
"ZNRF3",0.1127541611196
"NSUN5",0.11273014486362
"SCAF4",0.112633993108998
"LOC100129367",0.112633226345964
"CCDC124",0.112569014757052
"MEGF11",0.112537398659032
"TMTC3",0.112521791354853
"DDX39A",0.112473972647077
"RNF215",0.112472861425424
"FDCSP",0.112439347009393
"PTPN23",0.112413679995148
"KIF19",0.112404937115808
"ATF2",0.112396295001693
"MAFG",0.112387754858856
"LOC102288414",0.112371765574808
"LOC100996756",0.112358281017869
"HNRNPL",0.112314479069542
"FAM47A",0.112307718362744
"APOBEC3D",0.112255860107275
"MYO3A",0.112171282431548
"CLCA4",0.112169851611428
"UNKL",0.112162157515178
"ANLN",0.112150597287078
"DCAF11",0.112122511028941
"THBS1",0.112122235117056
"SSC4D",0.112085091370353
"MGRN1",0.11206626477912
"GCHFR",0.112048176197818
"CPNE2",0.112040658698929
"LMF2",0.112040095880923
"CNPY2",0.111963227353132
"ZNF607",0.111922222766823
"ITGA10",0.11191766471092
"PSG6",0.111912488536994
"FAM129B",0.111868623968253
"LINC02910",0.111839701966444
"UBAC2",0.111782475839574
"C18orf25",0.111743008356708
"BUD23",0.111705079764212
"LAMB4",0.111703864250465
"ALB",0.111697113534759
"POLRMT",0.111686053432303
"RASEF",0.11163287173662
"ANKRD10",0.111625522176862
"RASIP1",0.111621270748431
"ARHGDIA",0.111603664209565
"CAMTA2",0.111597622100831
"CPT1C",0.111550481651629
"SPART-AS1",0.111368752698698
"LOC100419154",0.111352666157384
"ASPDH",0.111337852632323
"PARM1-AS1",0.111313485709956
"LCOR",0.111200661561648
"PRDM14",0.111151132036904
"ZNF609",0.111150008795542
"ZFC3H1",0.11113208972961
"ZNF750",0.111042614330447
"DIMT1",0.110985601976447
"COMP",0.110821639308609
"KIAA2018",0.110802076216619
"SPATA42",0.11079259696881
"VARS1",0.110785051359546
"ASS1P12",0.110727176226524
"GGA3",0.110696422499896
"ZNF358",0.110573285564645
"TCF3",0.110560254169089
"AFF2",0.110557209667782
"CHST1",0.110511889596287
"TSC22D3",0.110506322860422
"ALG1L2",0.110503275518149
"SMIM11",0.110484281483607
"TNFSF13",0.110455338680142
"KCNN3",0.110455293734265
"DRG1",0.110439013940409
"HIST1H2BM",0.110387176111905
"RFFL",0.110339567959322
"KCTD15",0.110255644997477
"IGHV2-26",0.110255396526675
"ANKRD18EP",0.110253344890041
"ZNF714",0.110248850438107
"KDM7A",0.110205447236565
"PXDN",0.11020542762586
"EXOSC10",0.1101336469891
"NRF1",0.110122091732336
"ANKRD36BP2",0.11011604279057
"HTRA2",0.110075430882153
"PRPF6",0.11002704829126
"HSF4",0.110003424840346
"CBX6",0.109984947355615
"TXLNG",0.109920194921826
"PXK",0.109893994883581
"EHMT1",0.109867191836904
"SHMT1",0.109849673677697
"TFPT",0.109792859262636
"PIK3R2",0.109784353370267
"KDM4C",0.109690706484506
"ULBP1",0.109686559931259
"LMTK3",0.109677925857247
"GPC1",0.109596803938778
"KIFC2",0.109534960307185
"CCDC7",0.109532793007234
"MRPS27",0.109509482608131
"CAPG",0.109474375465316
"CHRNB1",0.10941194575066
"EWSAT1",0.109388552776679
"HNRNPU",0.109352001929631
"MARVELD1",0.109347166731115
"SERINC2",0.109342776729114
"WARS2",0.109329698423684
"PLCD3",0.109294544177969
"EGLN2",0.10928103920598
"C16orf82",0.109261572721381
"FAM214B",0.109232441741211
"CENPF",0.10912722798106
"MYL9",0.109065881942101
"LINC02984",0.108991677586567
"GTPBP4",0.108975239955057
"TMEM259",0.108974608258558
"LINC00905",0.108903075656444
"TRAFD1",0.108888191226529
"CARD6",0.108850498336442
"COMMD5P1",0.108836800569551
"CYP19A1",0.108788647580102
"PHLDA2",0.108778248079449
"VASP",0.108686667649942
"CLEC11A",0.108686636981132
"CPS1-IT1",0.108674291375827
"SRSF11",0.108611538865742
"PTPN11",0.108602181839243
"PRPF8",0.108600008864584
"ADRB3",0.108592827916816
"CRAT",0.108541794005262
"PGAM1P5",0.108537657745259
"OSBPL11",0.108508707619615
"FAM168A",0.108485002024263
"PGP",0.1084030385339
"ADCK3",0.108400749286743
"RPS25",0.108386502735146
"PGAP1",0.108382035341588
"HNRNPA1L2",0.108377546396051
"KLF16",0.108348697275922
"ARHGAP39",0.108335525495491
"PSD3",0.108242783525082
"PAF1",0.108154101658303
"URB1",0.108143771574962
"NOC2L",0.108114842980173
"MRPS34",0.10810628538231
"FTO",0.108098746655021
"TRIL",0.108060352548058
"SMARCD3",0.108042296740387
"WNT11",0.108012709709703
"ATP6V1F",0.107940221815929
"ITGA7",0.107899801416097
"CIART",0.107893189445589
"BSN-DT",0.10785415711462
"STARD3",0.107807859999457
"ANKRD66",0.107779355706523
"SOD1P2",0.107779075006697
"HEXDC",0.10775162183422
"ZBTB9",0.107744880535341
"PRH1|PRR4",0.107703052973864
"SH3BGRL3",0.107669415367973
"SH3BP5",0.107626815089671
"XAGE3",0.107614623831753
"VPS13D",0.107518695480802
"BASP1-AS1",0.107462921491974
"UBE2G2",0.107461984776117
"OR56B3P",0.107335760751726
"SELV",0.107272960277976
"CDS2",0.107267907407275
"C8orf88",0.107101449216415
"ABCC9",0.107059721206578
"LRP12",0.106996185012387
"GOLM1",0.106946810472557
"ABI1",0.106899323922068
"NOSIP",0.106874556584688
"SSX9P",0.106706029230944
"MPP6",0.106658912038023
"RAB40C",0.106653498991893
"EIF3D",0.106555706205978
"NAT10",0.106389648188751
"CLN3",0.106389297514967
"COX18",0.106357687248217
"FTH1",0.106350486130696
"RIF1",0.106341626418699
"SEC23IP",0.106337144499064
"UQCC3",0.106305919079564
"IGKV3-7",0.106305198492281
"PPP1R10",0.106299167840917
"ARL2",0.106280885228843
"CLK2",0.106263923861456
"HSD17B1-AS1",0.106263249444119
"GATA5",0.106217807524682
"GNA14",0.106208620425824
"FAM218A",0.106189728256836
"FAM83D",0.106183267324154
"NAA30",0.10617503651858
"AKAP8",0.106077585848531
"POT1-AS1|LOC101928283",0.106077010887764
"CHERP",0.10607172324652
"EPHX1",0.106040434596001
"AC005000.1",0.106023131229405
"RP11-452D12.1",0.106013706956354
"LINC02153",0.105965753228391
"GRIN2C",0.105947088990601
"DHRS11",0.105935636152052
"ALDH1B1",0.105897114369086
"SEC61A1",0.105872235280197
"GAB1",0.105829650176125
"EIF4ENIF1",0.105827336481897
"USP36",0.105795099976629
"POMZP3",0.105783870094815
"RTCB",0.105756508108066
"SEPTIN11",0.105749961732852
"GPAA1",0.105723551712162
"NFYA",0.105651818891262
"RBPJ",0.105599575008882
"STK38L",0.105522840135913
"DTWD1",0.105511740558835
"ZBTB2",0.105434696684197
"EIF3LP1",0.10541142044728
"RPS4XP16",0.105388384502101
"FAM89B",0.105379740868918
"ACTA2",0.105370681592686
"FGF12",0.10535654699272
"POLD2",0.105310289166866
"PNPLA2",0.105290156312901
"SEPT11",0.105274606225461
"XPOTP1",0.105252027829215
"LARP6",0.105194816885112
"KRT8P20",0.10513199811988
"METAP2",0.105094646241494
"POP1",0.105068133513639
"SMPD4",0.104987692414296
"ZNF574",0.104893491220539
"RRP12",0.104815064856227
"MUC17",0.104799220032418
"DACT3",0.104719018208092
"AP000351.10",0.104713420095732
"DAXX",0.104650498549151
"AGTR1",0.104632430025487
"CARS1",0.10460392320474
"POM121L12",0.104602096476031
"C1orf216",0.104598350315576
"ENOX2",0.104579827341087
"UBA52",0.104575461387097
"LINC01093",0.104547378737424
"H2BC1",0.104545150172669
"NELL1",0.10450818092733
"EXOSC4",0.104482129371573
"CD59",0.104429981089217
"NFIC",0.104400168619907
"CACNB3",0.104382176103543
"CENPJ",0.104376721990618
"FAM160A2",0.104288222343621
"PEX10",0.104283108126854
"PRDM9",0.104242324492854
"POSTN.1",0.104201937433529
"GAPDH",0.104178953532494
"GNA13",0.104176779951273
"ABHD4",0.104176590159418
"E4F1",0.104156480656126
"MAEL",0.104123415604989
"PIRT",0.104101853353918
"TCEAL2",0.104077671498758
"LYPLA2",0.104004596556513
"AC141930.2",0.103987402837055
"TEX33",0.103972507462354
"SLC25A6",0.103949841545439
"ZNF23",0.10391154486229
"IGLV3-19",0.103884742704872
"LIMK2",0.103876715631318
"ASH1L",0.103870558878956
"SERPINB6",0.103830532583994
"TYMS",0.10379509490718
"OLAH",0.103733852879201
"MOV10L1",0.103613605209859
"KIAA1549L",0.103599135582453
"CPNE4",0.103585925010811
"PATL1",0.103582910520696
"ZNF682",0.103568603738281
"CD300LF",0.103562377475598
"FGD5",0.103547889446166
"BTG1",0.103547208384908
"SURF1",0.103545418946879
"EXOSC2",0.103509970715786
"LINC01607",0.103493861659596
"TSHR",0.103478164440747
"STEAP1B",0.103455864682908
"IGLV3-1",0.10340789178454
"ARMC2",0.103402574813817
"SPINK1",0.10338361692966
"PI4KB",0.10336671999794
"TTLL5",0.103339542892361
"RUSC1-AS1",0.103328979971115
"TRA2B",0.10327653025057
"USP5",0.103276049069071
"GORASP1",0.103271563553776
"C1QTNF6",0.10325755702942
"SEPT6",0.103238526885467
"SCML2P1",0.103233043514698
"CX3CL1",0.10314121095544
"SLC3A2",0.103101259813505
"KCNG3",0.103090689124303
"NSRP1",0.103039288005227
"MRPS18C",0.103037099466814
"LRRC37A3",0.103007288315735
"APEX2",0.102999282520858
"TNPO1",0.102960429322443
"DVL2",0.102957581508319
"LINC00163",0.102880807300871
"CALR3",0.102880500361203
"IDUA",0.102840875846626
"FUT11",0.102813404363732
"PARP4",0.102797322005803
"PTPRU",0.102764093817093
"PSMC2",0.102763369255546
"PPM1G",0.102743233223351
"PRKAB2",0.102706469963238
"DCAF13",0.102685689499433
"GTPBP6",0.102656638014044
"EDNRA",0.102643213687169
"POU2F1",0.102537279065106
"RHOXF1",0.102527490570943
"ASS1P6",0.102517045863714
"ZNF48",0.102502511444775
"TTN",0.102494716370849
"ZNF724",0.102432458855663
"PARD3",0.102419968957494
"ZFYVE21",0.102412159350415
"WDR74",0.102379042516239
"TMEM251",0.102319808519656
"XRN2",0.102319701593866
"SLC15A4",0.10231112941365
"ALAS1",0.102285633782003
"DPY19L2P4",0.102281830911319
"RBM33",0.102243362824803
"ZNF541",0.102235735759356
"ADRA2A",0.102234189977374
"PIFO",0.102219116932373
"ABCC4",0.10217220698226
"THAP7-AS1",0.102160900376428
"RPGR",0.102148376020474
"IQCF5",0.10207437507852
"IGKV6-21",0.102037546289102
"ETV3L",0.10202365791786
"ATP5MF-PTCD1",0.102001994116205
"LY86-AS1",0.101975408231922
"IRF2BP2",0.101975306367691
"MYOF",0.101955335349424
"HIP1",0.101952397078864
"TCEAL6",0.101871031560251
"THBS2",0.101869860611943
"ARHGEF15",0.101852444399086
"SNX1",0.101845998191483
"RPLP2",0.1017968210685
"CA4",0.101760391127706
"LANCL3",0.10175108002784
"SCN2A",0.101700157248245
"NPM1",0.101686343090719
"ZFHX2",0.10166929720417
"BCAT2",0.101557742869678
"CDC6",0.101525685974554
"TDRD10",0.101486178161449
"HNRNPH1",0.101459470257418
"FSCN1",0.101452264978148
"GREB1",0.101438822312935
"FOLH1",0.101371559333949
"PUS7",0.101356476553134
"INCA1",0.101314449581103
"HUS1B",0.1012986140254
"CHAT",0.101270744591307
"CLK4",0.101249926728238
"IGKV3-20",0.101179593634738
"LINC01847",0.101166353084265
"HSPA12A",0.101098225183878
"RPL23AP5|LOC100134368",0.100961118053464
"NKTR",0.10093305264936
"TBCC",0.100930650682016
"DNAH6",0.100923289754718
"HS3ST4",0.100922012821404
"FA2H",0.100877290574768
"LOC100652999",0.100834982723415
"ZNF587",0.100815550177214
"SYNGAP1",0.10080144214714
"DYNLRB1",0.100776211674574
"ZNF718",0.100774367674671
"LINC02097",0.100753395419178
"CTNNB1",0.100747781808039
"GRIPAP1",0.100734096728122
"ZNF500",0.100728817447394
"NUCB1",0.100648564101477
"FRK",0.100648200374184
"MFSD14A",0.100642042513258
"PINK1-AS",0.100619031479131
"HOXC12",0.100617345829962
"PRKCE",0.10060544295683
"ZNF700",0.100590079385328
"TOP2B",0.100547290539768
"CNTROB",0.100532894611815
"AMY2B",0.100443445517018
"LINC00467",0.100426140959251
"TMEM121",0.100394391297224
"SMARCC2",0.100360165655766
"GMPS",0.10035012049864
"PPFIA4",0.10030863688092
"TMEM132D-AS1",0.100298420320722
"LDLRAD1",0.100288693968283
"TMEM74",0.100283852572016
"TULP1",0.100213406532917
"NLRP8",0.100146787226212
"CFAP157",0.100126738974669
"NPIPB11",0.100118197594421
"GRASP",0.100117943889129
"PORCN",0.100104110899128
"ARL1",0.10001688038227
"MBNL1-AS1",0.100002476068386
"ZNF207",0.0999988908545339
"KRT8P14",0.0999896888174669
"ZDHHC22",0.0999895722016207
"PCIF1",0.0999863363479558
"NUF2",0.0999618557666525
"SRP72",0.0999274430329274
"P3H4",0.0999239962588537
"MORC2",0.0998366233067022
"RP1-197B17.3",0.0998240543006532
"GCNT2",0.0997919510874838
"EIF6",0.0997889368752547
"POLR3E",0.0997195923033601
"CCDC171",0.0997157145050018
"DDX27",0.0997147458408539
"KANSL1",0.0996747175879227
"SDR39U1",0.0996058306036184
"PTOV1",0.09960009156932
"CEACAMP3",0.0995982407139135
"MDK",0.0995535114103059
"USF2",0.0995131313007522
"CRNN",0.0995018683148589
"SMIM6",0.0994915155927241
"LRGUK",0.0994464985643535
"FAHD2A",0.0994376946600788
"BCAS1",0.0993657158461257
"SARS2",0.0993541884523951
"SLC22A11",0.0993066052538127
"DGKA",0.0993053918561267
"EEF1A1",0.0992617235467059
"CDK2AP1",0.0992481916798716
"CCDC173",0.0992271722242065
"C22orf46",0.0992033467620971
"GOLGA6L17P",0.0991856657146584
"PAWR",0.0991783377223896
"TADA2A",0.0991523147644636
"TRIP10",0.0991514815484985
"FUT10",0.0991408810906051
"RPL39L",0.0990870335302803
"ROS1",0.0990106870419422
"LRP1",0.0990065321272331
"DRAP1",0.0989894657622399
"NPM1P39",0.0989583436883977
"BTNL3",0.0989300201097221
"TSACC",0.0988564350469786
"SCO1",0.0988411346629239
"STK39",0.0988160807750042
"ASB13",0.0988156053778696
"C16orf78",0.098786363845886
"ANKRD17",0.0987707222437156
"ZSWIM5",0.0987585252282314
"PGLYRP4",0.0987365528230955
"OGT",0.0986243548430232
"DDX24",0.0986139992413207
"FLJ40288",0.0985991951747422
"CSGALNACT2",0.0985860996086933
"ANKRD11",0.0985744168075596
"CPSF2",0.0985687573725785
"UBTF",0.0985651579046345
"BLM",0.0985549869846773
"GYPC",0.0985030664075795
"TOPORS",0.0984709819044645
"SHROOM1",0.0984571436110868
"LAMC1",0.0984385791592354
"IPO9",0.0984072039096451
"GDF10",0.098355671512444
"PTPN13",0.0983508059664387
"FAM205A",0.0983406729055485
"PNMA8C",0.0982030486050083
"WDR81",0.0981860532901205
"UBP1",0.0981845732912074
"C20orf112",0.0981383908085582
"SYCP3",0.098128721081186
"STAC2",0.0981103153616271
"LNPEP",0.0981047759876074
"PHF12",0.0980977311408668
"PHF11",0.0979828734454238
"MTA3",0.0979649323002022
"CYB5R1",0.097964849911723
"EML5",0.0979583166966852
"TRGV3",0.0979504113004443
"AC139099.3",0.097866189192008
"EN1",0.0978592904762601
"RILPL1",0.0978292709568266
"HNRNPA1",0.0977882503162016
"SRXN1",0.0977557524265701
"RPL24P4",0.0977507959931854
"BOD1L1",0.0976972592924066
"TRIM16",0.0976873517372757
"TBC1D12",0.0976507177812833
"PABPC5",0.0976397773406608
"EBLN2",0.0976013628636821
"CLECL1",0.0975250806817094
"LOC105372321",0.097517956730342
"DDX41",0.0974896368629688
"ASPN",0.097416971640056
"FMR1NB",0.0973950132530685
"PFN4",0.0973750873558152
"PARP8",0.0973055288239643
"MYH1",0.0972750382923423
"PSMD3",0.0972681619028476
"GPATCH3",0.0972086095739245
"UBAP1L",0.0971992408165061
"RGPD2",0.0971863487494767
"LOC644669",0.0970874577147605
"ZBTB47",0.0970863747841937
"CHKB",0.0970591725814214
"PBXIP1",0.0970561659560138
"TMEM87A",0.0970380537182973
"APCDD1L-DT",0.0970159851589802
"ARPP21",0.0969642444555774
"AICDA",0.0969392091182742
"STK36",0.0969101713211198
"EYS",0.0968728420182355
"GJA4",0.0968589588199046
"FABP12",0.0968190525959037
"PVR",0.0967772929754434
"PSMC6",0.0967659085201599
"DCTN1",0.0967508811814379
"RABGAP1L",0.0967364400457107
"AHCYL2",0.0967351397558881
"NELFCD",0.096721464877106
"CCAR1",0.0967099131164934
"RAB2A",0.0967015972292564
"SLC49A3",0.0966200378504059
"KRT8P45",0.0966180378467598
"SLC25A35",0.0966098270498591
"COL6A2.1",0.0965918857266263
"AP1S2",0.0965817606147665
"AAAS",0.0965769719161839
"ITPR2",0.0965580375627271
"DDI2",0.0965500173217872
"PREX1",0.0965434680117698
"RAB17",0.0965247081836697
"SLFNL1",0.0965232926496071
"ZNF577",0.0965179809847811
"SEMA5A",0.0964890120657493
"ABCA1",0.0964316038119916
"RGPD3",0.096413284664949
"ZBTB20",0.0964122061176459
"ZFAND2A",0.0963813301562271
"HNRNPA3P5",0.0963472569257107
"TAFA5",0.0963008004347309
"PCDHGB8P",0.0962981116382871
"TSPAN11",0.0962830251801651
"NUDCD2",0.0962562257324899
"CLGN",0.0962128811474277
"LOC100131496",0.0962113933270752
"SSH2",0.0961397830622585
"CFAP45",0.0961303310064226
"HMOX1",0.0961019446575111
"LOC101929154",0.0960410676447241
"AKR1A1",0.0960070096604335
"HSPC324",0.0959731554649679
"CLEC4E",0.0959689827245938
"NXF1",0.0959637593065338
"BAIAP2-DT",0.0958663291767562
"SMN1",0.0958480393970585
"CTDP1",0.0958093717004962
"STIM2",0.0957849286295972
"MSH2-OT1",0.0957559430578131
"PRTFDC1",0.0957364967697307
"CASC9",0.0957114921579427
"SGSM2",0.0956632136277412
"CENPB",0.0956330202816058
"GAS1RR",0.0956070423598109
"UTP3",0.0955943798915704
"VAV3-AS1",0.0955569071721738
"ZFR",0.0955425257118261
"SETD2",0.0954800308738407
"ABHD14B",0.0954505900064856
"ZFHX3",0.0954425772334955
"C1orf87",0.095374123084055
"MGAT4B",0.0953233682131073
"EZH2",0.0952963226390602
"CDC73",0.0952370752877478
"PRPF18",0.095214811189181
"GLIS2",0.0951529689577171
"CHD1L",0.0951453145204834
"CTAG2",0.0951174292341775
"ARFGAP2",0.0951021105373411
"BRD2",0.0950728132104296
"MSRB1",0.0950687596249212
"TNS3",0.0950385037067217
"TP53I11",0.0950054370949499
"C4orf3",0.0949496152542716
"TRIM5",0.094927646722903
"P2RY8",0.0949239747662354
"PSMB7",0.0949149783983866
"PYM1",0.094910651941568
"CPEB4",0.0948984607458345
"SLAIN2",0.0948908406996433
"BRIX1",0.094850075763573
"BORCS8",0.0948497909474667
"RNF183",0.0948473893032931
"STPG2",0.0948383739867205
"RHOT2",0.0948035844348843
"CNPY4",0.0947235094324557
"AKT1S1",0.0946857334456987
"PON2",0.0946637770378508
"GOLIM4",0.0945999751356464
"ACSL6",0.0945843836687516
"XRN1",0.0945805218933534
"PADI2",0.0945768070813733
"TUBG1",0.0944459843732514
"ALG1L",0.0944143419341547
"AMY2A",0.0944070265608935
"EDRF1-DT",0.0943932320392031
"CYP7B1",0.0943791337583965
"LARS",0.0943773586293581
"ATAD5",0.094366483293575
"SMARCC1",0.0943125951997115
"NRM",0.0943099628693437
"SEC16B|CRYZL2P-SEC16B",0.0943066422178205
"DNAH12",0.0942842951447447
"TLK1",0.0942667319355771
"RIC3",0.0942408211921261
"AGPAT4",0.0942190363062803
"PRMT1",0.0941544871210278
"ZNF451",0.0941542636519557
"UNC5B-AS1",0.0941431866384542
"CARD14",0.0941410518685658
"ARHGEF5",0.0941238511406628
"SPAM1",0.0939840909870942
"MMD",0.0939005218476478
"MBD6",0.0938937299228662
"FN3KRP",0.0938836469893817
"SIX6",0.0938721856696907
"BAHCC1",0.0938510912558176
"DBT",0.0938438119301844
"NID2",0.0938305035320245
"HUWE1",0.0938215078203835
"CHN2",0.0937915127558054
"ZNF793-AS1",0.0937659664574444
"YTHDC1",0.0937270061963298
"SLC26A4",0.093669056162405
"STIP1",0.0936576890774301
"CORO6",0.0936170538586777
"GGT2P",0.0935684714306717
"CCDC14",0.0935258249092406
"CECR2",0.0934779566626106
"PRSS27",0.0934483807513815
"NCR2",0.0934241801496891
"PRR12",0.0934114350292933
"SLC12A8",0.0933897800843673
"TEAD3",0.0933632279036997
"LINC01500",0.0933596302531893
"PSAP",0.0933582045754812
"WNT9A",0.0933460794259664
"RBM22",0.0933232416773979
"ATF7-NPFF",0.093264745964803
"MARS1",0.0932443439365402
"SLC26A9",0.0931693718790543
"FOXN2",0.0930710900546103
"DDX42",0.0930199871031368
"ZNF502",0.0929929599864962
"PCGF1",0.092905155053926
"MCAT",0.0928851894971272
"PSG9",0.0927204621820144
"ATRX",0.0926611570269526
"SSX7",0.0926469404849249
"ZNF559",0.0926401448159041
"MUL1",0.0925984934748099
"ALG1",0.0925168747039553
"AATF",0.0925164773069386
"TRNT1",0.0924971618493931
"BARD1",0.092445715059363
"TIMP3",0.0923716385766606
"HCG11",0.0923621790629311
"SEC16A",0.0923465095912545
"LTV1",0.0923252370548002
"IFRD1",0.0923207394469616
"SELP",0.0923008819852682
"ADAM30",0.0922517169240874
"USP7",0.0921990221564329
"NPW",0.0921373475104029
"C11orf31",0.0921043240017915
"CLTA",0.092076830922766
"PMM2|LOC100130283",0.0920742974974354
"POMT2",0.0920122919248631
"DHX38",0.0920060702963632
"AGAP9",0.0919900545725995
"CPM",0.0919695957509136
"LINC02901",0.0919214921813795
"LINC00313",0.0919127932507304
"CCDC116",0.0917746564320189
"CEACAM5",0.0917714909073668
"VEGFC",0.0917330311191903
"OR4F6",0.0917227669801613
"CENPE",0.0917143993769463
"HINT2",0.0917135509444068
"VAT1L",0.0916839577981334
"GAPVD1",0.0916140766375524
"PFDN5",0.0916038165279827
"RBM12",0.0915994079820874
"PHACTR2",0.0915880964003444
"BBC3",0.0915578656683342
"SCN1B",0.091540327089219
"MCTP1",0.0915364214380788
"PPT2",0.0915319761122245
"CXXC1",0.0915021632902698
"DNAI7",0.0914975945923955
"RNASEH1-DT",0.0914725213741156
"SH2B3",0.0914391694826936
"CHD1",0.0914339413397664
"LINC01013",0.0914313887455555
"PRRC2B",0.0913746083640323
"SPRYD4",0.0913658060401829
"SF3B5",0.0913628440278826
"CPVL",0.0913071610000026
"SCN7A",0.0912816808792865
"FSCB",0.091280814015695
"TARBP2",0.0911813681282018
"SND1",0.0911762317390797
"VAPA",0.0911544306631107
"HLA-E",0.0911410287881853
"YJU2",0.0911308262009798
"TSPYL1",0.0910407338938453
"PDXDC2P-NPIPB14P",0.0910397910896945
"NIFK-AS1",0.0910368275442
"FLOT1",0.0910266247383812
"TPGS1",0.091022186404375
"SLC2A4",0.0909504883997517
"CHD9",0.0908631605897975
"FLYWCH1",0.0908516294313827
"PER3",0.0908383739537118
"SFI1",0.0907922073022651
"C9orf43",0.0907906657901195
"OMD",0.0907690038558927
"CYGB",0.090764660237611
"PRKAR1A",0.090701602488855
"KDM8",0.0906877363021151
"TEX264",0.0906709073077564
"TARID",0.0906690119673641
"PSMB6",0.0906682694335388
"KCTD4",0.0906623412049433
"HYPK",0.0906582982941865
"RIN2",0.0906539433910635
"MECP2",0.0906505798042187
"LONP1",0.0905907802625033
"SYNE2",0.0904898689021283
"NUP93",0.0904717151045276
"IFT52",0.0904634933410575
"ORC5",0.0904346164758311
"CTSV",0.0904255135310563
"CDK7",0.0904240369922674
"OXA1L",0.0904062593639265
"RUFY1",0.0903949324185287
"HSPD1P8",0.0903872752001886
"TCOF1",0.0903801876478443
"NFKBIB",0.0903710029019881
"ENPP7P4",0.0903435874895626
"NEMP2-DT",0.0902502593764193
"DMAC2",0.0902042646863523
"CNN2",0.0901978779679348
"USP3",0.0901742584114164
"LINC02249",0.0901689480875065
"PRSS53",0.0901486920509737
"MRC1",0.0901466766078246
"GOPC",0.0901307573037341
"RADIL",0.0900925078407597
"SBNO1",0.0900833904085785
"NUP214",0.090015519634903
"FAM9C",0.0900044957219432
"LTBP1",0.0899843302457829
"LINC01679",0.0899696738728536
"NDUFC2",0.089918020383325
"VSIG4",0.089891329382612
"DNAAF1",0.0898873079073135
"KIRREL2",0.0898381825896247
"RPS6KL1",0.0898198644564793
"KCNMB4",0.0897573030268989
"NIBAN2",0.0897314354694293
"ABCA7",0.0897096690162604
"TMEM187",0.0896805080308683
"ANKRD40CL",0.0896238808778529
"RUSC1",0.089613726200099
"HSPB3",0.0895991824161929
"NCS1",0.0895949678204257
"COL6A1",0.0895819634910906
"RPUSD1",0.0895778218921047
"EIF2B4",0.0895181364036571
"NOS1",0.0894261479130422
"AGBL3",0.0894125647972401
"RBM42",0.0893713630246685
"C20orf173",0.0893697812944632
"CFAP47",0.0893322281813713
"PARP3",0.0893241587441463
"PAK4",0.0893182189624702
"IGHV3-20",0.0892773516655066
"MASP1.1",0.0892746304522678
"FAM41C",0.0892477600257706
"GDI2",0.0892201057669047
"PSMD7",0.0891943222443126
"MYOM2",0.0891723440384231
"TRDN",0.0891477092131975
"A1BG-AS1",0.0890946153859063
"QSER1",0.089077371794432
"AHDC1",0.0890604645021175
"SEPW1",0.0890587009677718
"BRMS1",0.0890474445914987
"TRMT6",0.0890435787600869
"SLC10A6",0.0890058229535964
"LPAL2",0.0889989786787755
"PREB",0.0889968469600093
"LDLR",0.0889948456886324
"CCDC146",0.0889803347833651
"ZNF268",0.0889311453016018
"FREM1",0.0889260383115282
"SLC7A1",0.0888475552762191
"ABT1",0.0887876066612931
"PAPOLG",0.0887376763713979
"ZNF789",0.0887211674093077
"MTMR2",0.0887184588708118
"COASY",0.0887100621749226
"CSKMT",0.0886926949073584
"SUPT16H",0.0886863949751072
"CBLIF",0.0886802633265598
"RAD54B",0.0886773185780414
"TNFRSF10A",0.0886260575825648
"SEC11C",0.0886051752247757
"NBPF10",0.0886029630446228
"F8A1",0.0885435639901438
"CENPX",0.0885075362400532
"IFRD2",0.0885017338410651
"RABGEF1",0.0884774348848664
"BICDL1",0.088457687986072
"PDCD6IP",0.0884535451145484
"POLR2J3-UPK3BL2",0.0884159541888566
"DCX",0.0883879813140172
"LLPH",0.0883596180205393
"HS6ST2",0.0883532457215429
"SOX14",0.0883313002705336
"NR1I2",0.0883192176576008
"SMARCD2",0.0883122956926161
"ZNF280D",0.0882749945018022
"MRRFP1",0.0882433155723277
"FBXL5",0.0881762499656818
"PREX2",0.0881413296134158
"RP11-403I13.4",0.0881294265709748
"RIMBP3",0.0881103278426236
"YBX3",0.087968780243525
"GTF2IRD1",0.0879562628504166
"ITLN2",0.0879483386280953
"TIAM2",0.0879476944926414
"ZNF680",0.0878970708390609
"EXPH5",0.0878290545825144
"TMEM161B-AS1",0.0878283542240996
"WDR91",0.0878156222141852
"HNRNPAB",0.0878001594108932
"ABCC11",0.0877664787685157
"CA13",0.0877634974116427
"RAD52",0.087750743837102
"PWP2",0.0877495062203514
"QRICH1",0.0877276029924921
"ZNF554",0.0877018072054983
"RFTN1",0.0876722138654533
"HELLS",0.0876582317068998
"STX5",0.0876431263194189
"NEU1",0.0876306633453696
"NR2F2-AS1",0.0876225437924526
"KHDRBS1",0.0876078537135771
"HSF2",0.0875615684858961
"CLPTM1",0.0875415319023898
"DHRS3",0.0875210512924173
"SLC43A3",0.0874916642915017
"FHOD1",0.0874866410648659
"IL18R1",0.087483736056106
"ERCC4",0.0874577319067796
"GSG1L",0.0874372005856811
"DNAH10",0.087421853279819
"CYREN",0.0873588252732267
"LINC01031",0.0872525254358424
"CCDC40",0.0872214860600522
"CCDC181",0.0871770821187656
"KLC2",0.0871167550005629
"POU5F2",0.0871118187718058
"HPSE",0.0870840952487768
"FBXL8",0.0870391960416113
"SCP2D1",0.0870339399669599
"CAD",0.0870260153878291
"PMM1",0.0870102183364694
"HTRA4",0.0869814875326708
"FABP5P3",0.0868461255758949
"KATNAL1",0.0868292408813935
"SULT1C4",0.0868257253851006
"ZNF433-AS1",0.0867846391967701
"CCT6A",0.086783115085764
"NAA80",0.0867314538262608
"TMEM8B",0.0867248918783101
"NEURL2",0.0867219968311367
"RAP1GDS1",0.0867161921865805
"GNB2",0.0866523503690423
"AP5Z1",0.0866211707185605
"ARPC2",0.0865924700864195
"LRRC73",0.0865846515986769
"TNFSF13B",0.0865660485147131
"RARA-AS1",0.0865471250774226
"SLC6A10P",0.0865423396197205
"UNK",0.0864789981108173
"ZBTB7B",0.0864728876834849
"KRT77",0.0864595852763753
"H2AP",0.0864495826725173
"TMEM30A",0.0864441160980768
"ILK",0.0863961451538055
"SLC25A44",0.0863941001838157
"REXO4",0.0863861977381828
"C4orf17",0.08630051396067
"WDR6",0.0862883886550026
"NMRAL2P",0.0862775586488776
"ZC3H18",0.0862170099239516
"MND1",0.0862056487381939
"CEP135",0.0861776901582702
"LINC00545",0.086141477345324
"LOC145783",0.0861060777043901
"SRSF4",0.0861015277749667
"PMVK",0.0860716637923265
"FAM177A1|LOC101927178",0.086068796936848
"KRTAP9-1",0.0860494935004461
"SLC17A8",0.0860350030416432
"YWHAH",0.0860216105460833
"NABP2",0.0859881330939179
"PIAS3",0.0859828723230986
"OR8J1",0.0859698703096242
"IGHV2-70D",0.0859453270619853
"NFIB",0.0858804058570107
"DPYSL2",0.0858398794673951
"HIST1H3E",0.0858305430855316
"TUBA4A",0.0858118440198746
"GAS2L3",0.0858085370883846
"MAGEB1",0.085797029531883
"AHCY",0.0857780240718628
"NAMPTL",0.0857572759127695
"C12orf45",0.0857030712930863
"UBQLN2",0.0856983820438001
"FAM83G",0.0856976614120375
"NEURL3",0.0856900199990652
"CDH18",0.0855840822027669
"TRPM6",0.0855382046025402
"RGMB-AS1",0.0855351804277342
"VARS",0.085531007657895
"PPEF1",0.085499153006845
"HTR1E",0.0854853188994541
"PCYT1A",0.0854697484369491
"NAB2",0.0854532499108138
"PAXIP1-DT",0.0854434116725376
"NFE2L1-DT",0.0854170010262539
"PSAT1P3",0.0853664500338986
"ZNF747",0.0853588390820965
"SRA1",0.0853469027856177
"MCM3",0.0853035186138961
"TAPBPL",0.085290667384769
"METTL17",0.0852782383116995
"NOL8P1",0.0852282352913578
"WFIKKN1",0.0852036969558932
"LINC00528",0.0851958449360692
"NAA40",0.0851755698411686
"LINC01315",0.0851428265131914
"TAPBP",0.0851123038650245
"LRRTM4",0.0850862738727957
"KIAA0930",0.0850820262410813
"S100A13",0.085071528188289
"ALMS1",0.0850653929174552
"TAPT1-AS1",0.085065237341669
"MYCBPAP",0.0849973816314415
"CELF2",0.0849567449088336
"TMEM179B",0.0849355833884028
"FAU",0.0849288434730905
"LINC03033",0.0849134413603728
"FBXW11P1",0.0849102871799911
"ZC3H12B",0.0848902490937871
"DCTN2",0.0848868626318077
"LLPH-DT",0.0848483947577486
"PLK5",0.0848323336950481
"SMIM10L2B",0.0848170522338484
"VPS53",0.084811992132754
"NPHS2",0.084692621421215
"PCNX3",0.0846853513969157
"NSG2",0.0846569410080262
"LNX2",0.0846542733191875
"ZNRF3-AS1",0.0846065728720876
"CD68",0.0845842774778737
"LINC02055",0.0845792163542741
"GATC",0.0845556637790676
"IRAG1-AS1",0.0845555233359591
"EIF3L",0.0845449547803044
"BAZ2B",0.0844948930573308
"FAM162B",0.084471709139589
"DDIT4L",0.0844479847924175
"NARS1",0.0844369386791451
"CENPO",0.0844226046648679
"TOR3A",0.0843916269276187
"NSFL1C",0.0843868632487115
"SPEN",0.0843682545653898
"RDX",0.0843317729675571
"SNTB1",0.0842626668024681
"GAPLINC",0.0842401650842133
"TSKU-AS1",0.084239510299275
"FAM9A",0.0842367368468402
"GSDMB",0.0841696019664931
"SNX15",0.0841657700424306
"FOXA1",0.084116705123212
"MEX3D",0.0840977928278098
"MAPK4",0.0840830460601391
"TANC1",0.0840749296639032
"SEC31A",0.0840703803621906
"PFN3",0.0840685756854248
"PUF60",0.0840634181509045
"PLIN1",0.0840061002603017
"FAIM",0.0839687751436271
"UCHL3",0.0839635818692212
"LOC100128398",0.0839379761647543
"LINC01347",0.0838641236318998
"MARF1",0.0838511653620529
"SHC2",0.0838487235746179
"SLC2A1",0.0838474468418417
"SNRPB2",0.0837938104541611
"MTHFD2",0.0837610587214628
"BCLAF1",0.0837091552788472
"CLPX",0.0836970067455973
"MKS1",0.0836550155809381
"KDM3B",0.0836423284448023
"SPSB1",0.0836249128960055
"PLEKHS1",0.0835907798427462
"UFD1L",0.0835581460148605
"LRP4",0.0835284123317798
"LUZP4",0.0835271967784363
"PRKAR2B",0.0834890127717023
"C17orf64",0.0834275724179241
"CD1D",0.0834210539947589
"SMCO3",0.0834110084783633
"SERP2",0.0834044365685083
"ZNF566",0.0833604326470027
"LOC149935",0.0833101732830208
"ASS1P10",0.0832935777042589
"SMIM10",0.083235989984651
"DAZAP1",0.0832300742014202
"BMP5",0.0832087263770482
"SLIT2",0.083205764216252
"CCDC130",0.0831403161433205
"CBX5",0.0831346480800706
"UXT-AS1",0.0830402788303353
"ARL9",0.0830378046817601
"IFNA21",0.0830206608941841
"LRRC43",0.0830147885408805
"GABRQ",0.0830060784876299
"H3-3A",0.0829536999025943
"MAB21L2",0.0829270742881917
"LIMD1",0.0828646020609919
"LYST",0.0828635846487508
"OSBPL1A",0.0828580927314353
"LCE1E",0.0828446918282034
"PSME3IP1",0.0828321919674533
"TNRC18",0.0828313659802058
"ATN1",0.0828224607950789
"PRMT5",0.0827706569252179
"WDR33",0.0827648612073524
"COL6A3.1",0.0827324819636672
"E2F7",0.0826729128136561
"PGR",0.0826668106480006
"PTPRVP",0.082617963568138
"TP53TG5",0.0826081871727628
"RP11-159H10.3",0.0826064143266332
"ANKS1B",0.0826063256784868
"FAM72A",0.082542283401946
"PGK1P2",0.0825108347177729
"SEPTIN2",0.0824438839963627
"GAS8",0.0824411784530094
"LOC442517",0.0824331275953059
"GSTO1",0.0824325198362585
"SPEGNB",0.0824256946297945
"LOC112268269",0.08240699242804
"NAA10",0.0823972960239067
"PACS1",0.0823098226460551
"TSPAN16",0.082283920557145
"ALYREF",0.0822751297301216
"BCHE",0.0822656685090153
"CYP4A11",0.0821628770311998
"PAX9",0.0821320304394963
"B3GNT7",0.0820870188804222
"GNPTAB",0.082051274692778
"DMRT3",0.0820382191574068
"KMT2A",0.0820357975959244
"FAM83H",0.0820357851780641
"ASB6",0.0820280512966699
"UBE2K",0.0820106052329761
"AKAP9",0.0819886834214607
"KIAA0226",0.0819327423977819
"WRNIP1",0.081919214426195
"ZNF519",0.0819187267366043
"HCN4",0.0818961385714767
"SCAMP2",0.0818847486127932
"ARHGEF2",0.0818693611939087
"SKP1",0.0818675289276238
"SPIDR",0.081852404107095
"ALOX12P2",0.0818357639242096
"SSX8P",0.0818293610494925
"MCOLN1",0.0818079290713223
"CCSER1",0.0818061587019049
"CSTPP1",0.0818004499005066
"G0S2",0.0817775485099025
"RTP1",0.0817333112363005
"TOM1",0.0816994165070556
"GJC1",0.0816739286267883
"SAP30BP",0.0816697576887394
"PTTG1",0.0816325957919087
"MFSD2B",0.0816197400849068
"GPRIN1",0.0815845114155659
"MS4A7",0.081501618266367
"CCDC183",0.0814621654570711
"SLC2A13",0.0813882708360055
"PRMT6",0.081344228281831
"IGFBP3",0.0813350829967064
"RANBP9",0.0813311785696323
"LRRC9",0.0812930852481667
"CENPS",0.081289254321957
"PNMA1",0.081266730169027
"SNRNP40",0.0812559324835019
"DOCK6",0.0812487544385178
"ITPRIPL2",0.0812190597540169
"VPS35L",0.0812061893142612
"TCIRG1",0.0812022304608443
"ALDH3A1",0.0811899221366644
"MRPL17",0.081163241052134
"MIER1",0.0811592760185958
"RYR3",0.081156888084129
"ADGRG6",0.081149446345362
"PSMA7",0.0811277045011075
"PKN2-AS1",0.0810754856191499
"OR52K2",0.0810578871144658
"DRD1",0.08105724504526
"PROB1",0.0810195580312846
"NCOR1",0.081005097962532
"TF",0.0809929525022816
"XPNPEP1",0.0809840380272394
"LRRC47",0.0809838070945717
"INE1",0.0809827445181856
"GRINA",0.0809618238933251
"BCKDK",0.0809560581810158
"TRPV3",0.0809342107508289
"ADAMTS19",0.0809258135421563
"PSMA3",0.0809199631308553
"CDS1",0.0809187097517977
"MPV17L2",0.0808743875991592
"ATP6V0E2",0.0808575440059165
"PCDHB15",0.0808366903775301
"CD151",0.0808281446892957
"UBR2",0.0808231550919253
"ALS2",0.0807831217816722
"FILNC1",0.0807784245740468
"TMA7",0.0807633221165045
"ZNF73P",0.0807428086599984
"NBR2",0.0807247525578683
"PSMA2",0.08067738074738
"KLHL7",0.0806587741822223
"ADAM11",0.0806428841292294
"PTPN21",0.0805723622910615
"LOC400627",0.0805297088175378
"TAF4",0.0804172454627615
"NRBP1",0.0804161229943367
"PYGM",0.080389824781755
"LOC105378819",0.0803717115908827
"CRADD",0.0803669786434159
"BEGAIN",0.0803501119488167
"FCN2",0.080346252352402
"SOX5-AS1",0.0803364095488703
"WDR49",0.0802416649059907
"MAP3K21",0.0802194606962784
"MUC22",0.0801922772021166
"UBE2O",0.0801577463331892
"NOL7",0.0801508306935822
"H3C1",0.0800838747293825
"CRYBB3",0.0800834153316601
"TMEM14B",0.0800686849200859
"FAM189B",0.0800626324329561
"KLK2",0.0800082461687213
"IL22",0.0799358805443255
"DDX10P2",0.0799306999610767
"BSDC1",0.0799261423470304
"WNK2",0.0799231865276301
"HIPK3",0.0799171386351167
"POM121C",0.0798953358010084
"ATG3",0.079871075451083
"CEACAM3",0.0798242432934763
"PEX14",0.0797989385844142
"ZNF727",0.0797678754491503
"PLEKHA8",0.0797492875389565
"QDPR",0.0797413283144808
"LINC00907",0.0797049063033367
"LOC728488",0.0796990843494621
"JAML",0.0796765147738988
"MAGEL2",0.0796715255287527
"C9orf142",0.0796689297399574
"AMPD2",0.0796448126068422
"CCDC47",0.0796226348991732
"AGAP12P",0.0796152168599701
"TPP2",0.0796131621630591
"TP53BP2",0.0796009723826791
"RNASE4",0.0795556087557171
"PIM3",0.0794688043853503
"SLC35A4",0.0794670594930036
"C1orf168",0.0794654966175213
"CCNI",0.079447230911016
"CISD3",0.0794098728372401
"TRMT112",0.0793771699954191
"ZCCHC12",0.0793649791567837
"EMC10",0.07935584267986
"CHTOP",0.0793275293844563
"C12orf50",0.0793168452700156
"ZDHHC12-DT",0.0793128329308062
"PRSS54",0.0792542666275347
"DEDD2",0.0792531297964392
"ENO1-AS1",0.0792507936062953
"MEGF8",0.0792350691665347
"SH2D3C",0.0792171896968241
"RP11-626I20.3",0.0792115390624696
"LARGE1",0.0791837722864166
"TMED4",0.0791728807706278
"EFCAB13-DT",0.0791543865073887
"PARP6",0.0791496647968793
"RNF19B",0.0791173384139985
"GBA2",0.0791003728398693
"OSBPL2",0.0790920634795086
"CRYBA2",0.0790867723188777
"SYTL3",0.0790764257849967
"CBWD6",0.0790538158780078
"P4HA2",0.0790254368612086
"FANCA",0.0790164010544723
"ELF4",0.0789980109271793
"NUDC",0.078992992316006
"C5orf51",0.0789759381188453
"BIN3",0.078974562173035
"NEO1",0.0789368851062148
"ANP32A",0.0789339340591224
"PTPRH",0.0789291138557746
"TLN1",0.0788836092229385
"TNNT1",0.0788466492466734
"KRT18P50",0.0788379254071847
"TMEM53",0.0788277209490731
"CFH",0.078798442991643
"TRBV6-4",0.0787688575935117
"CTC-459I6.1",0.0787534209708111
"TEKT4",0.0787310375286887
"TMEM209",0.0787302849822382
"VNN2",0.0787200737933032
"S100A6",0.0787082965705443
"ZNF514",0.0787007678742598
"ZNF738",0.0786896879373463
"TAF10",0.078666820478532
"SGSH",0.0786160450344631
"CAPN1",0.0785724387396657
"TSPYL6",0.0785435495420943
"STOX2",0.078529601129216
"SRGAP2",0.0785058257211713
"PPP5D1P",0.0784874986472761
"SNRPA",0.0784719923883085
"DDX47",0.0784681923996304
"SYCE1",0.0784640163062724
"RDXP3",0.0784303529875725
"MRPL2",0.0784226589920972
"RUNX1T1",0.0784126621452201
"ASS1P13",0.0784020871675537
"RSRP1",0.0783975541802916
"SMG7",0.0783896597847596
"ZNF528",0.0783420553519929
"TUBA3C",0.0783226459578437
"PLA2G4B",0.0782910540187396
"MTPAP",0.0782762457186813
"CST5",0.0782380352153726
"CSDE1",0.0782309955625171
"VPS11",0.0782190145052566
"RECQL5",0.0781938593890695
"GGTA2P",0.0781502414821663
"SLC35G2",0.078145843817028
"KIZ",0.0781223726366439
"ARFIP2",0.0780868124429947
"ZRANB1",0.0780547505176547
"C11orf80",0.078026289796864
"DYX1C1",0.0780258066936528
"SOX11",0.0779962843550863
"AMFR",0.0779614164034806
"ACAP2",0.0779568175787105
"GPR141",0.0779443670365775
"VENTX",0.0778460515070266
"RPAP3",0.0778413988162878
"GORASP2",0.0778197359058958
"ZFP28",0.0777906024830683
"CCL8",0.0777888598065243
"SLMAP",0.0777794699811416
"TRIM42",0.0777721187533065
"TNRC6B",0.0777634717264074
"PBDC1",0.0777493457072592
"KCNH8",0.0777346292652755
"STAB2",0.077722613992494
"KCMF1",0.0777100288487611
"RBM5",0.0777080262130412
"RFT1",0.077656183583077
"WWC1",0.077654475981229
"BMP3",0.077642770759842
"COX15",0.0776423424262092
"RAB11FIP3",0.0776100381138234
"ZMYM2",0.0776061031078219
"NCOA7",0.0775573122342257
"KNL1",0.0775516478051219
"ELF5",0.0775239832131023
"RHOXF2B",0.0775221237151476
"MSI2",0.0774978698450563
"HNRNPD",0.0774534097952193
"TWF1",0.0774489449408371
"TAF1L",0.0774192253471334
"TSPEAR",0.0774130380713014
"TMEM109",0.0773510749616504
"DGAT2",0.0772660402084831
"BIRC8",0.0772567360322496
"PPP2R5C",0.0772263429130142
"CTNS",0.0771992568618001
"ZC3H7A",0.0771839258357022
"IPPK",0.0771521682443548
"UBE2W",0.0771391419029728
"GPR89A",0.0770109805283837
"RNF144B",0.0769276432016019
"CCNL2",0.0769270362816979
"DLEC1",0.0768863194930657
"FAT4",0.0768612081766865
"TCTEX1D1",0.0768458813381815
"MC5R",0.0768288665565247
"CTC-260F20.3",0.0768209150531275
"NTRK1",0.0767888570204218
"C19orf35",0.0767783357952918
"SLC35B2",0.0767773402611073
"LIN54",0.0767755730666172
"CPXCR1",0.0767715348866607
"DNAH7",0.0767426867729089
"ZNF777",0.0766881407427144
"HOXC11",0.0766621892152349
"PLCB4",0.0766621465985765
"YIPF2",0.0765416942775852
"ALDH6A1",0.076535552278986
"CNOT3",0.0765112873184324
"PIK3C2A",0.0764796674438927
"EXOSC9",0.0764773934759452
"KDM5B",0.0764631902288977
"SFN",0.0764581192990723
"DUSP13",0.0764321539535404
"TAX1BP1",0.0764026364171042
"HMBOX1",0.0763963523479768
"KEAP1",0.0763908236360165
"TTC23L",0.0763856774506878
"NBPF14",0.0763793892452487
"DIAPH2-AS1",0.0763663606478385
"POGLUT3",0.0763532680443367
"COL4A1",0.0763495319682362
"PDLIM5",0.0763421266890323
"G6PC1",0.0763282472770275
"MYO18A",0.0763209365410856
"ZADH2",0.0762880077397105
"NOP56P2",0.0762834069990603
"THORLNC",0.076272542128595
"PACRG-AS3",0.0762544346096247
"CCDC153",0.0762504753786946
"NIFK",0.0762180132488486
"SYCE1L",0.0762105329436382
"ARF5",0.0762031115859894
"DCTN6",0.0761984417131728
"SMYD3",0.0761933530476407
"ZFYVE27",0.0761690388134482
"SNX30",0.0761623572569123
"RAD51D",0.0761614548625627
"CACNB1",0.0761453448307959
"UNC5CL",0.0761274697161978
"CRYBG2",0.0761228299348261
"SSTR3",0.0761122204191485
"KRT6B",0.0761110367597866
"SSB",0.0761036848757693
"OSBPL6",0.0760912947952685
"PDGFRB",0.0760218111428592
"CKLF",0.075998616934632
"TMCO6",0.0759058085806067
"CEP126",0.0758946974631744
"UGT1A6",0.075890443969726
"FGF4",0.0758837456292905
"RNF214",0.0757889556505123
"ADH1B",0.0757802294541225
"ALKBH2",0.0757548313704576
"PCDH1",0.0757412619647383
"TNPO1P1",0.0757212955711193
"E2F4",0.0756829990969198
"MMP2",0.0756621386751965
"CDC14B",0.0756456804967766
"GPRC5D-AS1",0.0756255288203746
"RBM26",0.0756143101580839
"AGAP5",0.0755878681597222
"RPS12",0.0755625900925556
"HIP1R",0.0755357670280067
"HNRNPH3",0.0755199513833439
"SYT17",0.0755128010506368
"PRDM13",0.0754864037886157
"FAM24A",0.0754861643321358
"B2M",0.0753990712610235
"ZYX",0.0753965167249189
"LSP1P5|LSP1P4",0.0753586587638256
"C22orf15",0.0753520620866509
"ANHX",0.0753406987124041
"RP11-483K5.2",0.0753394987000287
"PPP2CB",0.0753191349164757
"CLSTN2",0.0753157212220199
"PAN2",0.0752893038375458
"SEMA5B",0.0752469673714806
"PGM3",0.0752447397466792
"PDLIM7",0.0752187001882696
"RPL7AP45",0.0751908825402535
"AHCYP3",0.0751895087665542
"CSNK1G1",0.075185519139236
"SLC6A6",0.0751227188281417
"PRDM7",0.0751162013510769
"FNDC11",0.0750700226119955
"H1-6",0.0750687979719751
"ZNF202",0.0750560950468613
"PSMB4",0.0750303654994763
"LIMD2",0.0750175685262796
"CST9",0.0750171566396629
"ZNF454",0.0750060582677577
"ZSWIM4",0.0749732888377889
"METTL15",0.0749152337602025
"PPP1CA",0.0749129253978404
"TG",0.0749120207297343
"EXD3",0.0748968762273955
"ATM",0.0748891936467178
"LINC02961",0.0748528228982588
"HK1",0.0748492790326517
"PPP4C",0.0748127736866593
"NUPR2",0.0747997865541546
"SATB2",0.0747747550963122
"TMEM205",0.0747439735032863
"CLDN18",0.0747310583184436
"JOSD1",0.0747166471742206
"FAM107A",0.0746678217267049
"PPM1D",0.0746637465345367
"SNX12",0.0746392182257661
"LINC01622",0.0745900732904423
"TEX35",0.074586955676076
"FRYL",0.0745671926818759
"FOXJ3",0.0745432555668286
"ADAT3",0.0744561663579985
"FAM126A",0.0744537929785246
"CCDC87",0.0744512900619548
"TRAF7",0.0744511672904856
"TMEM82",0.0744390576682738
"SELENOT",0.0744276402875584
"E2F8",0.0743454616441766
"OIP5",0.0743330815951968
"TAMALIN",0.0743104863696393
"MRFAP1",0.0742930450427266
"PRRC2A",0.0742047735870476
"RNF145",0.0741686534081346
"CMKLR1",0.0741571947101162
"SEPTIN7",0.0740546995217222
"SPON1",0.0740473614674457
"GPC5",0.0740456830156627
"AC007365.3",0.0740336631864808
"SHC1",0.0740229769645697
"PIPOX",0.0739790794287152
"CACNB2",0.073976398217777
"ARNT",0.0739057525079924
"ZNF318",0.0738974730705663
"TMSB4XP4",0.0738948674063195
"COPS6",0.0738815490548531
"REPIN1",0.0738758132406439
"PCF11",0.0738610053842988
"UBXN8",0.0738580453352785
"HM13",0.0738488916992722
"JMY",0.0738087455074991
"SRPRA",0.0737992618272026
"STX3",0.0737678943951406
"MYO15B",0.0737390502136361
"DPY19L2P1",0.0737277993210331
"MLIP",0.0736949777777682
"SLC44A3",0.0736672733856441
"EIF4A1",0.0736507113301615
"ILDR1",0.0736460378154432
"KANSL1L",0.0736402697513951
"ABCF3",0.0736395027230165
"USH1C",0.0736364747358731
"TBC1D24",0.0735765792718939
"GABBR1",0.0735728128143261
"TENT2",0.0735701751358338
"PRSS21",0.0735670166501066
"PSMG4",0.0735151844489431
"P2RY10",0.0735033503491073
"ADAMTS2",0.0735019366627329
"MCRIP2",0.0734986040313026
"CCDC159",0.073482296933823
"TMBIM1",0.0734570762150275
"TOR1AIP1",0.0734551470404708
"SNRNP35",0.0734038794077274
"LINC00658",0.073395914566336
"ANKRD60",0.0733662110502305
"GPR137",0.0733279088312493
"ANKRD16",0.0733223061120356
"ESF1",0.0732185503433102
"DENND5A",0.0732136492189757
"PAN3",0.0731987763820753
"CBFA2T2",0.0731966647660855
"HOXD3",0.0730787254039094
"TMOD1",0.0730739176604913
"BHMT",0.0730725103754285
"VSIR",0.0730619583478483
"VIM",0.0730591837864374
"BRAT1",0.0730487021575587
"TGM7",0.0730205502812413
"SYNRG",0.0730198503864015
"GPR149",0.0730041215337031
"NMT1",0.0729863034755422
"SLC22A17",0.0729748363846192
"PRDX1",0.0729357185174302
"SUV39H1",0.0729356474541887
"DCLK3",0.0729349741409345
"HYAL2",0.0729344691246629
"EIF4H",0.0729251189498199
"SSX5",0.0729173989346552
"CD93",0.0728882273833599
"TEAD4",0.0728697742394156
"CKAP2L",0.0728201316323898
"PHF23",0.0728128825650142
"RABGGTA",0.0727846204517738
"MRPS26",0.0727679148615412
"CEACAM6",0.0726990866932646
"HEXB",0.0726901736713329
"SLC5A4",0.0726731677101151
"SLC38A2",0.0726719149842832
"SETD1B",0.0726369714206505
"GLYCTK",0.0726114802975192
"HAUS7",0.0725947132502782
"XIAPP3",0.0725669843226111
"ANGEL2",0.0725643622677434
"FYTTD1",0.0725371133436837
"SULT1A1",0.0725350446896138
"MLNR",0.0724897371553865
"DGAT1",0.0724757100649616
"IGHV4-39",0.0724553758994759
"PDIA2",0.0724451127218427
"CCN3",0.0724344934748451
"UCN3",0.0724215628027187
"RSPH1",0.0723841544567289
"DHX16",0.0723396843345125
"HOOK2",0.0723316000457982
"HPF1",0.0722734871796201
"SLC4A7",0.0722417726158623
"FRZB",0.0722326136584543
"MYH14",0.0721983471235856
"OPN5",0.0721945912079124
"SNRPA1",0.0721842453441431
"SLTM",0.072176498284317
"RRP8",0.0721683133919815
"HLA-DRB6",0.0721529431870232
"HS1BP3",0.0721276266579535
"MAN1B1",0.07211924603823
"MRPS2",0.072051139659146
"HEY2",0.0720010058890672
"ERH",0.0719942436713994
"HMGB2",0.0719717096647952
"DMAC2L",0.0719634751680269
"GAS1",0.0719597226066754
"KAT7",0.0719575781169981
"ATP6V0E1",0.0719499358398239
"PTH1R",0.0719053814094935
"SNTB2",0.0719019917242277
"SPG7|LOC101930112",0.0718943728298414
"SHROOM4",0.0718711712377275
"BAZ2A",0.071842088728285
"NTAN1",0.0718041848600021
"FXYD3",0.0717918070482185
"MTIF2",0.0717655202492814
"ZC3H11B",0.0717128317027056
"CPEB2",0.0717006033245811
"PEDS1-UBE2V1",0.0716682719099391
"PRDX4",0.0716661593162726
"AKIRIN2",0.0716465508220643
"PPM1K",0.0716207367514166
"UBE2E3",0.0716181255800945
"ZNF592",0.0716173663870141
"NRDE2",0.0716098010551607
"TIRAP",0.0715815403643476
"FMO9P",0.0715642511578286
"MRPL20-AS1",0.071563087387427
"MAP4K5",0.0715327803987003
"RNH1",0.0714943056450297
"SNURF",0.0714905841869902
"BCAS3",0.0714732890549212
"ELMO1",0.0714559612881735
"NFATC2IP",0.0714216978587117
"MAN2A2",0.0714144706291642
"EPS15L1",0.0713929492232966
"LPP",0.071332149653113
"PLCH1",0.0713233379853614
"GPX3",0.0713090034906978
"TNK1",0.0713087453927121
"PCDH11Y",0.0712992073592249
"MYZAP",0.0712876674123742
"PSMD2",0.0712783588428961
"SRSF7",0.0712778885210301
"RP5-874C20.3",0.0712765498309289
"CCNB2",0.0712544260644595
"PMP22",0.0712285232290208
"BMS1",0.0712003032705379
"BRPF3",0.0711933757870526
"TRIM17",0.071189033809301
"MACIR",0.0711636962586515
"SNAPC2",0.0711560664189663
"HNRNPUL2",0.0711547804561089
"TPTEP1|LOC112268292",0.0711234359457091
"IL11",0.0711117934507155
"ZNF771",0.0711046259723299
"GARS1",0.0710764131978674
"ABCG4",0.0710718914496138
"CD53",0.0710700903040248
"ZSCAN4",0.0710239616718048
"CATSPERB",0.0709745869740871
"LINC00202-1",0.0709564810976263
"ERVH48-1",0.0709344587301193
"ASB5",0.0709302050721425
"SLC16A10",0.0709106125571231
"ZDHHC11B",0.070865992773798
"FLNB",0.0708422312631217
"GUCA2A",0.0708240274660392
"DSCR3",0.070813633652213
"C2orf66",0.0707259616841494
"SLC16A13",0.0707239893284924
"CCRL2",0.0706493900504782
"HSPB8",0.0706148119965298
"ZBTB8B",0.0706077773735975
"PYGL",0.0705713963257637
"ATG14",0.0705642083690169
"MAMSTR",0.0705603482812829
"ZNF324B",0.0705535495475768
"TLE1",0.070543546015006
"LINC00174",0.0705312943392018
"SVIL",0.0705213226497463
"CTXND1",0.0705175353422396
"LINC00457",0.0704827547913983
"LTBR",0.0704556586450154
"CDH15",0.0704475528746107
"PSMB1",0.0704328431320541
"FBXO7",0.0704323886755963
"FAM183BP",0.070412648675152
"EMD",0.070405968671344
"GARIN5A",0.0703918822396613
"ADAMTS13",0.0703890712473694
"RBM20",0.0703411104581698
"VAT1",0.0703129590455487
"RARS1",0.0702953749090214
"ATP5MC2",0.0702910553942
"DYNC2I1",0.0702830275567684
"SUGP2",0.0702606661468145
"RPL23AP7|RPL23AP82",0.0702460440959775
"TYMSOS",0.0702177074320169
"ERICH4",0.0702095318800415
"KAAG1",0.0701917013517599
"CPSF6",0.0701618588996892
"PML",0.0701535520200604
"SRSF10",0.0701408185718582
"UBAP2",0.0701300985519249
"KCNJ15",0.0701300529899773
"SCRG1",0.0700629564460013
"C1orf228",0.0700423554838192
"SRARP",0.07001771402674
"NPRL3",0.0700139452925693
"FRRS1L",0.0699445693183753
"SHC4",0.0699414625717707
"CERCAM",0.069914156408646
"TDGF1",0.0699065427389612
"PEX1",0.0698862575663071
"DSCAM-AS1",0.0698277312147448
"ERAL1",0.0698231679405181
"RCOR2",0.0698208908396732
"LOC105372401",0.0697954092137916
"BCAP31",0.0697948297200887
"LOC729998",0.0697679874658466
"NAP1L1",0.0696704911077417
"KRTAP13-4",0.0696702861651453
"C19orf55",0.0696388475282955
"SPACA3",0.0696287182563195
"AOX1",0.0695692944820369
"ATCAY",0.0695562507880827
"PNISR",0.0695422859390064
"DNAJB9",0.0695032311639473
"TOMM40",0.069496714267746
"LINC02805",0.0694738846359144
"C11orf16",0.0694582811120815
"DDX23",0.0694108559292859
"ALDH3A2",0.0694059047180476
"LOC100286922",0.0693975672428353
"NUPL2",0.0693435797810711
"CROCCP2",0.0693238449786618
"FMC1",0.0692805459619359
"TMEFF2",0.069238674757686
"CCDC149",0.0692367701908923
"VAV3",0.0692251286883657
"SMKR1",0.0692130441551164
"ARHGAP18",0.0691966663283294
"OR1Q1",0.0691960546433672
"KDM2A",0.0691644160535852
"CLINT1",0.0691450377923508
"IFI16",0.0691114495375507
"SMIM29",0.0691022899665494
"FAM167B",0.0690695486381868
"LMF1",0.0690671593115121
"LINC02777",0.069047085913331
"C12orf44",0.0690199473631066
"SMC4",0.0689912015854995
"WFDC12",0.0689796242834202
"LIMS4",0.0689786487119308
"DARS1",0.0689538580656002
"NFIX",0.0689412194326534
"CDH10",0.0689403258323616
"BMP2K",0.0689382411721062
"LAMP2",0.0689073875378022
"PKM",0.068899856955819
"INTS10",0.0688600586853208
"MUC12",0.0688572752079393
"RBBP8",0.0688459816593673
"CDC14C",0.0688444959043437
"PTPRS",0.0688408167431817
"ERC1",0.0688221911980351
"DAP",0.0687709755868043
"CAMTA1",0.0687617109334102
"IL17RC",0.0687361628208087
"TACO1",0.0686855942311905
"ATF1",0.0686709788370685
"PEDS1",0.0686646486356075
"SON",0.0686327354206231
"STMN1",0.0686093503925171
"SPACA5",0.0686061525999895
"TRUB1",0.0685939494712649
"RAB8B",0.0685648094555844
"CMTR1",0.0685566538600847
"OLA1",0.068533766792176
"STXBP2",0.0685277877603589
"MT1M",0.0685072552583129
"S100A3",0.0684938067068422
"TRMU",0.0684602359336694
"SCUBE3",0.0684168765562537
"MFSD3",0.0684042888892633
"TOP1MT",0.0683487881406963
"SPRY2",0.068347022808104
"HNRNPM",0.0682987736061639
"TCERG1L",0.0682059900847214
"ALG13",0.0681820792961167
"RP11-496D24.2",0.0681564457849295
"NUP85",0.0681467046028099
"ZNF677",0.0680327231593341
"GRIA2",0.0680263973206095
"DGCR8",0.0680041322548477
"C8orf76",0.0679963697607188
"UAP1L1",0.0679882608825535
"TENT4A",0.0679710402923419
"HSD17B4",0.0679540287845435
"LHFPL3",0.0679002319627056
"SAT2",0.067878291329763
"LOC730183",0.0678591168243782
"LOC105377924",0.0678489209865489
"AGAP1",0.0678293895600433
"SP1",0.0677917963943748
"CEBPB",0.0677887509005267
"ADAMTS15",0.0677324936603022
"GPR37",0.0677228256541651
"DAB2|LOC112267931",0.0676851867340932
"GRXCR1",0.0676621792921526
"LRRC37A11P",0.0675822492926337
"SNAI2",0.0675506346285701
"CFHR4",0.067550198551892
"RNF25",0.0675384203965207
"ACTR8",0.0675359313353926
"CSGALNACT1",0.0675250491870837
"UBE2V1",0.0674910256531825
"TRIM56",0.0674830626438019
"LMNB1",0.0674582286309959
"SNHG8",0.0674368261068449
"PSMB3",0.0674317199450505
"LSM12",0.0674293871984799
"NCK2",0.0674116738601929
"ZNF445",0.0674047035168056
"SDCCAG3",0.0674045792996336
"EXOC6B",0.0674005451021819
"FEZF1",0.0673758417051014
"RNU1-70P",0.0673559145492302
"TMPRSS11B",0.0673533098764141
"CSPG4BP",0.0673214993463436
"GP9",0.0672916739224203
"TLDC1",0.0672909703879557
"VPS9D1",0.0672782037931419
"SCGB2B2",0.0672748744858093
"POMK",0.0672530803645717
"KRAS",0.0672431970991174
"ELOVL3",0.0672240305970236
"UBAP2L",0.0671825588757716
"LRRC1",0.0671805080327126
"CDKN2D",0.0671699036436493
"KRT18P44",0.0671679772244822
"RALGDS",0.0671386862224438
"AEBP2",0.0671272895796308
"SF3B4",0.0671102458662623
"IL34",0.0670863517703688
"KIRREL3",0.0670054992208102
"NHP2L1",0.0669638732169588
"TRIM41",0.0669590443260988
"IGLV3-25",0.0669486645991378
"SPG21",0.066933335796683
"ARHGEF38",0.0669151362776024
"TIGD5",0.0668581101455492
"MAPK3",0.0668562656000932
"TROVE2",0.0668257669417019
"CREBZF",0.0668207223554125
"FLVCR1-DT",0.0668181649790987
"POLR1A",0.0668048595143694
"MID1IP1",0.0668039363659634
"CCDC12",0.0667588707941726
"PELI1",0.066758674584
"CKB",0.066750018046505
"PCDH7",0.0667316179238193
"RFX4",0.0667259826079787
"DHX8",0.0667214931980458
"EPB41L1",0.0667096117221621
"KIF20A",0.066704465627188
"CERS2",0.0666659109697297
"ACACB",0.0666607284082702
"DOCK10",0.0666433071139399
"HSPB7",0.066640874685052
"CCDC115",0.0666159741323891
"AIF1",0.0665904265157031
"PLXNA2",0.0665801876086607
"UHRF1",0.0665689680776933
"PDE1A",0.0665384178534787
"LRRC71",0.0664830303306066
"ACTG1",0.0664582230630338
"NOXA1",0.0664372729361862
"MIR4307HG",0.0664312637598341
"CD226",0.0663231462060365
"EGFL7",0.0663078977318259
"PCDHGB1",0.0663039738090998
"DUS3L",0.066277446199831
"TTC38",0.0662646163817012
"CD9",0.0662416793938053
"RPL34-DT",0.0662367049760612
"PICK1",0.0662349884411408
"KCNJ12",0.0662208975940584
"RAB1B",0.0661558685895731
"POU6F2",0.0661477809463182
"FKBP15",0.0661416981400931
"EPO",0.0661285923870209
"RIPK3",0.0661280364907913
"RPS17",0.0661087336375256
"STAT6",0.0660883548337903
"GCC2-AS1",0.066074695006318
"SVBP",0.066073730910406
"GRPR",0.0660612570974752
"DNAH9",0.0660573945503147
"CT83",0.0660548417860856
"KIAA0319",0.0660114383467466
"FIBIN",0.0660064787482898
"OTX1",0.0660024421436693
"ME2",0.0659783969300819
"REST",0.0659617804991041
"RARRES3",0.0659521283437564
"HES2",0.0659333307524848
"SNX17",0.0659304479536092
"ABI3",0.0659235549960851
"COX7C",0.0659134972325664
"ZNF843",0.0658506895156234
"IGHV3-72",0.0658417539394216
"SLC27A4",0.0658346811486802
"SCAF8",0.0657798066943865
"YES1",0.0657443502833606
"ZNF230",0.0657367519141201
"IMPDH2",0.0657343692023103
"PLCXD2",0.0657036671794295
"MTATP6P1",0.0656759927025466
"CREB3",0.0656758760075417
"MELTF",0.0656594256275568
"ATP2C1",0.0656286478425198
"DNM1P46",0.0655829002437693
"TRABD",0.0655351966302667
"RPL14P1",0.0654708253994515
"FBXO11",0.0654647747195705
"FOXO1",0.0654572545375291
"MAGEC2",0.0654518642713295
"RAP2B",0.0654480962666595
"CFAP251",0.0654434737091226
"KIAA1671",0.065439978434721
"UFC1",0.0653739515857376
"PI4K2A",0.0652900902872532
"TFAP2D",0.0652343730872234
"BCL2L11",0.0652142575925799
"ANGPT4",0.0651391623340797
"OLFML2A",0.065089724061325
"LOC731755",0.0650870444510604
"EBF1",0.0650782707702204
"ERO1L",0.0650731463939487
"RBMS1",0.0650132129162202
"HOXA10",0.0650118928410376
"TNNC2",0.0650062816813663
"AKT3",0.0649922446995239
"ACSBG2",0.0649803204332434
"GET4",0.0649683952430848
"MYCBP2",0.0649665806525441
"CETN2",0.0649304674706343
"PPP1R3F",0.0649298949727265
"DEFB126",0.0649223728369845
"FAM174A",0.0649205385702576
"NUCKS1",0.0649095334820944
"NR3C2",0.0649019723713504
"MBIP",0.0649007045648575
"HCG18",0.0648923273927942
"INTS5",0.0648571784147734
"SOX12",0.0648393484402679
"KPNB1",0.0647968364858099
"ZNF790",0.0647709225935581
"UNC50",0.0647687451500629
"BCKDHA",0.0647570157563269
"HSP90AA6P",0.064747599837446
"HIF1A",0.0647469633582554
"TMEM129",0.0647381404420096
"PLAA",0.0647100327649123
"NBDY",0.0646638064312281
"IGLL1",0.0646322281462275
"SUMF1",0.0646168360874838
"CD79B",0.0646056479585788
"LINC00472",0.064597404265133
"TAB3",0.0645962119845492
"PEX13",0.0645686066999367
"SPATA5",0.064550622474721
"DNPEP",0.0644859598558247
"FAM170A",0.064457086281728
"DNTTIP2",0.0644349153144573
"FLG",0.0644256541169776
"PTGR3",0.0643636271177065
"BCL2L2",0.0643489369289769
"IQCB1",0.0643459021847275
"RAVER1",0.0643308384694888
"REG3G",0.064287836963573
"MIR4435-2HG",0.064269052619503
"OTUD5",0.0642679543907163
"RPS11",0.0642656885444563
"TSPAN1",0.0642494514913065
"CRPPA",0.0642424903477815
"PHIP",0.0642277257503596
"SPIN1",0.0642226698247406
"LARS1",0.0642131895154168
"NIN",0.064205606594796
"SDR16C5",0.0641551923783848
"CASC3",0.0641465941376107
"GUSB",0.0640673466877829
"MTDHP3",0.0640209457804695
"S100A11",0.0639903856939786
"APOBEC3H",0.063982671233185
"ZNF830",0.0639725908169192
"ARL14",0.0639711196862024
"PRTN3",0.0639341468887451
"EHD4",0.0639336359733725
"E2F3",0.0639065983607007
"DNAAF5",0.0638853669848367
"SDR42E2",0.0638645063508582
"ZNHIT6",0.0638637417988931
"AUP1",0.0638556781860374
"TLDC2",0.0638493101656123
"A4GALT",0.0637922158786298
"CD70",0.0637919877333306
"DHX36",0.0637753623351252
"ZBTB7A",0.0637514188699105
"ITPKA",0.0637473168338986
"SCFD1",0.0637361497967267
"RNF115",0.0637219177989249
"TUBAP10",0.0637164515127626
"RAB9A",0.0637014865101069
"MACROD2-IT1",0.0636850837261953
"SLC66A1L",0.0636683366750495
"ASB9",0.0636160841437256
"DHX35",0.0636019922133579
"SDK1",0.0635021149207367
"CRB2",0.0634962915412645
"PDE9A",0.063490231629351
"DCAF4L2",0.063480168675734
"ZNF717",0.063474451854563
"SYT12",0.0634704055183339
"RESF1",0.0634406355972697
"LGALS9",0.0634304571399482
"SLC25A3P1",0.0633866896839317
"GPR21",0.0633861230826246
"CRHBP",0.0633655018247634
"ND5",0.0633469124709057
"DDX39B",0.0633336088919319
"TAF6L",0.0633128093034857
"LPXN",0.0633088228066448
"RIMKLB",0.0632679478908234
"CALHM5",0.063267376223667
"DDX18P3",0.0632060788740647
"CUTC",0.0631992493863527
"SYNC",0.0631778437277915
"MAGEE2",0.0631339305036134
"SHD",0.0631296388418453
"IQCE",0.0630955745045063
"TMEM229A",0.0630925559972463
"AGO1",0.0630860813111674
"FAM219A",0.0630375608838738
"ZSCAN5A",0.0630313065320741
"RANBP10",0.063030621169586
"ZNF431",0.0630287898973103
"PTCH1",0.0630116670610038
"GRM7",0.0629740430386343
"KCNC2",0.0629680522945299
"LCE3E",0.0629632971619678
"USP11",0.0629600300958537
"UMODL1-AS1",0.0629463200225153
"TBC1D19",0.0629419247507883
"EGR1",0.0629269016215521
"ZNF428",0.0629078088497409
"S1PR2",0.0629051167543782
"EPRS",0.0628710682325416
"COX7B2",0.0628695172683909
"C1QTNF9B",0.0628364582594449
"HIF3A",0.0628135768946525
"KCNS3",0.0627997568362463
"HTR1A",0.0627696422186043
"ILF3",0.0627463516806418
"NSMCE2",0.0627437235768373
"ENTPD8",0.0627306046669632
"ATF4",0.0627285391975838
"TAF8",0.0627201557477104
"CETP",0.0627028967911955
"TPD52L1",0.0626902461264748
"EXOC7",0.0626656499372511
"DMXL2",0.0626323248883828
"FYN",0.0626236131004329
"RHOC",0.0625993460865726
"ERRFI1",0.0625918979780481
"RPH3AL",0.0625882050722058
"KMT2D",0.0625856915674272
"LBX2-AS1",0.0625455353985009
"GCLM",0.0625350477588316
"HEATR5B",0.0625315830959702
"TIMP1",0.0625119597818257
"PARK7",0.0625090752844222
"SLC30A10",0.0625061415978036
"PTGDS",0.0624735136115028
"ACSL1",0.0624444101605063
"FAM185A",0.062418850374611
"AC140481.2",0.0623701042303762
"ESYT1",0.0623665286174057
"CACYBP",0.0623357957611283
"HFE",0.0623245424982221
"USP53",0.0623200442757553
"ALPI",0.0623127458384011
"CYCS",0.0622958848605639
"PPM1F",0.0622907601669696
"TMEM202",0.0622872972086373
"R3HDML",0.062255257686141
"H1-0",0.0622101012181819
"BRAF",0.0621905332509055
"DAPK1-IT1",0.062168384740418
"SOCS6",0.0621543626425868
"RNF166",0.0621503561923925
"PROM2",0.062145559233541
"PARP2",0.0621349731798229
"CST3",0.0621307972772526
"AUNIP",0.062127380693566
"CCDC42",0.0621243009942483
"NCDN",0.0620692166779198
"CCT2",0.0620627742411687
"NFKB1",0.0620492130036821
"RPS6KA1",0.0619824138260826
"LOC100129291",0.0619406752776967
"EVI5",0.0619393374916402
"CEP43",0.0619392621281354
"RP11-403B2.6",0.061927561523837
"BOLA3-DT",0.0619038457334879
"CNOT1",0.0618978036959175
"FAM207A",0.0618267461970251
"PKD1L3",0.0618252815165669
"PARL",0.0617994727046763
"TMUB2",0.0617890016195158
"PITPNM3",0.0617768213212969
"PBK",0.061772823889801
"TGFB2",0.0617000072286197
"POM121L3P",0.0616954918217063
"DERPC",0.0616853550206674
"KIF22",0.0616635372085209
"ROBO4",0.0616409403795131
"LINC01667",0.0616391691679867
"SRM",0.0616209455477204
"CRB1",0.061562647218493
"LZTR1",0.0615624448696871
"PCGF6",0.061506552239907
"SPINDOC",0.0615005686889595
"SLC7A5",0.0614790472959774
"TRMT2A",0.0614637836247154
"ATP1B3",0.0614099911060127
"PIGR",0.0614016881248524
"PLXDC1",0.0613836573564534
"KCNK17",0.0613598764932744
"CPSF7",0.0613289855582478
"ANKRD31",0.0613129514811676
"ZNF449",0.0612876737810479
"PLEKHO1",0.0612802731987356
"ZNF100",0.0612160857935634
"SDHA",0.0611974352388794
"EFS",0.0611858882565179
"BNC2",0.0611597233027287
"MYO7A",0.0611475457862547
"SDR9C7",0.0611362520973419
"ZBTB42",0.0611343634349259
"CNTN6",0.0611267413178067
"SPAG6",0.0610981514872177
"GALR2",0.0610940615644703
"STX4",0.0610913052067547
"SLC25A21-AS1",0.0610903056367975
"TLNRD1",0.0610802338909229
"FSD1L",0.0610739112201693
"RSL1D1",0.0610732235833488
"CAGE1",0.0610681825809083
"UBE2Q2P1",0.0610486162749191
"IL33",0.0610481109877095
"EXO1",0.0610350620825062
"TBRG1",0.061009854163896
"SRP68",0.0609970285071682
"DDAH2",0.0609633349142507
"LHFP",0.0609570862314466
"HSPB11",0.0609396712304219
"KIF23",0.0609291839934673
"AARD",0.0609269623147379
"PRPS1",0.0609184249880448
"AIDA",0.0609147315966766
"POLDIP3",0.060886237468525
"KIAA1586",0.0608656854651115
"PLD5",0.0608628712634924
"ATL3",0.0607883524463419
"CCDC77",0.0607756193247538
"SLC35C2",0.0607470960233972
"NKAPL",0.0607421248524246
"NTSR2",0.0606549256181866
"FOLH1B",0.0606305605835766
"ZNF140",0.0606177043539595
"MCHR2-AS1",0.0605810088535463
"FGF5",0.0605528548656976
"FBXO44",0.0605161639210586
"TTC8",0.0605149210121324
"EFCAB13",0.0605065088831424
"NCAPH2",0.0604997231416263
"COLGALT2",0.0604853800379071
"ZNF664",0.0604831070590589
"C17orf99",0.0604800032124289
"IL18RAP",0.0604798937307102
"OTOA",0.0604505149968014
"DMAC1",0.0604449323433559
"ZBED9",0.0604413468089986
"LOC105373854",0.0604408985594434
"ATG13",0.0604220751658709
"PAG1",0.0604192207125943
"GSDMD",0.0603912819581704
"ANK3",0.0603898860308155
"SEPSECS",0.0603311432230614
"MEI1",0.0603255971120843
"CTU2",0.0603240683120692
"GSN-AS1",0.0603094068663435
"SREK1",0.060298905700544
"RAB1A",0.0602849449533815
"IL1RAP",0.0602715809356749
"BTN2A2",0.0602655780387775
"RWDD3-DT",0.0602495713485853
"MIAT",0.0602422850227225
"NR2C2",0.0602392031875819
"TATDN2",0.0602316250828006
"PRPF31",0.0602232189884679
"ITPA",0.0602227023251202
"CYTH4",0.0602169388464517
"NSD1",0.0601528785647368
"CAPRIN1",0.0601384525835301
"CCR6",0.060135646724254
"ITIH5",0.0601151132923762
"ACVR1B",0.0600931998317976
"CD58",0.0600818648960145
"CEBPZ",0.0600669061570732
"MINAR2",0.0600518492178042
"PHKA2",0.0600090133657827
"FAM242F|LOC105379447",0.0600086660253574
"DNAJC5G",0.0600084006880362
"DNM1L",0.0599949674125494
"AGTPBP1",0.0599938811344874
"NFKBIZ",0.0599901830281589
"MAP9",0.0599776400091005
"RMND5B",0.059960842044969
"CAPS",0.0599607264662637
"TPT1",0.0599234731216853
"NDUFV1",0.0599197736053337
"FKBP9P1",0.0599160757981448
"SART3",0.059911131755857
"TCEANC2",0.0599092106043287
"LSG1",0.0599083871168642
"FAR2",0.0598949575698154
"MYOCD",0.0598743769149269
"MUC3A_1",0.0598580738142233
"ABL1",0.0598504050797165
"FDPSP4",0.0598498588098675
"OR6N1",0.0598427390279239
"TMEM11",0.0598383552394499
"MICA",0.0598378312263229
"SNRPF",0.05982859895879
"LAMP3",0.0598195625353401
"MFSD6L",0.0598186648740554
"ZNF772",0.0598028757402188
"CRISP2",0.059792765896586
"SRPK2",0.0597904942898802
"BMP7",0.0597762297545336
"H1-1",0.0597665187523946
"DCLRE1A",0.0597478896356761
"MELK",0.0597405206790826
"CD276",0.0597172584647908
"NGRN",0.0596921487682254
"MSANTD3",0.059666799067006
"DNAJB1",0.0596289431748579
"ODAD2",0.0596254921453122
"YWHAG",0.0596170802028799
"ATG4B",0.0596153298243816
"XXbac-BPG181M17.5",0.0595820238842619
"BTBD6",0.0595722904665509
"LINC00461",0.0595553656215495
"TRIM44",0.0595521190529591
"NPEPL1",0.0595317169693607
"ZNF280A",0.0595115434500709
"ABCC10",0.0595090570216433
"LOC102724951",0.0595008796264495
"TAAR9",0.0594970825570253
"WDR43",0.0594765905958137
"CXCL2",0.0594549231630548
"CHMP4B",0.0594487379433916
"DUSP4",0.0594270631752098
"IGSF9B",0.0594211711966385
"HES6",0.0594205105092081
"KLK12",0.0593945704284712
"RPS21",0.0593852511168337
"NUBP2",0.0593746179299275
"SLC25A12",0.0593641378198181
"ATG4A",0.0593453084315976
"CXCL14",0.0593286241603437
"LSM7",0.0593285333702219
"MARCHF9",0.0592878332163729
"NXF5",0.0592079933479948
"SMARCA5",0.0592037291228024
"NOLC1P1",0.0591954294679793
"GABPB2",0.0591795948688861
"TEX37",0.0591790709572493
"EDN3",0.059168606664997
"MCPH1-DT",0.0591482438406124
"MYO1C",0.0591288331568511
"CHEK1",0.0590760522157679
"TTI2",0.0590496826780326
"CAPN10",0.0590441529115807
"ASCC2",0.0590375856079903
"GDA",0.0589062138088815
"SOD1",0.0588929532039107
"IZUMO1",0.0588799892030845
"COPG1",0.0587705286585159
"ANO9",0.0587368443744835
"TPRN",0.058696725332193
"ZNF384",0.0586866012106162
"OVGP1",0.0586554818730749
"OR1D2",0.0586485414570844
"SYNE3",0.0586267639610921
"VLDLR",0.0586214628866948
"MUC1",0.058611895581227
"ZCCHC7",0.0586052113281739
"PUM1",0.0585722623657841
"OS9",0.0585481806092917
"SGTA",0.0585014757490776
"LOC101927825",0.0584866850378872
"C2CD5",0.0584777974246338
"DAAM1",0.0584776116582059
"VWC2L",0.0584591589653224
"RTTN",0.0584269422958283
"HUNK",0.0584130488474936
"KCTD7",0.0584009578890868
"PAFAH1B1",0.058399024050456
"HRH3",0.0583820297299812
"C2orf78",0.0583369644445941
"RNF113A",0.0583194889967651
"DACH1",0.0583057806850417
"BEND3",0.0582913987014758
"TRPV1",0.0582455720553445
"SBF1",0.05823894460244
"WDR77",0.0582310143158747
"TRPM7",0.0582179930784553
"SRPK3",0.058215639828819
"PPP1R9B",0.0581981355270461
"GMIP",0.0581917824516477
"ODR4",0.0581809985768579
"PPARG",0.0581743319839436
"TBCB",0.0581458486788575
"KRT73",0.0581446929687063
"MED14",0.0581048347037893
"RPS9",0.0580799349499933
"BCL9L",0.0580718760448476
"SPEF2",0.0580196572720992
"RAD23B",0.0579507196477093
"H3C12",0.0579276885830908
"ETV4",0.0579137391652086
"MAD1L1",0.0579131938278808
"MIR124-1HG",0.0578963061199209
"NCOA1",0.0578702088722684
"PHB2",0.0578672731224892
"GREM2",0.0578055226433514
"ZMIZ2",0.0577810935037755
"ADAM8",0.0577777326634061
"TDRG1",0.0577545986626458
"FAM193A",0.0577476156397568
"MEPE",0.0577295031355168
"MDH1B",0.0576819945662146
"GAS2L1",0.0576715091839688
"ACAD8",0.0576563283503217
"SPRED1",0.0576413039261906
"TAF1A-AS1",0.0576229322551024
"CALM2",0.0576228199661937
"AP4E1",0.0576054634959691
"TGM2",0.0575962773662053
"RSRC2",0.0575913585942296
"WBP1",0.0575879588868705
"MFN2",0.0575845765490991
"PPP5C",0.0575070493241982
"TP53I3",0.0574962354474018
"FIBP",0.0574881523118669
"DCXR",0.0574873089398606
"SLC20A1",0.0574845540937812
"IL4R",0.0574538460076275
"POLR3F",0.0574456161594069
"XNDC1N",0.0574408141238355
"SCN4A",0.057435817463545
"MILR1",0.0573980772577691
"KNDC1",0.0573972906495748
"SIRPD",0.0573916644570204
"MBTD1",0.057390926843711
"FREM3",0.0573618776887379
"NPIPA7",0.0573597138426753
"MARCHF1",0.0573517717597015
"TMCC1-AS1",0.0573483356446124
"C14orf159",0.0573376518052976
"HLA-DOA",0.0573263610449433
"PSMD12",0.0573039734103316
"MROH2A",0.0572803129750415
"GRWD1",0.0572762888230015
"OCIAD1",0.0572503876772305
"NRDC",0.057246299689047
"SHOX2",0.0572358076889223
"CHFR",0.057235525314083
"ECI2",0.0572325787355661
"FAM219B",0.0571958208420095
"PRLR",0.0571308619847859
"DTX4",0.0571240186963138
"TMEM59L",0.0571088271254638
"SLC11A1",0.0570822458281537
"ZFP2",0.0570805685134881
"AFF4",0.0570595710625035
"DNAH14",0.0570552631717105
"CIDEB",0.0570486286367056
"FURIN",0.0570399764528842
"RSPO1",0.0570208198530181
"LYRM4",0.0569981070706716
"GMFB",0.056982585119895
"PEX26",0.0569045220205262
"ZNF334",0.0568579745127585
"FKBP1A",0.0568398455133986
"KLF17",0.0568371239548718
"PNRC1",0.0567941078903711
"NUTM2B-AS1",0.0567901877199455
"DNAL1",0.0567825487994598
"CDH6",0.0567370391793802
"BEND4",0.0567211089559256
"NXN",0.0567174312419556
"CNDP1",0.0566880887173827
"APEX1",0.0566817097427308
"SLC35G1",0.0566694842317388
"ACOT9",0.0566197399306534
"SI",0.0566155828522968
"CBR3-AS1",0.056606662858876
"CCDC96",0.0566026480445322
"CHST8",0.0565875530653733
"PPP6R3",0.0565634191940744
"NRBF2",0.0565498621322754
"TIA1",0.0564998445143744
"PLAGL1",0.0564955291860035
"SLC39A7",0.0564948988396661
"SMIM9",0.0564921196633953
"CCDC97",0.0564811181792631
"PSMB8",0.0564518010155903
"TBC1D32",0.0564410832406801
"SEC14L3",0.0564301411803168
"C17orf98",0.0563614998479772
"PCGF3",0.056338102539575
"GHITM",0.056329345452778
"MMAB",0.0563160659279864
"SPATS2L",0.0563143552841113
"C10orf118",0.0563138843045539
"CELSR3",0.0563138246023782
"RIN3",0.0562877145442826
"CAP1P1",0.056279106784201
"ZNF503-AS1",0.056276971201708
"MBOAT2",0.0562730162666702
"POMP",0.0562666150827382
"LOC729141",0.0561426187337286
"DENND11",0.0561204275484354
"KDELR1",0.0561175762480766
"COX14",0.0561080152386695
"CD82",0.056050142322285
"MDN1",0.0560467375775353
"GINS4",0.0560443895856186
"ING2",0.0560409857653849
"ANP32E",0.0560229245853042
"CAPZB",0.0559958665818631
"SLX4",0.0559919458087425
"DAOA",0.0559704564807149
"SRCIN1",0.0559468258307931
"SPANXN3",0.0559399999842309
"PPP1R35",0.0559336784491997
"PRIMPOL",0.055932635299293
"PPM1N",0.0559069527459659
"KDM6A",0.0558951001517437
"AMZ1",0.055855348447973
"CCDC13",0.0558471343974354
"ENO2",0.0558436630913154
"LINC02615",0.0558413739124763
"PPP4R1",0.0558162770144335
"PRR5L",0.0558145549533934
"SQSTM1",0.0557975515805725
"EML4",0.05578756967157
"TNP2",0.0557871493596081
"SLC9B1P5",0.0557702967185705
"STAC3",0.0557490461433663
"GUCA2B",0.0557477999233904
"SMURF1",0.0557251341059527
"SLC12A4",0.0557135332156303
"PCGF2",0.055711781493653
"LOC114841035",0.0556898016827756
"HIGD2A",0.0556518445416477
"CLN6",0.0556410529937272
"SCAMP1",0.0556331312146303
"NUMB",0.0556213661572737
"MED25",0.0555946808706854
"LGALS8",0.0555928838544758
"ZDHHC11",0.0555885955736108
"EEA1",0.0555799649323708
"CSPG5",0.0555773883922535
"HOTAIRM1",0.0555727253159121
"GNAI2.1",0.0555671674929332
"CENPM",0.0555410435392855
"UCA1",0.0555397920494274
"RP11-473M20.14",0.055532177395865
"PELO",0.0554886888586168
"EBF3",0.0554770551942945
"PIGL",0.0554541008894803
"RRM2",0.0554459948140597
"DHX57",0.0553952138614676
"CYP2A6",0.0553912867352597
"PCDHGB7",0.0553797888844511
"FAM84B",0.0553787689456248
"ACP2",0.0553499237471562
"ABAT",0.0553165651053094
"SLC23A3",0.0553017272670867
"EPHB3",0.0552854191670896
"SLC25A51",0.0552617742335266
"PKD1L1",0.0552488753287703
"NPR1",0.055243862877778
"FPGT-TNNI3K",0.0552194392072189
"LSM14A",0.0552098362838082
"CLDN17",0.0552059865306592
"TM9SF2",0.0551506274490472
"CHRNA1",0.0551182842929021
"FBXL3",0.0550946883302894
"COL15A1",0.0550824614943354
"DCLK1",0.0550693579789064
"TOPBP1",0.0550468743931331
"PSMD13",0.0550405760067876
"ARL6IP4",0.0550365786771819
"PDGFC",0.0550324934038391
"CLN8",0.0549968213642372
"SH3BGRL",0.0549843336363843
"WBP2",0.0549793949942156
"CCDC170",0.0549711469035633
"ASAP1",0.0549702126885023
"RELL1",0.0549286469400254
"FASTK",0.0549189569184075
"SEPHS1",0.0549170507582422
"DYSF",0.0549139407903544
"DSPP",0.0548779928196221
"UNC93A",0.0548615045238371
"THEG5",0.0548607441747926
"RBM19",0.0548492443065995
"EIF3B",0.0548344998128246
"SMPD2",0.0548202411213901
"FAXC",0.0548149914361293
"PCDHGB3",0.0548066722533372
"POLR1G",0.0548047263738533
"ABCB6",0.0548042420031329
"HGH1",0.0547997950252532
"HTR1F",0.0547569032923369
"MORF4L2",0.0547514253833846
"SLC27A2",0.0547348232768227
"ZNF143",0.0547322783792129
"CLUH",0.0547189741980437
"UBXN11",0.0547159889978617
"MAGED1",0.0547097175913822
"TMEM161B",0.0547075767291643
"FANCE",0.054699281616983
"MC1R",0.0546783509247362
"FOXL2",0.0546708836059391
"LINC00847",0.0546626639656363
"MKL2",0.0546463992669749
"RUFY3",0.0546043900155032
"NUP42",0.0545859004717982
"ZSCAN26",0.0545408716027193
"MYRIP",0.0545340459261507
"PDE3A",0.0545254847626638
"USP40",0.0545107084387636
"KLB",0.0545063146836376
"ZNF71",0.0545011728439833
"PITRM1",0.0544926636345371
"MED10",0.0544284385566974
"ADCY8",0.0544276911677478
"NR3C1",0.0543890584419581
"CHRM5",0.0543851410831593
"AP1G2-AS1",0.0543527960562711
"MMP10",0.0543520125310456
"ZNF622",0.0543413937634851
"GLI2",0.0543229545245004
"PCDH12",0.0543141988687218
"TGFB1I1",0.0543133142142091
"RGPD4-AS1",0.0543003882727889
"SFPQ",0.0542984269099395
"EHBP1",0.0542717118731679
"ATP5PD",0.0542707074899519
"DALRD3",0.0542613850476711
"CCNL1",0.0542011805837402
"MDM1",0.0541997031770978
"ZNF652",0.0541972138778427
"PTDSS2",0.0541840408418267
"TNRC6C",0.0541781638817332
"RP11-313P13.3",0.054169891951433
"PON1",0.0541494635365654
"RPS5",0.0541457614373519
"RP11-449D8.1",0.0541240289768626
"ZNF266",0.0541225095358144
"KCNN2",0.0541110690890308
"NDUFS2",0.0540109038991285
"AKR1C3",0.0539811070285537
"MED13",0.0539421798667268
"PNPLA1",0.0539275111072942
"LDB1",0.0539225319622808
"GEMIN7-AS1",0.0539185013171276
"TTPA",0.053899870529236
"OAS1",0.0538839949844286
"RRP1B",0.0538600857228265
"STAG3",0.0538590185881874
"SMPD3",0.0538346504866652
"PROSER3",0.053831188150539
"CDC37L1-DT",0.0538309987265864
"TDRP",0.0538274202212313
"CCL26",0.0538201713843544
"DAB2",0.053800985550149
"RUSC2",0.0537840095521235
"ZCRB1",0.0537772763195035
"COG7",0.0537736865157159
"FAM98A|RASGRP3-AS1",0.0537705595968001
"GOLGA1",0.0537512865483636
"RPL7AP36",0.0537499197285811
"RANBP1",0.053743024899758
"IDH1",0.0537026816218649
"PRDX6",0.0536888663551868
"COPZ1",0.0536387376765215
"TLCD4",0.0536184152850659
"CELA2A",0.0536159054618784
"XPA",0.0536063951187693
"ITM2C",0.0535824682422045
"HIVEP1",0.0535816531702031
"LRRC61",0.0535662567293191
"LUC7L2",0.0535475085983797
"PMEPA1",0.0535461380760649
"YBX1",0.0535062716396491
"EXD1",0.0534941744237248
"DTX3",0.0534808963175355
"PLIN3",0.053456034534557
"SHOC1",0.0534524839956596
"C9orf153",0.0534524685953557
"OR2W6P",0.0534509506723021
"KLHDC4",0.0534457661247497
"ZNF579",0.0534180565906465
"ZC3H15",0.0534062517034937
"C14orf180",0.0533994933218224
"CCDC167",0.0533960088036152
"ABCE1",0.0533787892065207
"IQUB",0.0533779633044287
"PRH1",0.0533660687772554
"USF1",0.053343816229415
"NAT9",0.0533295020298404
"PPP3CA",0.0533259570191106
"MARCH2",0.0532983614497492
"TPBG",0.0532810072421635
"FLRT1",0.0532750896531628
"KSR2",0.053267757569996
"PSTK",0.0532620600757343
"DCAF8",0.0532616209977604
"CEP70",0.0532568459527182
"NT5DC2",0.0532549563118322
"CYP2U1-AS1|LOC107986298",0.0532218210807813
"HGFAC",0.0531935047750358
"SPTAN1",0.0531913870496524
"ARHGEF39",0.0531775933890792
"ATP5MF",0.0531582787280956
"MFSD10",0.0531544228995196
"CABP4",0.0531495119461919
"ARF6",0.0531327328324843
"CBX3",0.0531250173657525
"CST8",0.0530896787325514
"MUCL1",0.0530628643731701
"TGM5",0.0530096322028665
"ACSL4",0.0529948696253042
"ASH1L-AS1",0.0529450039230783
"NOVA2",0.0529299558168231
"TCF7L2",0.0529062603822488
"ENO3",0.0529029452835341
"C18orf54",0.0528787334275058
"UACA",0.0528676125122687
"SPIC",0.0528539579011147
"HMCN1",0.0528437414379219
"LINC01356",0.052832841696751
"ARRB2",0.0528024469640372
"ARHGAP1",0.0527792970850034
"TRPC4AP",0.0527744629954505
"PANK2",0.0527657788828291
"NUP210",0.052757581395997
"TFG",0.0527564369235921
"FCER1A",0.0527513446084082
"TEDDM1",0.0527500211022762
"PRKACB",0.0527433059731741
"SPATA46",0.0527384965315756
"SHARPIN",0.052738283789276
"TMEM63B",0.0527304168947357
"OAZ1",0.0527073863494359
"CTSS",0.0526918240186025
"CSF3R",0.0526910842943673
"KIF27",0.0526660671059788
"TEX19",0.0526278087790962
"C4orf33",0.0525878553405049
"DNAJC21",0.0525860840666342
"DDR1",0.0525843125136582
"LOC442292",0.0525104355886512
"GSS",0.0524984471223912
"PITRM1-AS1",0.0524367891127078
"TSPO",0.0524105393822622
"GASK1A",0.0524050322187728
"GS1-24F4.2",0.0524037500716794
"ARX",0.052373998258594
"ZKSCAN1",0.0523565057844075
"FERMT3",0.0523099342925628
"PZP",0.052306817724264
"RHPN1-AS1",0.0523027598150298
"LRFN2",0.0522916795724491
"ZNF282",0.0522586669260332
"VWA1",0.0522242398237123
"SARS",0.0522021882614831
"CGNL1",0.0521776231789775
"DYNC1LI1",0.0521598888166086
"ATP2A1",0.0521536617985254
"RNF170",0.0521088597987489
"KRTAP12-1",0.0521051451498868
"MFN1P1",0.0520916189677481
"ASS1P2",0.0520598657448019
"SNRPB",0.0520500718965798
"NFX1",0.0520046791820814
"C11orf1",0.0519932654441032
"H2BC11",0.0519840861354432
"HACD1",0.0519406238038834
"PNPLA5",0.0519401292666214
"GJB2",0.0519273076778107
"PHF8",0.0519130083928163
"RP4-718J7.4",0.0519037272439159
"C8orf44-SGK3",0.0519016127286997
"SERPINA10",0.0518800345492856
"KSR1",0.0518635675207347
"MAPK13",0.0518539181090287
"DDX31",0.0518333955955837
"NBAS",0.0518323923094947
"STX1B",0.0518286721135631
"FRRS1",0.0517678602717021
"TKT",0.0517667566326634
"TET2",0.0517526390457078
"KCNK10",0.0517461192480244
"ASXL1",0.0517436066200403
"ACBD6",0.0517238924844186
"GAL",0.0517053111502047
"VPREB1",0.0516885364896166
"PRMT2",0.051673889981712
"EMBP1",0.0516715903341123
"MPEG1",0.0516535927520769
"RP11-620J15.3",0.0515815668317327
"CEACAM4",0.0515518471697521
"TNIK",0.0515453343907019
"GALNT18",0.0515350521808651
"SLC5A10",0.0515341876145348
"OR51G1",0.0515245167487119
"RAD9B",0.0515120903276253
"LAG3",0.0515029206218296
"DGCR2",0.0514890557320612
"MSMO1",0.0514713778934251
"NOP56",0.0514444788982879
"SZT2",0.0514442773825336
"SUMF2",0.0514380980773012
"C15orf32",0.0514347303769963
"HELZ",0.0514342621658454
"DOCK7",0.0514337479676492
"LGALS14",0.0514247048955132
"EXOSC5",0.0514177022927331
"MYCNOS",0.0514066276773734
"RP11-483E23.2",0.0513812386740263
"SEC24C",0.0513780686891247
"RNF13",0.0513701751347277
"ARHGAP4",0.0513606958204032
"LINC02168",0.051328565975898
"ARL8A",0.0512989227260469
"CSTF2",0.0512668411928002
"DNAJC13",0.0512573928061543
"PYGO2",0.0512430059848858
"ATXN7L3",0.0512233231631305
"PLAAT3",0.0511622102097756
"WNT3A",0.0511136020098227
"PSMB2",0.0511007494886311
"AL022476.2",0.0510983674537166
"AC009133.17",0.0510925155127156
"RPL4",0.051060987060183
"RPLP0",0.0510467385215006
"TP53",0.0510431086580289
"HOXB7",0.0509527345433608
"IFT140",0.0509498239609104
"IL1R2",0.0509453078901204
"TIMM10",0.0509374724948087
"NSA2",0.0509048726413289
"TXNRD2",0.0508988320375867
"SNAI1",0.0508877350007168
"MAN2B1",0.0508246640466905
"ARMC10",0.0508201326518336
"ACO2",0.0507832751365247
"KANSL2",0.0507449563677047
"CDC45",0.0507424484846431
"KDM5C",0.0506834866442
"AC067960.1",0.0506553507243868
"FAM71E1",0.0506408666164449
"RP11-366O20.5",0.0505871604903741
"NGDN",0.0505014323054856
"STRN",0.050497871934353
"MPZL2",0.0504702223890976
"ZNF148",0.0504650408375875
"NPM2",0.0504548265306497
"NCAPH",0.0503827017480325
"DDA1",0.0503458432030772
"RCOR1",0.0503442910431846
"TMEM248",0.050332465367127
"HDLBP",0.0503213505992149
"CYRIB",0.0503165318394487
"ZBTB45",0.0502925423794957
"RBM41",0.0502810085996196
"AC104135.3",0.0502334832243585
"JMJD1C",0.0502191961187294
"TRIM26",0.0502170029020343
"SLED1",0.0502157651347307
"MYO18B",0.050164609456308
"C1orf53",0.0501305234600986
"PCDHB16",0.0501206040137437
"DAD1",0.0501073679679188
"HERPUD2",0.0501049055667247
"SEC63",0.0500769177412416
"SETD9",0.0500756531702514
"PRDX6-AS1",0.0500414092898189
"ZFYVE20",0.050017353229614
"KCND2",0.0500100893225779
"NFE2L2",0.0500012029675644
"GML",0.0499852100281168
"CNTNAP3",0.0499809517352442
"BSND",0.0499617347958752
"TIMM44",0.0499585569620025
"STRN4",0.049907217163418
"SYNDIG1L",0.0499003996950284
"LAMC3",0.0498992661502772
"HERC2P2",0.0498989732007742
"MANSC1",0.04988309043679
"GCK",0.049852313893715
"RNF212",0.0498515602736955
"NALF2",0.0498508680633586
"EME2",0.0498487250141425
"FAM216B",0.0498437197662052
"TMEM126B",0.0498350706073246
"NAF1",0.0498314492462045
"RB1",0.0498290155133169
"GLYATL1B",0.0498281830543341
"ENO1",0.0498088482650545
"NFYC",0.0497755776157466
"VPS25",0.049724896823574
"DNAH8",0.0497220830988026
"DYNC1I1",0.0497168731740837
"SLC50A1",0.0496980690918387
"PHKB",0.0496966947408883
"GABRG3-AS1",0.0496893906194247
"TOMM34",0.0496835742070858
"RAD50",0.049670380556022
"E2F1",0.0496667321889008
"CNTNAP5",0.0496496725566522
"MRPL32",0.0496486135640356
"RP11-417J8.3",0.0496352992947442
"PDE7A",0.0496345794303365
"REG3A",0.0496289287981922
"TNNT3",0.0496288784509809
"FGF16",0.0496283919011452
"GTPBP1",0.0496029476016
"SLC16A3",0.0495747357721981
"SNW1",0.0495625942571015
"PRKCSH",0.0495176868230177
"CDC16",0.0494991664584293
"PHLDA3",0.04946829714373
"SAG",0.049457499949684
"SCAF11",0.0494456171720153
"RBM7",0.0494196119897639
"SKOR1",0.0493932513147899
"TTC31",0.0493913004390891
"CAPZA3",0.0493457036555846
"PGLYRP2",0.0493437127875504
"HARS2",0.0493281585419766
"LINC01431",0.0493129241942551
"LINC00343",0.0493061580140904
"HEATR6",0.0492949482346339
"POLR1B",0.0492930209461034
"GPM6A",0.0492854072524199
"FANCB",0.0492559148006677
"NFRKB",0.0492250910773176
"ATR",0.0492096007996371
"SLK",0.049207423236625
"LINC01146",0.0491866798733519
"ZMYND19",0.0491837112955923
"FGF19",0.0491572200382047
"LINC00548|LINC00598",0.0491493732179353
"MZF1",0.0491462078024295
"DICER1-AS1",0.0491442380517027
"IL3RA",0.0491133419841543
"RNF152",0.0491123959327705
"DLGAP5",0.049099551864898
"FCAMR",0.0490698169995129
"ZNF521",0.0490665544549046
"SLC17A3",0.049062769770951
"CCDC158",0.0490228803772989
"WNK4",0.0490108582221137
"NBEA",0.0490108185615369
"SNX29P2_1",0.0489979403118754
"BHLHE40",0.048985287978463
"CAVIN1",0.0489694291755858
"CYP4F11",0.0489575164281202
"SVOP",0.0489560040613326
"OR51E2",0.0489532910419106
"SIM2",0.0489434881090129
"LINC01852",0.0489404110656616
"SRSF12",0.0489181432432079
"WRN",0.0489097519667024
"NR0B1",0.0488974432289015
"EIF2S3",0.048888275135012
"ZNF804A",0.0488860918856012
"NOTCH2",0.0488814292932813
"CON_sp|UBE2I_HUMAN|",0.048879159625816
"PHLDB2",0.0488738759792427
"ATXN3L",0.0488663513062104
"NOX4",0.048855016298835
"MAGEC1",0.0487995492988942
"TEC",0.0487178500972282
"TNFAIP6",0.048701869075183
"HNF4A",0.0487007864411334
"SPAST",0.048685241768427
"FSTL4",0.0486830857515723
"NEAT1",0.0486580950450958
"NCF1C",0.0486516569402411
"MSRA",0.0486486947199564
"MYOZ1",0.048638013158267
"COMMD5",0.0486013260320745
"TRERF1",0.0485884981482996
"MICALL1",0.0485881242181948
"ZNF350",0.0485727992018885
"P2RX5",0.0485666569093894
"MRPS15",0.0485466595423509
"CCT6P2",0.0485211885469177
"SCAPER",0.0484977694280019
"LOC100128164",0.0484941424800014
"CLCN2",0.0484792738230185
"KRT19",0.0484726968287362
"AFMID",0.0484713268791505
"CASP10",0.0484596086521587
"FCER1G",0.0484360666124999
"PLA2G12B",0.048435094379996
"HLX",0.0484333061963795
"ADGRB3",0.048429338048195
"PRKAR1AP1",0.0484241492957196
"AMER2",0.0483748089933293
"CD101",0.0483650661262307
"STK3",0.0483429674885426
"MYO1D",0.0483418084446804
"FTMT",0.0483228710412003
"ZNF276",0.0483111306878227
"EZH1",0.0482949487079644
"ANAPC5",0.0482758335489703
"TXNIP",0.0482671785795567
"NLGN4X",0.0482632888871134
"BOLA3",0.0482429041931834
"DIO3",0.0482357991569528
"PHYHIPL",0.0482190759335477
"RGS18",0.0481818242924915
"LDOC1",0.0481476666793674
"SIN3B",0.0481427067050684
"RPGRIP1L",0.0481348818415137
"CETN3",0.0481002358673516
"IL10",0.04809702460811
"AAMP",0.0480825789631838
"SH3BP2",0.048082077814719
"N4BP2L2",0.0480682534616465
"TMA16",0.0480634669705918
"PLD2",0.0480600678850918
"TTC26",0.0480499610825293
"CCNA1",0.0479832844768344
"GTF2IRD2",0.0479574102115748
"PHB1P9",0.0479388853141858
"NIPBL",0.0479366444136349
"ARHGAP9",0.0479365297462566
"PPP3R2",0.0479220422307192
"MIR210HG",0.0479202636173219
"OPLAH",0.047907553437697
"R3HDM1",0.0478687126158643
"VN1R20P",0.0478134000849609
"GKN2",0.047770286577825
"PTK2B",0.0477680488516691
"ATP6V0D2",0.047762900583474
"STX6",0.0477482532445105
"XPO6",0.0477189088307727
"SHPK",0.0477100972823743
"PRPF38A",0.0476999087581221
"KLF10",0.0476913161605229
"NOL6",0.0476722408540758
"IGKV2-24",0.0476594379404293
"TBX10",0.0476553882035308
"SCIMP",0.0476287240529132
"DQX1",0.047628589364423
"MAGEA8",0.0476079568435921
"LRRC45",0.0475911273713162
"XPO5",0.0475679586403441
"ACMSD",0.0475648522898746
"ELP1",0.0475414872949
"RNF167",0.0475221877820551
"GPR61",0.0475147996222991
"PHC1",0.0475028503430118
"AKR1B1",0.0474883500460803
"RWDD1",0.0474820326977979
"TMIGD3",0.0474680430241087
"LINC02864",0.0474632544898785
"HPGDS",0.0474583348732841
"DMAP1",0.0474308031951112
"CSNK1A1P1",0.0473740214977761
"ZFAND3",0.0473644525658184
"SNX5",0.0473597100009436
"RAB11A",0.0473487172907036
"SLC35F3",0.0473410762881416
"TRIM45",0.0473379667552728
"LINC01317|LINC01320",0.0473237830618931
"REXO2",0.0472733187159926
"PLXNB2",0.04726123971861
"ACVR2B-AS1",0.0472476854970361
"ABHD12",0.0472419501491309
"KIAA2012",0.04721274635232
"LOC100505978",0.0472103067725013
"ANXA13",0.0471933698176897
"MIR663AHG",0.0471819953036885
"NPHP4",0.0471479687930139
"IL17RB",0.0470937735769559
"TMEM222",0.0470923987064652
"BID",0.047068567409135
"SHTN1",0.0470291692766721
"IL15RA",0.047028744120542
"CDC42EP3",0.0470229195819605
"RASSF4",0.0470176909205669
"CHPF",0.0469948000610827
"UBR1",0.046961586964236
"RN7SL724P",0.046959404817029
"LOR",0.0469403431678495
"HSF5",0.0469399882819888
"ZFYVE26",0.046934148290883
"AKAP6",0.0469185953575653
"GPD2",0.0468920852901673
"STK32C",0.0468829898825708
"EVI2A",0.0468735428242693
"BSN",0.0468500689772242
"PPP1R7",0.0468438322747313
"HLA-DOB",0.0468437576878288
"QPCTL",0.0468125351589764
"KCNE1L",0.0467760455960718
"LOC100310756",0.0467208493148406
"DAB1",0.046714087986585
"LRWD1",0.0467086991534697
"XRCC6",0.0466687845282922
"CFAP298",0.0466408392656939
"TEX51",0.0466285801954873
"SNTG1",0.0466263096195385
"STAT3",0.0466019976722678
"OTOP1",0.0465840537873394
"RP11-1036E20.9",0.046582554530164
"ITGA5",0.0465569389126274
"MAP3K5-AS1",0.046546351479595
"DLEU2",0.0465051808945905
"USP8",0.0464884649679337
"PCDHB7",0.0464845073133796
"GHDC",0.0464833228628908
"RNF111",0.0464788543112614
"MESP1",0.0464763142034297
"MYO3B",0.0464726554460323
"CEP350",0.046458487464198
"KLC1",0.0464464758189117
"FGF17",0.0464034054228208
"UVSSA",0.0463979482581193
"PEBP4",0.0463915265452477
"ANTXRL",0.0463748321245546
"H3C7",0.0463738913002372
"SFRP2",0.04636602479465
"VWA8-AS1",0.0463115125558966
"DYNLT3",0.04630032631077
"SLC22A16",0.0462966776715363
"CEP128",0.0462760419760426
"CDX1",0.0462694207854676
"WASF2",0.0462602788984496
"VAMP2",0.0462530990585507
"UBE2L3",0.0462526199188835
"FNDC4",0.0462410933366379
"C19orf47",0.0462342558602637
"SCN5A",0.0462321505680712
"PTPA",0.0462246238687121
"BCL2L1",0.0462016547041212
"ARHGAP22",0.046183017517695
"CCDC196",0.046180273698365
"NUP50-DT",0.0461746607445278
"GREB1L",0.0461705537977952
"PTPRZ1",0.0461524888236959
"TEAD2",0.0461352886210883
"SBK1",0.0461239724973518
"CHIC2",0.0461232797441867
"RGS8",0.0460901389462926
"LRRC63",0.0460840294947956
"TACC3",0.0460499166517472
"CIRBP-AS1",0.0460393812858795
"PRMT8",0.046038828048863
"CCDC54",0.0460208699606515
"CAMLG",0.0460165652639958
"LARS2",0.0459994028090528
"PHF20",0.0459829044008407
"C19orf66",0.0459557642800952
"KCNQ5",0.0459520474601864
"UBQLN4",0.0459365034467458
"WNT4",0.0459167010706069
"WDR45",0.0458933944841133
"MAPKBP1",0.0458357464826227
"LVRN",0.0458305813764999
"SPAG8",0.0458172372350194
"LNCPRESS1",0.0457840209846259
"ASCC1",0.0457828815914546
"GP1BB",0.0457615053614871
"WDR61",0.045751619121208
"PDE6A",0.0457460225232271
"DRC1",0.0457314800919393
"DYNLRB2",0.0456948219399203
"RPE65",0.0456789265448538
"CMTM3",0.0456633155630348
"DAG1",0.0456601682971423
"IBSP",0.0456015072565741
"ESS2",0.0455887947707133
"SATB2-AS1",0.0455726753094262
"CASKIN2",0.0455078862535155
"EI24",0.045500829187135
"LHFPL2",0.045481493627917
"RPS28",0.0454578068609712
"AP1M1",0.0453937611023438
"KRTAP4-1",0.045287726833017
"ISX",0.0452683498317127
"SLC30A3",0.0452466066337584
"ZFAND5",0.0452265686045295
"CD163",0.0452146915878706
"REL",0.0452030368515265
"UBE4B",0.0451966938145694
"RSPH6A",0.0451930065929715
"KIFAP3",0.0451671428318183
"GPR180",0.0451580200179684
"NLRP13",0.0451542477245042
"LINC02026",0.0451506208518851
"SPATA16",0.045150589867062
"SLC26A10",0.0451388824269916
"B3GNT3",0.0451053803381569
"TRPV4",0.045100021903252
"MAN1C1",0.0450959215010378
"CCT6B",0.0450858307583919
"LSM4",0.0450835733725025
"NRD1",0.0450619833371732
"STK11",0.0450605955904627
"DDX3X",0.0450506284680156
"SENP6",0.0450144868345471
"PARP16",0.0449757284638781
"SOX2-OT",0.0449572157902786
"ARID3B",0.0449408507939846
"MTERF3",0.0449379528858603
"SDHAP2",0.044937550931471
"DOK1",0.0449360286282474
"PCLO",0.0449314695073174
"OCLN",0.0449056852836364
"TSR1",0.0448895324445954
"GTF3C6",0.044886149148332
"PLBD2",0.0448848047985531
"SLC7A2",0.0448592535607496
"KCNK6",0.0448571137825917
"MADD",0.0448553693431779
"ELMOD2",0.0448283338791234
"MFSD14C",0.0447755511890429
"RDH11",0.044761392833136
"KIAA1147",0.0447469957279624
"POLN",0.0447294426823065
"TNFAIP8L1",0.044717716972726
"MED27",0.0447062389315818
"BST2",0.0447025706096759
"KLK4",0.0446888904405637
"RAB7A",0.0446708053968379
"GLYR1",0.0446644676063919
"ITPK1",0.0446530615121148
"FLJ12825",0.0446301126604912
"AC110619.1",0.0446275736692795
"LOC100130691",0.044625416040383
"GUF1",0.0446134465672347
"ZNF749",0.0445747417848915
"ZNF460",0.0445746052128185
"PTPN7",0.0445445016447098
"JAG2",0.0445323273914141
"DDX3Y",0.0445296386675598
"TBX19",0.0445198326773726
"BUB1",0.0445188122593104
"PLD3",0.0445127940515052
"ZMYND12",0.0445093500490059
"SPRYD7",0.044469762009386
"LINC00269",0.0444592498246292
"CSTF1",0.0444554570098909
"SETDB2",0.04443422632454
"ZNF655",0.0444106823876349
"DGUOK",0.0443609854206533
"HNRNPA2B1",0.0443352730526377
"VSX1",0.0443256707221646
"ZNF611",0.0443203237132174
"LLGL1",0.0443151072214299
"PARG",0.0443066072792635
"RFC2",0.0442828598106718
"GNL1",0.0442702457547066
"KCTD9",0.0442563384692337
"COMTD1",0.0442508603591218
"SLC4A10",0.0442413315455005
"PGK2",0.0442392486324716
"NACC1",0.0442167628020389
"STARD7",0.0442163289915039
"MCM10",0.0442109692673394
"TTLL4",0.0441998422709757
"CYFIP1",0.0441763882240366
"UGT1A8",0.0441721235838323
"FGB",0.0441631260439762
"PFKFB1",0.0441422847311056
"PROCA1",0.0441338479826636
"SMYD5",0.0441280912583232
"MAU2",0.0441124546545886
"KIF3B",0.0440693291379124
"CKAP2",0.0440548392731116
"HP1BP3",0.044030216159858
"ZSCAN16-AS1",0.0440247413415291
"PEAK1",0.0440064726320573
"DAO",0.0439988817820561
"ARPC5",0.0439967591372603
"NAPG",0.0439765162768903
"TTK",0.0439068993487477
"ANKS1A",0.0438644306508658
"UBR7",0.0438624499463061
"CFAP92",0.04385798440746
"SPATA41",0.043852374698723
"ZPBP2",0.0438351861235588
"RHOF",0.0438178489834229
"SMIM2",0.0438090967707483
"CACNG5",0.0437869199326326
"MECOM",0.0437840682943676
"HAND2-AS1",0.0437785756143693
"UMOD",0.0437753452264681
"LOC105371795",0.0437682707743008
"ZNF169",0.0437182880912509
"ALG5",0.0437156569505773
"ARK2N",0.0436923076923077
"ZFP64",0.0436874512972203
"H2BC5",0.0436689519437835
"ANKS3",0.0436589205022787
"FHAD1",0.0436264810850037
"MTPN",0.043612960254935
"DKK4",0.0436004489939415
"SRSF3",0.0435694581003879
"PPIP5K2",0.043560605909051
"CTSZ",0.0435244978565536
"TSEN34",0.0435130518571656
"ZNF185",0.0435078035388053
"TRMT61A",0.0435052181045944
"DNAJC30",0.0435041989403914
"GABARAPL1",0.0434954519747791
"ZNF610",0.0434875794439899
"HTT",0.0434726810205951
"LINC02693",0.0434698554426884
"GAL3ST1",0.0434616932910236
"MROH9",0.0434286158947073
"RPL30P1",0.0434161935495849
"MRAS",0.0433972888244313
"PAGR1",0.0433580268545396
"IFNK",0.0433540346088247
"USP31",0.0433535349980826
"IGHV4-28",0.0433417527592555
"CRP",0.0433370577109963
"TNS1",0.0433269194535316
"TSPAN2",0.0433263930772598
"MSN",0.0433079186479119
"RPL32P22",0.0433024205585806
"SLC6A15",0.043301103744451
"FAM117B",0.0432987345610056
"BLOC1S1",0.0432971404837969
"TK2",0.0432939694885608
"ADAM18",0.0432896026246914
"METTL8",0.043287432947598
"RP11-127H5.1",0.0432734158533233
"DHX34",0.0432429160514607
"NIP7",0.0432401858671702
"RPS10",0.0432274322394486
"MREG",0.0432249787957047
"ECSCR",0.0432143517821178
"LRRC3C",0.0431989467846418
"EFHD2",0.0431943016527127
"LCE5A",0.0431740435544764
"KDM3A",0.0431672455535061
"UMODL1",0.0431635661781142
"TMEM175",0.0431614015511483
"GJB4",0.0431498847657189
"HCFC1R1",0.0431264791357777
"ARHGAP25",0.0431152698846873
"NTMT1",0.0431027627762097
"UQCRC1",0.0430775583505007
"SLC37A1",0.0430710963323351
"LPAR6",0.0430661016258819
"BCAS2",0.0430624681186398
"NGEF",0.043042150408209
"TMEM41A",0.0430364525194634
"MYL1",0.0430264413518346
"FIGNL2",0.0430245905172049
"HDC",0.0430201071789415
"PLEKHG7",0.0430162717546332
"RP11-356J5.12",0.04301285803593
"SLC35D1",0.0429986395365472
"DNAAF6",0.0429652611687894
"SLC5A9",0.0429604130946881
"NIBAN1",0.0429533156796324
"PRKCA",0.042926658577616
"NTHL1",0.0428993321565381
"BLID",0.0428516154976979
"TMEM120B",0.0427828242325105
"CCS",0.0427258235678295
"GSAP",0.0426925939228199
"LTB4R2",0.0426895964440769
"DARS",0.0426705302128746
"ADAMTS10",0.042666831032774
"USP50",0.0426599662020875
"HMGN4",0.0426484205087941
"GALT",0.0426455855138192
"GRIN3A",0.0426315285311535
"GOLGA2P5",0.0426049392777056
"NCAPD3",0.0425670480351823
"AVPI1",0.0425662918179889
"CLDN14",0.0425648549360785
"THOC6",0.0425566463089522
"RPL3",0.0425143451389973
"PLAC9P1",0.0424567148318911
"KIAA1024",0.0424511192575764
"C8orf82",0.0424493216404066
"TSC22D1-AS1",0.042441553321318
"NR4A2",0.0424247061114131
"GNRHR2",0.0424148450821771
"BCL9",0.0424045609674302
"FHIP1B",0.042402084873032
"LIN28B",0.0423905656118088
"CHP1",0.0423761521954118
"SNX9",0.0423744695676867
"PPAN-P2RY11",0.0423509674346323
"LGALS2",0.0423402905749176
"RBPJL",0.0423015725714252
"NRTN",0.0422856740724325
"DNAJC18",0.0422515423772342
"DIAPH1",0.0422510476895198
"RPL13A",0.0422418948220401
"GDPD5",0.04223234250966
"MOAP1",0.0422261441652259
"LOC100421508",0.0422202124894655
"FAM217A",0.042212501043255
"UBR5",0.0422001369485212
"TMEM114",0.0421632556695188
"SLC30A5",0.0421550564048992
"C6orf226",0.0421505199223917
"KRBOX1",0.0421433233984844
"DHPS",0.0421411681046633
"PPP2R1A",0.0421282611058025
"PTPN14",0.0420813669265911
"ALKBH5",0.0420633390401865
"VIRMA",0.0420577681933967
"MRPS17",0.0420475390781812
"ITSN2",0.0420426509814432
"CCDC148-AS1",0.0420421913169768
"APOB",0.0419764428388219
"RIPOR1",0.0419671595873162
"CCER2",0.0419408535299484
"GRAPL",0.0419266550974004
"HERC2P8",0.0419214131738828
"CDK5RAP2",0.041919085432437
"EIF2AK1",0.0419107312516492
"ATXN2",0.0419097529587496
"ABCA3",0.0419093207591277
"VNN1",0.0418958715235541
"AXIN1",0.041864880846148
"DSCAM",0.0418590108228006
"ALDH8A1",0.0418469336384636
"AGXT2",0.0418366302983711
"OR51Q1",0.0418204264850495
"CTBP1",0.041800541964945
"GFER",0.0417997189942908
"HVCN1",0.0417653177100436
"PTTG1IP",0.0417599730446993
"PKIG",0.0417516217640111
"MBL2",0.0417255197223063
"LIG3",0.0417227441104098
"RP11-1094M14.11",0.0417112980127737
"GPR87",0.0416787431752889
"RNF103",0.0416654399387817
"PRR16",0.0416550789521122
"HABP4",0.0416490376473652
"PPHLN1",0.0416176872632488
"OLFML2B",0.0416154164434218
"CCNB1",0.041588831217045
"BRF1",0.0415835499476892
"MMP3",0.0415618969609798
"MARCH8",0.0415404737805032
"PPP1CB",0.0415299843026183
"PGS1",0.041525776722433
"HPSE2",0.0415252408021161
"HNRNPA3P3",0.0415220050395899
"MATN2",0.0415181333451409
"DUOX1",0.0415140489150689
"GOT1L1",0.0415039613151134
"SAE1",0.0414827138561874
"RPL11",0.0414755851428119
"CST6",0.0414654722295453
"USP6NL-AS1",0.0414596484016272
"GRM3",0.041417134724358
"MYRF-AS1",0.0414135871197452
"NR2E1",0.0413932758969594
"JPH2",0.0413919890316899
"HK3",0.0413897474334366
"PPOX",0.0413489675916053
"STK10",0.0413446221341989
"OR4S1",0.0413195676330544
"DNM3",0.0413178943684001
"SCARA3",0.0412982057307678
"SLC31A2",0.0412849737597974
"CLDN19",0.0412795671741957
"GRN",0.0412692171976527
"SPAG9",0.0412679743663379
"MOB1B",0.0411891976901457
"PSMA2_2",0.0411889081869168
"LIPG",0.0411806041001238
"SESN3",0.0411790371939073
"GATA6",0.0411005482060746
"TKTL1",0.0410835176536478
"MLH3",0.0410766221996378
"TNIP2",0.0410603024594041
"HLA-F",0.041037121511744
"ZBTB14",0.0410369613202038
"MRI1",0.0410217530293124
"SYNPO2L",0.0409688482536826
"LCE4A",0.0409437411824856
"PPFIA3",0.0409256702656827
"CTC-523E23.6",0.0409215970691189
"ERVMER34-1",0.0409184677884459
"SLC39A10",0.0408895056679351
"MAGEA11",0.0408747059662512
"PICSAR",0.040869879995398
"HDAC3",0.0408562670486832
"TRAPPC14",0.0408114586977384
"SIPA1L3",0.0407952643205024
"FGD1",0.0407941542382279
"USP32",0.0407891510020723
"CTBP2",0.0407647575309772
"PRMT5-AS1",0.0407606475932452
"SLC26A7",0.0407076106663166
"JPH1",0.0406871726130571
"C11orf71",0.0406582721442569
"SLC13A4",0.040652050573636
"TLL1",0.0406313093268533
"LINC00861",0.0406273381880051
"FAM32A",0.0406148461043059
"PSMA1",0.0406105573140005
"CLIP2",0.0406003678696003
"IER5",0.040599236897968
"ASGR1",0.040592615203912
"SLC25A21",0.0405749699784966
"NUDT16L1",0.0405746274938887
"WNK3",0.0405713686344963
"LOC107984270",0.0405619695113622
"RPL36AL",0.0405565973519699
"SEPTIN9",0.0405300242156528
"SIKE1",0.0405062388962667
"KIN",0.0405044230815007
"PHPT1",0.0405030262290454
"ATXN10",0.0405009659685769
"MAGEH1",0.0404881919396727
"EID1",0.0404681600593421
"MINCR",0.0404597316311384
"DENND6A",0.0404595926730364
"ABCD2",0.0404568656947881
"SERPINA1",0.0404504143540372
"FRMD8",0.0404442333432543
"KRIT1",0.0404009918627919
"KRTAP13-1",0.0403616836061578
"SCYL1",0.0403369297277108
"CDH3",0.0402886110945031
"AP2A1",0.0402698667578787
"SAMD4B",0.0402660004520764
"FAM204A",0.0402602803167134
"PBX1",0.0402428321821539
"GOLGA5",0.0402231984564461
"TEKTIP1",0.0402223488119415
"GALNT2",0.0402072472353941
"XRCC4",0.0402070250269104
"HMGB1P12",0.0401825996589986
"RNMT",0.0401768830884358
"WDFY1",0.0401707675054267
"AK1",0.0401604161171908
"MIA3",0.0401521910622204
"BLMH",0.0401189411609211
"TMEM245",0.0400866542504041
"ACAA1",0.0400606016260222
"ZACN",0.0400597054521781
"HEYL",0.040037539657899
"WDR86",0.0400331376887968
"GRHPR",0.0400029208202283
"CDKN2A",0.0399998204073451
"NUDT3",0.0399927169456431
"SERPINA9",0.0399925406656556
"RPAP1",0.0399867513799135
"CDK12",0.0399830453334054
"PM20D1",0.0399685265906248
"MYO1H",0.0399651226241006
"RAD51B",0.0399549443500359
"MMS19",0.0399210932086851
"SPRYD3",0.039893920139709
"KCTD19",0.0398843271759432
"DBN1",0.0398827449774089
"IL36B",0.0398746816659232
"RPL26L1",0.0398700585523851
"PRICKLE1",0.0398641162053361
"ATP5F1C",0.0398539955207555
"LOC401913",0.0398439964927828
"LOC100505985",0.039840466183712
"TBCEL",0.0398255974393909
"FSTL3",0.0398163596044384
"CTSH",0.039811364042047
"LMO7-AS1",0.0398109323722049
"CCT8",0.0398039568531146
"ZC2HC1A",0.0398009958910684
"KCNJ14",0.0397925405993779
"NRG3",0.0397925109357649
"SAXO1",0.0397801843247034
"TRO",0.0397476160302358
"UBD",0.0397456676629634
"EIF4B",0.0397302972241823
"DHX33",0.0396812922980195
"MYL12B",0.0396696002581641
"MROH1",0.0396549218269218
"YIF1B",0.0396518847662768
"RTL6",0.0396472473753691
"RBM48",0.039644934278255
"PPP1R3A",0.0396277896899629
"ADM",0.0396221664576145
"LOC100506606",0.0396154714704941
"IFT172",0.0395984222206207
"LINC01023",0.0395920144759296
"TFCP2",0.0395862153602746
"CCDC190",0.0395785678797072
"B4GALNT3",0.0395744622540029
"CFDP1",0.0395379562170216
"TSPAN14",0.0395333991473345
"RNF146",0.0395303725260537
"YARS2",0.0395101733383841
"PARD6B",0.0395099080467875
"SLC5A8",0.0395020881378115
"TMEM131",0.0394982542112157
"LOC101929577",0.0394751877169681
"SS18L1",0.0394721865996412
"KNTC1",0.0394647565095603
"DYNLT1",0.0394190219397356
"FAM133B",0.0394120928007511
"ECEL1P2",0.0394055880216468
"USP9Y|TTTY15",0.0393790459269545
"RAD17",0.0393789616603836
"LOX",0.0393434700974115
"ADGRG4",0.0393281230154745
"FICD",0.0393146987899245
"TOX3",0.0393113362086887
"PTPN2",0.0393075656086979
"RPL7A",0.0392918194675239
"GGT6",0.0392665395566724
"SPC24",0.0392311165639827
"TEX15",0.0392278917359374
"ANKRD30A",0.0392211611124491
"RASA2",0.0392169249665593
"NHSL1",0.0392067151386545
"YTHDF2",0.0391948368983113
"RBM45",0.0391873436398313
"SDHAP1",0.0391868781967814
"HMGCS1",0.0391851225896142
"SZRD1",0.0391650285702683
"PITPNM1",0.0391630732234272
"JAG1",0.0391553391914537
"GLS",0.0391536146179846
"CABP7",0.0391480293272571
"CARM1",0.039147321561771
"WTAPP1",0.0391433977298368
"CP",0.0391416690741263
"FPR1",0.0391309915699334
"SRC",0.0391219340364765
"HSF2BP",0.0391217289457645
"IGF2R",0.0391208581770801
"MEOX2",0.0391042824209126
"CD81",0.0391034705612945
"TMEM9",0.0390809916099241
"VAMP1",0.0390677562606825
"CNNM1",0.0390635080941238
"C22orf39",0.0390600076962043
"ZAN",0.039055775797392
"INSL5",0.039034689428365
"C5orf46",0.0390193630893309
"POM121L9P",0.0389673784591862
"KRT8P10",0.0389464173616476
"EFNA4",0.0389170599181503
"RPRD2",0.0389125749584122
"HSPA9",0.0389016687840174
"WDR70",0.0388969222766795
"RBX1",0.0388720946020492
"TNFRSF10B",0.038863711865051
"LCE2B",0.03885089417016
"MANBAL",0.0388452858428694
"FRMD5",0.0388254697366958
"OGG1",0.0388058220848058
"LACTB",0.0387979070417167
"ELOVL2",0.0387795642768295
"MRTFA",0.0387582193309572
"DNHD1",0.0387139870086451
"MSL2",0.03870980285909
"TRPM2",0.0387022501731921
"MPHOSPH10",0.0386877092676422
"SIGLEC10",0.0386844631912726
"FETUB",0.0386673929896065
"SS18",0.0386610323408732
"SMC6",0.0386610317400055
"POLR3GL",0.0386553661993336
"PIAS2",0.038617863916752
"DMTN",0.0386136624035126
"FANCG",0.0385800971056883
"VTI1A",0.0385703899869393
"SV2C",0.0385020370503366
"TMEM165",0.0384697110704669
"MBD1",0.0384612293992534
"WWP1-AS1",0.0384516993426759
"BLOC1S2",0.0384327546885633
"RPL27A",0.0384144744441188
"MOCS2",0.0384039667909671
"SLC24A3",0.0383809897016445
"DENND3",0.0383801253130146
"USP25",0.0383794027345099
"IRAK2",0.0383789518649351
"SMIM7",0.0383752029561435
"TRGV5",0.0383742029850537
"AUTS2",0.0383172341726887
"CYP2B7P",0.0382883151348442
"ATP6V1A",0.0382730733970662
"SCAMP3",0.0382625715279048
"BAG3",0.0382486613020371
"H1-10",0.0382442450571481
"ADSL",0.0382408098640659
"PCDHA9",0.0382279159797295
"OR51D1",0.038224997888921
"MARVELD2",0.0382201771974519
"ASAP1-IT2",0.0382131729236237
"CNGB1",0.0381924384953178
"ATP6V1D",0.0381812254355223
"KDM5A",0.0381797031807838
"NIF3L1",0.0381428555888041
"DBNL",0.0381388153331431
"SCN11A",0.0381263857124991
"LOC100506271",0.0381217373945093
"PKNOX1",0.038109336878064
"ALDH16A1",0.0381000315525026
"ARAP2",0.0380866578399173
"LSS",0.0380709219136511
"ACSF3",0.0380633689477408
"ATG2A",0.0380470738467949
"DDX6",0.0380388109848875
"DLGAP3",0.0380114678216901
"RBM11",0.0380099827826023
"CDK5RAP3",0.0379720276191642
"KCTD10",0.0379517860397608
"TGFB3",0.0379389268402054
"PCDH20",0.0379350810834357
"LINC00943",0.037919594809261
"C17orf67",0.0379027392223869
"BACE2",0.0378841702652994
"RPA1",0.0378820714121613
"MRC2",0.0378734654683536
"VDAC2",0.0378662213011139
"AKIRIN1",0.0378630677846985
"KCND1",0.0378625697978282
"TUBGCP6",0.0378533962506824
"HSFY3P",0.0378532899088411
"AP4M1",0.0378471784114672
"PROSER1",0.0378355807614437
"TTTY11",0.0378275151646426
"STC2",0.0378144974737992
"CCBL2",0.0377836437666754
"RPL37",0.0377826741504305
"CCDC51",0.0377639375868324
"HES7",0.0377440575016737
"FHOD3",0.0377395812392224
"TTC19",0.0377120197198155
"SLC35E3",0.0376960122599058
"PHTF1",0.0376386992065638
"SLC25A20",0.0376209124210853
"PMS2P1",0.037619546873261
"MORN5",0.037590447950173
"RBM15",0.0375840308753218
"ABHD3",0.0375614302678892
"SUMO3",0.0375561430655469
"ALKAL1",0.0375491857481611
"MBTPS1",0.0375441972826963
"C6orf141",0.0375114083628669
"SLC19A1",0.037447957660477
"NEK6",0.0374005874122442
"ANKRD54",0.0373828218410695
"RPL22L1",0.0373771644447825
"PLTP",0.0373563822458462
"IFNA5",0.0373527710334791
"CCDC78",0.0373350954136032
"FAM76B",0.0373187583229393
"KLF8",0.0373047179923208
"C16orf58",0.0373042091982286
"TRH",0.0373038632163978
"CNOT2",0.0373003272699261
"PREPL",0.0372987614450418
"LINC01133",0.0372880126870747
"TMX1",0.037278762401031
"SYF2",0.0372782721359332
"ANKUB1",0.0372741316216391
"LEF1",0.0372704360608961
"DYNLT5",0.0372601739082278
"EEIG2",0.0372307692307692
"CDCA3",0.0372223466640781
"PRDM10",0.0372219480904713
"SBF2-AS1",0.0371934741418896
"CRACD",0.0371739852975454
"NPIPA3",0.0371494636615336
"HAX1",0.0371493502650758
"ITFG2",0.0371394945464761
"SF3A3",0.0371180025328386
"PCNX1",0.0370792173593315
"CELF5",0.0370606590926453
"TNFRSF10A-DT",0.0370432280594944
"MRPS30",0.0370421848055289
"CCR8",0.0370230701952961
"MACO1",0.0370076728871859
"GAB4",0.037003622772687
"PDGFRA",0.0369991744795316
"TIMM17A",0.0369975438384313
"AATK",0.036975517767668
"FOSL2",0.0369385526867526
"RASGEF1B",0.0369097258400281
"RTL9",0.0368975573560294
"PITPNB",0.0368889961324616
"ARHGAP12",0.0368833013640011
"DRD3",0.0368762677747733
"NDUFS6",0.0368732407099387
"PRPF19",0.0368723391747321
"PUS3",0.0368699962558471
"KRT7",0.0368546590258186
"UBQLN1",0.0368501688962374
"UBXN7",0.0368338184184028
"C20orf203",0.0368238113241794
"CIBAR1P2",0.0368186340281786
"SMIM24",0.0368183027293739
"TMEM196",0.0367936795357028
"CAMKMT",0.0367900726029814
"SNHG26",0.036787387098836
"LINC00307",0.0367800695676612
"SKIL",0.0367799116921017
"DNAJC9-AS1",0.0367613472875044
"FAH",0.0367210356568229
"CHMP6",0.0367146906785701
"SNX33",0.0366949753260924
"P2RX6",0.0366857297674685
"MRPL16",0.0366727913923378
"MYO1E",0.0366694990684214
"LOC101928087",0.0366690975837116
"RAP2A",0.0366602983365848
"RAD1",0.0366505928063126
"ARPC5L",0.0366178987947103
"LOC102724843",0.0366007823427818
"NCOA2",0.0365902600566699
"ACOXL",0.0365841333343494
"ABRACL",0.0365819736088068
"LOC100505841",0.0365813282923622
"TCEAL8",0.0365500239698546
"ZNF362",0.0365443417037839
"AQP5",0.0365438047484715
"LRRC26",0.0365268825839219
"CEND1",0.036512086951071
"KCNS2",0.0365073358888598
"PCDHGA5",0.0365070715356065
"OTUD7A",0.0365053585092984
"NCAM2",0.0364834344633184
"PGGHG",0.036477785098576
"BPI",0.0364485937478719
"FIZ1",0.0364396980062223
"INS",0.0364030992818229
"LRRC3B",0.0363939244472693
"ELOVL1",0.0363866021653346
"PAFAH1B3",0.0363811024044987
"FAP",0.0363794759176312
"B4GALT3",0.0363751189590905
"NELFB",0.0363433973339369
"UPK1A-AS1",0.0363393235788656
"DPF2",0.0363319544699184
"CSTA",0.0363237163937482
"SCG2",0.0362790393598814
"PEAR1",0.0362778945309674
"BRSK1",0.036244558114629
"LHFPL6",0.0362333596655777
"ALLC",0.0362142628322746
"OR1N2",0.036211784470906
"TBC1D3",0.0362066830995667
"NAPRT",0.0362061611743577
"SEPT2",0.0362007634481608
"MAP1S",0.036197902473758
"ZNF367",0.0361960213647945
"CDIPT",0.0361907187586735
"KHSRP",0.0361606482344198
"SPI1",0.036155740773274
"PPP1R9A",0.0361483070619182
"CD99L2",0.0361405023019023
"RTP3",0.0361364013310815
"TXNL1",0.0361309486774628
"CAP1",0.0361305894546315
"TEX46",0.0361039158902237
"FAM133EP",0.0360977651268524
"TMEM52B",0.0360898393167874
"ROCK1",0.0360767621765605
"NR1H2",0.0360761788959205
"TRPM8",0.0360710468192327
"DDX58",0.0360685884638448
"OBFC1",0.0360651991026178
"CFAP299",0.0360647590951144
"ZNF667-AS1",0.0360584492101611
"TDP2",0.0360567362156846
"POMT1",0.0360468530759327
"ACTR1A",0.0360446558305511
"ORMDL1",0.0360317435298465
"MCCC2",0.035989400836722
"KRT83",0.0359868970954684
"JUNB",0.0359848649373036
"DDIT3",0.0359833447555731
"PGAP6",0.0359802242787928
"PLK2",0.0359592307991993
"PPP6R2",0.0358919316158636
"RBMXL2",0.0358836765815963
"SACM1L",0.0358608030638386
"RBBP4P4",0.0358539882453739
"INHA",0.0358280715980889
"MSLN",0.0358267886812017
"IQCF6",0.0358169965001915
"GYS2",0.0358124063486228
"PAQR9-AS1",0.0358120134909106
"COMMD3",0.0358070556377966
"ABCA2",0.035797223694714
"SARNP",0.0357870649532067
"SUMO1",0.0357848568821017
"ZEB1-AS1",0.0357706632815142
"BLTP1",0.0357692307692308
"SLCO1A2",0.0357519573664684
"MAF1",0.0357467568003566
"LRRC24",0.0357434631243618
"UBE2A",0.035741163024702
"NUTM1",0.0357379281657901
"HOXD11",0.0357058122636722
"CD3E",0.0357037788198275
"PAX4",0.0356999548544417
"TMEM123-DT",0.0356988200204948
"PDE10A",0.0356968767286791
"RPL13AP26",0.0356786342918356
"AHSP",0.0356647833441867
"CSNK2B",0.0356405938385494
"AQP3",0.0356251744088823
"FGFR2",0.0356251425492657
"CCM2L",0.0356247833457927
"TMEM225",0.0355936326873093
"PIERCE1",0.0355680291168717
"INPP5E",0.0355580378599843
"STYXL2",0.035555401509217
"AMER3",0.035545777238176
"SFRP1",0.0355410589962118
"FCRL1",0.0355230482432953
"FOXJ2",0.0354938756175816
"BCDIN3D",0.0354736886250232
"CCDC105",0.0354634375536206
"GALNS",0.0354622341064737
"EDC3",0.0354485757780486
"RANBP3",0.0354462391113456
"RESP18",0.0354316886847874
"SP2-DT",0.0354265632001071
"MAB21L1",0.0353845004592698
"STAG1",0.0353785437304508
"TMEM98",0.0353728023951372
"UBE2E2",0.0353635036099043
"CCDC60",0.0353539892128615
"FAM78B",0.0353521118675499
"HIST2H2AC",0.035349793029147
"RMC1",0.035314863269011
"HEATR5A",0.0353142281678706
"HCN3",0.0353141334976318
"LINC00661",0.0352753137371744
"PDE2A",0.0352619480771128
"RPL31P35",0.0352586252251346
"CLEC18A",0.0352264149794331
"LACTBL1",0.0351949956744533
"KIF12",0.0351832486481875
"RTL8C",0.0351640506000932
"NUP62",0.0351626560883054
"BAIAP2",0.0351444110019977
"NUFIP2",0.0351414966347802
"SPATA3-AS1",0.0351242303944996
"GLIS3",0.0351041413848708
"RPS4Y1",0.0351031948121329
"OGA",0.0350956597537347
"C16orf70",0.0350674365661871
"MRGPRD",0.0350312804338524
"GOLGA2P7",0.0350256459802174
"SRFBP1",0.0350189277328361
"ITGA3",0.0349837870162178
"CPE",0.0349813779337567
"TSR3",0.0349699568717759
"CYTH1",0.0349601726779756
"ZBTB18",0.0349413108655783
"TAS2R39",0.0349123384838266
"CPNE3",0.0349030745369459
"WDR88",0.0348935616172993
"QSOX1",0.034869610400653
"NPM3",0.0348466199750121
"CTSD",0.0348429453943785
"PSMA4",0.0348196612175991
"SLC23A1",0.0348134050341059
"MFSD12",0.034800967981763
"TNFSF15",0.0348004864504175
"ROR2",0.0347874988338464
"XYLB",0.0347779493663908
"MIOS",0.0347776478176333
"NADK",0.0347718246279619
"RSPRY1",0.0347660201486283
"ZCCHC18",0.0347595216508929
"ERICH1",0.0347546961171352
"RHOA",0.0347255603807953
"TCP11",0.0347101765209594
"RNASEH2B",0.034689475196659
"NVL",0.0346650866577698
"PITPNA",0.0346567021947421
"ADGRF1",0.0346449000344196
"OR4C46",0.0346447470089867
"DVL1",0.034627872194319
"KIAA1430",0.03462157053329
"SHC3",0.0346092346009673
"POLD4",0.0346005081682084
"LINC01554",0.0345910040818592
"MUC5B",0.0345324297003135
"ZNF598",0.0345063846640371
"BIRC7",0.0345061497056949
"CLEC2B",0.0344792117958128
"MIPOL1",0.0344617381029422
"NECTIN3",0.0344582496896448
"PTPRE",0.0344472928751819
"KPNA2P1",0.0344387539277539
"RFX1",0.0344347184660265
"ATP11C",0.0344275342160554
"CRTC3",0.0344159483885015
"CHFR-DT",0.0344107455961376
"URI1",0.0344102977526775
"HES4",0.0343935055753633
"RASSF1",0.0343897018524398
"CAPZA1",0.0343714877142197
"SNAPIN",0.0343705481432078
"LINC00305",0.0343625824715037
"TMEM223",0.0343535124099981
"BRD9",0.0343468644296218
"LARP1B",0.034338778148159
"RASD1",0.0343124074352251
"PLEKHF2",0.0342887389283451
"CCDC168",0.0342578306215683
"PBRM1",0.0342257391643149
"TDRD5",0.0342078991505678
"LHX2",0.0341881501704516
"HSPB1",0.0341881276222147
"CAPN11",0.0341623088510863
"TBX5-AS1",0.0341491411935704
"FAM229A",0.0341463665439426
"SLFN5",0.03412900887962
"ULK3",0.0341284609069923
"DRC3",0.0341189309436923
"RAD18",0.0341164561617857
"THG1L",0.0341107799759154
"SPRY1",0.0340930738119602
"POF1B",0.0340867269131935
"PHC2",0.034059999787288
"SPTA1",0.0340597648593222
"TECPR1",0.0340575881445912
"LALBA",0.034045649499441
"PLPPR2",0.0340167593375094
"PCAT19",0.0339949215049442
"AAR2",0.033989285304461
"GPAT2",0.0339880664081208
"ZNF570",0.0339848425851273
"RPS20",0.033980132095534
"BCCIP",0.0339732629611402
"DDX1",0.0339676494467542
"OSER1",0.0339658706900935
"LOC102724560",0.0339446231122343
"SPNS2",0.0339350887797192
"KCTD17",0.0339096129672816
"STOML1",0.0338998070731713
"RGS17",0.0338779502005393
"FBXL18",0.0338733131260167
"OMG|LOC101927057",0.0338608788818163
"YAF2",0.0338528158723896
"CXADRP3",0.0338420841769018
"MITD1",0.0338144387198362
"ERCC1",0.0338139112360249
"SURF2",0.0337960441062001
"LOC122526776",0.0337901599980979
"IFI27L1",0.0337897574294383
"RAE1",0.0337849345813395
"CAST",0.0337808784973123
"EPRS1",0.0337739067305774
"FAM238A",0.0337237773413248
"CYP2S1",0.0336855351826408
"PPP1R15A",0.0336775103038927
"ZDHHC1",0.0336727193023444
"RIOK3",0.0336670182321456
"MPZL3",0.0336668924096941
"RBP2",0.0336528755507721
"KMT5C",0.0336319660282924
"EEF2",0.0336156301301271
"PCBP1-AS1",0.0336155691660171
"SH2B1",0.0335734146883162
"HIST1H3A",0.0335652764182149
"MBOAT4",0.0335625764026598
"EMID1",0.0335605900899261
"RTN2",0.033526316873935
"RBM4",0.0335236945320172
"GPANK1",0.0334877838392136
"MYD88",0.0334647071337052
"MIR4453HG",0.0334445165097361
"GNAQ",0.0334042210016079
"LIMK1",0.0333939559930055
"MMP27",0.0333836053755066
"TRIB2",0.0333811453823168
"PWP1",0.0333799408941881
"LCE3D",0.0333767219152073
"MTMR4",0.033361784344119
"MCU",0.0333532694030909
"JMJD4",0.0333519487463215
"LHPP",0.0333432760677027
"MIDN",0.0333126044739786
"BSCL2",0.0332697102691709
"FARP1",0.0332365411105
"ACOT4",0.0332206453242678
"RAC1",0.0331936253306609
"DCTN1.1",0.0331718582685542
"ITPRID2",0.0331705954157612
"HTR3A",0.0331658106819323
"NDUFA5",0.0331635587322894
"ELOVL6",0.0331619780999753
"HKDC1",0.0331526484065448
"BCL7C",0.0331490400941135
"LAMP1",0.03314002765433
"GTF3C5",0.0331333013913365
"LRRN3",0.0331303153615878
"UXS1",0.0331143305859512
"CYP2C18",0.0331066037151015
"TAF1C",0.0331060102039046
"CHST6",0.0330755176606337
"CWC25",0.0330639119585151
"LRRC8E",0.0330542031841666
"MMP25",0.0330523992178186
"MBL1P",0.0330278249540403
"EMILIN1",0.0330093190400496
"FLCN",0.0330073696271232
"NSD2",0.0330032541586949
"GOLT1A",0.0329629211793242
"RHBDD2",0.0329446436515396
"MGLL",0.0329199586043331
"KIRREL",0.0328851322207433
"TBATA",0.0328778714305195
"CCDC91",0.0328653560895777
"TAF7",0.0328641811694945
"DNAJC7",0.0328600379316523
"CRABP2",0.0328536977983311
"SWSAP1",0.0328307656663858
"LOC284933",0.0328154441134512
"OR10P1",0.0328091282402728
"VSX2",0.0327967423114535
"UNC45B",0.0327920876595493
"MIXL1",0.032766052124451
"HIRA",0.0327493814898845
"HMX3",0.0327318213100838
"RP11-166D19.1",0.0327273730841253
"LINC02288",0.0327269877089496
"GLYCAM1",0.0327236008512637
"HELB",0.0327125961521146
"TMEM132C",0.0326781165892306
"RNF149",0.0326749834650321
"ADPRS",0.0326416651787056
"LMAN1L",0.0326364383527693
"CAMK2G",0.0326315446254117
"TRAPPC3",0.03263090038069
"ATP5F1",0.0326232341087987
"SH2D4B",0.0326005261372962
"CPS1",0.0325649227976676
"STX18",0.0325222474462844
"NDUFAF2",0.0325118461335236
"PAX7",0.0325034826911389
"CBLL2",0.0325018362028633
"PLB1",0.0325014571379489
"CTAGE16P",0.0324928090874206
"HES3",0.0324867500310916
"SMARCAD1",0.0324857455825146
"RNASEK",0.0324611490039639
"MTF2",0.0324606431874307
"OTUB1",0.032455577661627
"LINC00896",0.0324551841530991
"HDGFL2",0.0324396359752932
"NPR2",0.0324238543006901
"OR7D2",0.0324175445936452
"NUP88",0.032417212133142
"RALGPS2",0.032413445856393
"USH2A-AS2",0.0323585747610817
"IL1A",0.0323360108640828
"IGLV5-45",0.0323280270303911
"SLC51B",0.0323214102801185
"FMR1",0.0323144279553786
"SERPINA5",0.0322920401856806
"RASGRP4",0.0322825123612688
"NDUFA6",0.032262738847964
"UBXN1",0.0322626571345843
"CFAP44",0.0322190372402362
"ANKRD13D",0.0322121650687077
"SEPT9",0.0321997387754295
"PIK3C3",0.0321986514945475
"ZNF263",0.0321813541513052
"SHFL",0.0321745864360711
"HNRNPA1P21",0.0321674442027587
"FAM120C",0.032158202968716
"BTF3L4",0.0321318734020465
"PRSS30P",0.0321226795801572
"SCAMP5",0.0321206033889334
"TBC1D27",0.0321065324150002
"CASP9",0.0321048399476083
"RBFOX2",0.0320952653225267
"TJAP1",0.0320939270753548
"ANAPC2",0.0320815643249057
"RMDN3",0.0320772982863116
"CDK2",0.0320769882134069
"NAT14",0.0320624887507633
"FOXF2",0.0320285557330847
"CCDC109B",0.0319836468196775
"PPP4R3A",0.0319648844434368
"ZBTB12",0.0319645865723696
"LINC00961",0.0319613371647339
"RBM34",0.0319478747820668
"AKAP17A",0.0319076069987244
"TMCO4",0.0318992083811393
"ING1",0.0318973688301913
"SEMA6B",0.031892571045777
"LINC01265",0.031865293471335
"PXT1",0.0318593362498173
"GOLGA8A",0.0318396565174637
"SNU13",0.0318348693307327
"FAM127B",0.0318265721112409
"EMC4",0.031825383031136
"SOCS4",0.0318199578661404
"MINA",0.0317803541639727
"MYO1B",0.0317283136097844
"OTOP3",0.0317208050050799
"RNF169",0.0317197532885641
"TRIM27",0.0317183506918857
"LOC100506406",0.0317149850459675
"MIB1",0.0316792261933377
"KRTCAP2",0.0316700731982032
"CABIN1",0.0316369341155726
"IGBP1",0.0316340163212457
"COG1",0.031601309466598
"UBE2T",0.0315907512867558
"GARNL3",0.0315858491872686
"ZFAND6",0.0315744314429965
"PMF1-BGLAP",0.0315605196253687
"STK32A",0.0315597556823506
"ASAH2B",0.0315545111860519
"CRISP3",0.0315412983807948
"ZNF335",0.0315228777803303
"ARHGEF18",0.0315212331429844
"EFTUD2",0.0315195177853123
"ASH2L",0.0315045369662438
"ALOX5",0.0315027371916706
"SNORA73B",0.0314950247850243
"MTA1",0.0314787011823415
"GNAO1",0.0314742106268873
"CD300LD-AS1",0.0314577922329198
"TBRG4",0.0314509384685566
"SENP3",0.0314416943457479
"MRPS21",0.0314014341782835
"SH3BGRL2",0.0313978535707622
"FOLR3",0.0313886183862015
"ANKRD44",0.0313662263014926
"PDXDC1",0.0313526542177211
"CCNJL",0.0313485532221566
"RBM46",0.0313157544386268
"HEXIM1",0.031315289901646
"RNU6-813P",0.0313122621959563
"DNAJB12",0.0313079816703367
"COL11A2",0.0313052733032229
"MPHOSPH8",0.0313020650878084
"MRPL58",0.0313006212111871
"MICU2",0.0312899142816371
"CCDC3",0.0312850519202979
"FPR3",0.031280505028052
"GABRR1",0.0312686383942679
"HAND1",0.0312484193605944
"CENPC",0.0311686119908527
"ADNP-AS1",0.0311593120368149
"GGH",0.0311576276559964
"STAT5A",0.0311544939578048
"ZNF420",0.0311493547473231
"IKBKG",0.0311440568889545
"PIK3C2B",0.0311385902378077
"RNF5",0.0311384882612769
"ZNF345",0.0311276360585885
"HECTD2",0.0310918668247216
"HIF1AN",0.0310830978387707
"ATPIF1",0.0310729976819053
"ZDHHC3",0.0310721689967072
"HECW2-AS1",0.03105510097196
"SLC39A2",0.0310441701937955
"CTPS1",0.0310353375465408
"USP9X",0.0310297368705396
"SCGB1A1",0.0310156485997895
"FMN2",0.031005574193704
"HDAC6",0.0310029119834299
"APOL2",0.0309874625199204
"VDAC1",0.0309435935086553
"DIP2A",0.0309424440712915
"NKX2-3",0.0309382436255683
"ST6GAL2",0.030926860821721
"KIF9",0.030908078368919
"DEAF1",0.0308968588290196
"CNOT10",0.0308936995977927
"TBX6",0.0308875817427803
"SARAF",0.030885234710069
"ADAM12",0.0308837830802351
"SCN9A",0.0308715204602215
"BTBD7",0.0308281741095393
"SYT8",0.0308271394860759
"SLC2A9",0.0308171811864535
"ZNF695",0.0308114181328905
"CFLAR",0.0307998946214655
"DGLUCY",0.030785880622515
"MAP3K1",0.0307857211552012
"ODF2L",0.0307578771742516
"CCNE1",0.0306995604683894
"RAP1A",0.0306991966783321
"DELE1",0.030684399951627
"COX4I1",0.0306754208503872
"ARL17A",0.030650907071974
"DNAJB6",0.0306468289432384
"RHBDD3",0.0306336185257961
"LARP7",0.0306331432530646
"DAGLB",0.0306070400859148
"RRN3",0.0305801304567017
"LYPLA1",0.0305801181714968
"POLE3",0.0305799379587765
"ALOX15B",0.0305727344488196
"RECQL4",0.0305449206095139
"INTS11",0.0305405161230768
"SPHK2",0.0305305478795069
"IRAK3",0.0305239889599841
"ABHD2",0.0305166925780619
"DEFA8P",0.0304986045983923
"PSMA6",0.0304949232838622
"ARHGAP27",0.0304813262349237
"PTAFR",0.0304803147183396
"PPP1R12C",0.0304714342974957
"CACNA2D3",0.0304484298393864
"NOS2",0.0304356776231117
"PTGER4",0.0304236407465683
"LINC00880",0.0304160370977866
"CTDSPL2",0.0304030725279213
"SPARCL1",0.030372497414862
"LEMD3",0.0303657900535661
"ALG8",0.0303527300666603
"TMEM234",0.0303412543606661
"PCDHGA9",0.0303269705426477
"TOR2A",0.0303200748696649
"PRP4K",0.0303076923076923
"NACAD",0.0302816699649382
"MYEOV",0.030258147887183
"CTRB1",0.0302543051646378
"METTL3",0.0302480626657238
"GRAMD4",0.030236526334954
"TSEN54",0.0302084484500098
"DTX1",0.0301937671111004
"ADRB1",0.030190418320317
"CEP170",0.0301901932321104
"GFRA2",0.0301638573519601
"IGLL5",0.0301604874615891
"CYP2J2",0.0301449209459916
"TMEM138",0.0301347488105102
"LOC107984399",0.0301250418124335
"C22orf31",0.0301067641369392
"FAM46B",0.0301038642255527
"GRK1",0.0300661032751398
"SH3GLB2",0.0300659808136925
"PDE6H",0.0300631112258701
"C11orf40",0.0300612574076116
"TSHZ2",0.0300587395410913
"TBC1D10C",0.0300535710894239
"PRNP",0.0300525072128809
"CIAPIN1",0.0300513303570814
"AP1G1",0.0300398211070388
"FADS2",0.0300333494441327
"RAMP1",0.0300269429630341
"MICB",0.030025831347235
"GGA1",0.0300194265532348
"HECTD3",0.0300127200023807
"C5orf15",0.0299588629928555
"ANKRD65",0.0299511202496963
"PPFIA2",0.029942864624497
"TCHP",0.029942239835203
"SCN10A",0.0299356481037589
"SNAP29",0.0299330986953473
"MTHFD1",0.0299307139376803
"CDKL4",0.0299287759786688
"PLA2G2D",0.029916906468968
"EIF4EBP2",0.0298859490718253
"PKN2",0.0298821005078056
"MTFMT",0.0298817987800882
"RNPEPL1",0.0298638744193064
"DDX60L",0.0298528625144059
"USB1",0.029851591525231
"ASCC3",0.0298475017239657
"NR5A2",0.0298367217517175
"STT3A",0.0298345150074187
"TARDBP",0.0298213598186641
"FBXL14",0.029816599893966
"RFESD",0.0297662934270412
"RNF168",0.0297411668213665
"TARS2",0.0297165633724042
"ULK4",0.0297131859912347
"GABARAP",0.0296977538741497
"XIAP",0.0296973694350354
"WDR64",0.0296914057220547
"TGFBI",0.0296806404849851
"NPY1R",0.0296804700137881
"ARHGAP23",0.0296680673733879
"SPIN2B",0.029633699322157
"PCDHB3",0.0296319445246309
"ATP7B",0.0296095858760975
"PLOD3",0.0296031975145328
"PCNT",0.0295993982114245
"PSMD9",0.029575013191493
"HMCES",0.0295585883509424
"FAM182B",0.0295381936586175
"UGGT1",0.0295358629692825
"PTPRA",0.0294979124559607
"ZNF524",0.0294972846174561
"ZCCHC14",0.029492745183853
"DPH5",0.0294870203995241
"IL21R",0.0294864742410078
"LCAT",0.0294662176814526
"ARIH2",0.0294631374906282
"CDC37",0.0294616247248054
"SAV1",0.0293988117791604
"TRAPPC12",0.0293868582162598
"NOP10",0.0293813280997503
"RP11-446H18.5",0.0293684915203686
"LHX5",0.0293484181353121
"SLC4A1AP",0.0293469141947871
"POLDIP2",0.029322907646699
"UBL7",0.0293023318533796
"LINC00115",0.0292668954127895
"HDHD5",0.0292642085630544
"LINC01089",0.029257185877404
"MFSD1",0.0292362470062974
"ARHGAP15",0.0292282077361085
"HESX1",0.0292111068953856
"PDCD10",0.0291973343922284
"ARMC8",0.029190634646364
"EPPIN",0.0291822835722293
"IL3",0.0291822275924298
"NLN",0.0291759730626164
"TMEM186",0.0290991467394224
"NUP58",0.0290991213500991
"RPSA",0.0290828056128989
"TRAP1",0.0290688484548955
"DDX51",0.0290652777916058
"OR1G1",0.0290650678217794
"DZIP1",0.0290574828812369
"PTPDC1",0.0290505607293665
"TRIM33",0.0290478060954878
"KLK7",0.0290455098963447
"MARK4",0.0290195504758468
"MRPL51",0.0290042534061431
"CCNT2",0.0289918045149582
"PDXK",0.0289894445071362
"BPIFB4",0.0289779399241501
"NOVA1",0.0289650836024189
"TIMELESS",0.028965021382289
"CELSR2",0.0289239360167789
"LINC00320",0.0289086648225449
"IDI1",0.02887582445972
"KRT8P32",0.0288748501010909
"L3HYPDH",0.0288699736414154
"ACBD5",0.0288640842308251
"LINC01111",0.0288107526546426
"ACVR2A",0.0288103351048936
"PLCE1",0.0288052987496697
"ADAM21",0.0287917737410108
"RAB5A",0.0287897039753469
"CPO",0.0287845858967328
"CEP63",0.0287683722499745
"NAALADL2-AS3",0.0287678109557037
"PHYKPL",0.0287314150853746
"CHI3L2",0.0287227193780013
"LAYN",0.0287153244144958
"NDUFV2-AS1",0.0286845629135549
"BYSL",0.0286811420936364
"CUX1",0.0286320809358623
"CRBN",0.0286260667648485
"SOX30",0.0286223109548728
"PANX3",0.0286212266287859
"C7orf57",0.0286131133133109
"TNNI2",0.0286110289490181
"DYNC1LI2",0.0286094956816717
"C2CD2L",0.0286035202367694
"PCCB",0.0285761962604852
"ANKMY1",0.0285603574963206
"DUSP3",0.0285596659757382
"SLC12A9",0.0285503680774468
"DLX6",0.0285206684542837
"SNX31",0.0285179436623568
"FBXW2",0.0285111661938942
"TREML2",0.0285055713802794
"MAPK7",0.0285020553173787
"STK16",0.0284855944169515
"CLTC",0.0284805806771749
"PDE6B-AS1",0.0284757466933963
"CRYM-AS1",0.0284545924712459
"CYP26A1",0.0284314249359883
"SDF4",0.0284307588640923
"STRA6",0.0284159022121062
"KCTD14",0.028403754676165
"GLRX2",0.0283927760658709
"PLEKHF1",0.0283804986960628
"PUS1",0.0283700901592986
"SLC38A9",0.0283610515413972
"FCRL2",0.0283430592477889
"KCNQ4",0.0283389850975267
"NPIPB13",0.0283197313227674
"RAPGEF6",0.0283171007915188
"GOLGA6L7P",0.0283006001414934
"COPE",0.0282972071439397
"APITD1-CORT",0.0282599133806723
"LIN7C",0.0282509073316529
"EYA3",0.0282435267158999
"NDUFA12",0.0282388022533403
"AR",0.0282221881635203
"CTF1",0.0282124011817093
"CLEC12A",0.0281808373561326
"NLRC4",0.0281721311187597
"MARCH9",0.0281427955295235
"YRDC",0.0281415993996414
"TGIF2",0.0281365775300451
"TEPSIN",0.0281222592044497
"TRHR",0.0281208854462575
"PSG7",0.0281137952032271
"YY1",0.0280947470842037
"CACNA1D",0.0280916387468556
"DLD",0.0280876461258171
"SSR4",0.0280871611133919
"CDC25C",0.028065980295021
"RPS15A",0.0280637352508722
"CSRNP1",0.0280608429467962
"ARHGAP10",0.0280551740870173
"SUCNR1",0.0280500631966599
"USP49",0.0280308428076173
"USP10",0.028002983309663
"MPHOSPH10P3",0.0279895136287485
"CAMKV",0.0279894160176137
"HMGCS2",0.0279817937781665
"RCHY1",0.027978783014475
"LINC02314",0.0279723299334336
"EEPD1",0.0279584952523876
"SNAPC4",0.0279542123296133
"LGALS8-AS1",0.0279520845194646
"KCNH7",0.0279373343648736
"CES4A",0.0279327307898874
"MCTP2",0.027929563332859
"ANAPC11",0.0278925937365423
"ZSCAN18",0.027890398974291
"EGR2",0.0278701935223778
"POLE4",0.0278548997815261
"RPS3AP36",0.0278437046158354
"CLVS1",0.0278338445860021
"CDH26",0.0278164187713631
"SNX4",0.0278119933734066
"ZNF385D-AS1",0.0278084336444326
"C10orf91",0.0278058895757526
"CLEC3A",0.0278050953575159
"SLCO3A1",0.027786199311748
"SENP7",0.0277695576603562
"CWF19L2",0.0277455774065605
"LINC01503",0.027721298057322
"NME1",0.0277146136813163
"TMPRSS3",0.027710536434815
"FLJ30679",0.0276822693815408
"ADPRM",0.0276597125246592
"C5orf30",0.0276259645280845
"PAK1",0.0276188869584534
"ZBTB11-AS1",0.027618560874813
"SKIC3",0.0276153846153846
"GGCT",0.0276152334573559
"TP53I13",0.0275946060727486
"FAM183A",0.0275861643706419
"EPSTI1",0.0275819697442115
"FAM53C",0.0275810943608061
"VWA8",0.027579050217616
"TNFRSF1A",0.0275730322795253
"LINC02900",0.0275372858281422
"LRRC18",0.027536745168355
"CBX1",0.0275137436150907
"TRPC6",0.0274980491571539
"PIGG",0.0274864454951206
"CCDC82",0.027478555985799
"SMIM23",0.0274723098895181
"RPL21P42",0.0274710713667927
"CLTB",0.0274709002342774
"PHF20L1",0.0274701922307489
"PINX1",0.0274576801611463
"LDB2",0.0274545195833388
"RALBP1",0.0274534035469837
"CTPS2",0.0274348852980655
"LINC01718",0.0274267387302958
"STX19",0.0274020283805775
"NLRX1",0.0274001776203287
"LRRC42",0.0273998080378974
"MNT",0.0273966340291286
"PROCR",0.0273634976245241
"HPCAL4",0.0273617484219609
"C1orf162",0.0273501940676701
"TRIML2",0.0273407036085553
"KRBA2",0.0273400067236344
"MYPN",0.0273320020938493
"RNF4",0.0273292397279026
"NUP153",0.0273254494772133
"FILIP1",0.0273085511309321
"ARPP19",0.027297701950484
"RBBP9",0.0272960553128663
"NHP2",0.0272938011639056
"GPR132",0.0272881663676639
"KYAT3",0.0272814701241022
"SGCE",0.0272614297950995
"SERPINF2",0.0272517191103582
"GNS",0.027251440561464
"NPC1L1",0.0272390183453839
"NISCH",0.0272353069250462
"RHBG",0.0272251580168108
"NUP205",0.0271941251899188
"ACTR3C",0.0271885645141871
"PRG3",0.0271867283320324
"PRR22",0.0271845183119337
"CD300LB",0.0271555495728388
"RPS27A",0.027147933495395
"FAM83C",0.0271448458463776
"MLF1-DT",0.0271405376703679
"LOC285453",0.0271333254859996
"SULT1B1",0.027128370622675
"MGAT4A",0.0271211034600366
"RPL7L1P1",0.0271087031009909
"DDX50",0.0270885366525215
"NFKBID",0.0270846463633984
"PAICS",0.0270814819910898
"DENND4C",0.0270761724239973
"ENOX1",0.0270754865368668
"HOXC8",0.027048971441422
"C1orf54",0.0270353648546291
"XKR7",0.027034805812562
"IGHMBP2",0.0270341242116718
"SYCE2",0.0270299526258604
"SSU72",0.0270227049304996
"UBALD2",0.0269954044647615
"TNFSF18",0.0269584834356183
"ABCD1",0.0269542228772124
"AGAP3",0.0269470116890699
"RP11-798K23.3",0.0269460212810376
"ELF2",0.0269392580524639
"UTP14A",0.0269142591239387
"RIC1",0.0269064571010389
"TUBB",0.0269048180332821
"FBLIM1",0.0268615195889836
"SLC20A2",0.0268559453093263
"JDP2",0.0268553555272607
"BMAL1",0.0268461538461538
"TSTD2",0.0268453759046223
"ARID4B",0.0268415489831004
"EGLN3",0.0268292092477359
"GOLGA2P2Y|GOLGA2P3Y",0.0268260670205915
"PARVG",0.0268226709988068
"PDHX",0.026820895107282
"DNAJC17",0.0268191174373427
"TRGV7",0.0267731960314048
"THBS3",0.0267675108497469
"U2AF2",0.026767363328935
"FBH1",0.0267559854107284
"SSH3",0.0267415735002797
"GMPPB",0.0267071435710728
"MGC12916",0.0266970194762233
"STS",0.0266737431515785
"SNAP47",0.0266670647053324
"MINOS1-NBL1",0.0266245296943627
"NANS",0.0266214050955768
"PSMD10",0.0266209797344745
"MMP17",0.0266204681315186
"PGPEP1",0.0266050465343736
"INTS2",0.0266040131672367
"MATN1",0.0265985172996046
"HGS",0.026596992489059
"RFWD3",0.026589320415175
"ZNF732",0.0265240978750888
"CEBPG",0.0265208249451175
"TMEM135",0.0265192223476643
"TUFM",0.0265106108640671
"P2RX7",0.0265066295263176
"CLDN7",0.0265021431744957
"ZSWIM8",0.0264836839714169
"ZNF117",0.0264352667000895
"PAIP1",0.0264191984766797
"CYP3A7",0.0264179665190044
"ADPRH",0.0264157730287247
"PARD6A",0.0263964082282296
"IL5RA",0.0263859443654393
"ACP5",0.0263695999603135
"SMG1",0.0263274160509062
"MRAP2",0.0263205152916908
"CELA3B",0.0262992607230411
"ZNF18",0.0262983183373271
"ACOT7",0.02627557277494
"SELENOS",0.02627402160122
"ENPP3",0.0262730681543939
"NRXN3",0.0262539029418563
"TCF12",0.0262505890540282
"ORMDL3",0.0262364042637661
"CICP14",0.026226829732807
"PHEX",0.0262220638762458
"PPY2P",0.0262155913669559
"RHOJ",0.0262155786053014
"NDST2",0.0262116454141753
"AP2A2",0.026198644058535
"PWWP2B",0.0261844183904936
"C4orf46",0.0261836807665966
"BUD13",0.026168757410859
"ADH7",0.0261561011169983
"RBBP7",0.0261491854171682
"SRMS",0.0261453838469073
"PFN2",0.0260871880067657
"SLC36A4",0.0260741694777423
"FCN1",0.0260551682871533
"ZDHHC7",0.0260549064449546
"ARHGEF10",0.0260497396914141
"SQLE",0.0260350255896555
"STARD6",0.0260241150021746
"TBC1D7|TBC1D7-LOC100130357",0.0260181088953942
"KRT71",0.0260172326318181
"ANKRD12",0.0260120035168892
"TMEM176A",0.0259673825586551
"AP3M2",0.0259613773872244
"LOC389895",0.0259590060449222
"PSKH2",0.0259572515783236
"GABPB1-IT1",0.0259408381586665
"CDC25A",0.0259382441996244
"ZRSR2",0.0259255501537814
"ATP6V1B1",0.0259213618759799
"SEMA3A",0.0259192623898515
"CCSAP",0.0259030960664497
"FUCA2",0.0258891991296295
"RFC1",0.0258763045313317
"MPV17L",0.025873271094508
"KLHL3",0.025859138297734
"LOC105373780",0.0258561764348731
"WDR45B",0.0258458330573825
"LRRK1",0.0258234588732691
"ARHGAP21",0.0257972971620629
"RNF24",0.0257850236062637
"KRT2",0.0257754650873013
"FAM117A",0.0257593533595943
"CBY2",0.0257498086235195
"USP33",0.0257494956756721
"CHCHD2",0.0257447572542945
"APMAP",0.0257276888617528
"DCLRE1B",0.0257116514575277
"GMDS",0.0257041105183629
"ZNF506",0.0257005253977419
"SMIM8|LINC01590",0.0256864037169142
"GPBP1L1",0.0256707810278235
"LST1",0.0256666324624727
"UPF2",0.0256570468078983
"NAB1",0.0256470386669047
"SPATA20",0.0256444705616007
"CHST15",0.0255918500436687
"MAOB",0.0255843382630598
"LINC01095",0.0255596929884539
"KLHL30",0.0255448299959037
"SYT16",0.0255335103274532
"REV1",0.0255260342830024
"TMEM63A",0.0255243790276985
"KRTAP8-1",0.0255201588605471
"WDFY4",0.0255170819637094
"UBA2",0.0255119693576446
"AK8",0.0255118225524178
"KANK2",0.0254896061325891
"GPRC6A",0.0254732757249589
"ANAPC10",0.025458098523505
"LINC00504",0.025456377509734
"WNT8B",0.025446738104301
"HOXA7",0.025413822588567
"ACBD3",0.0254087111479997
"RAI1",0.0254085894916027
"NOTCH1",0.0253977602057763
"CNOT7",0.0253920710650467
"RGS6",0.0253893541461008
"PPME1",0.0253862797738848
"SLC39A1",0.0253771667621911
"VPS13B",0.0253691601560399
"UBN1",0.0253591175501908
"SLC30A7",0.0253529169641427
"CHD2",0.0253230114455718
"AGMO",0.025299345134294
"SHOX",0.0252880322895298
"ASPRV1",0.0252876795022512
"MSL1",0.0252543960567917
"OR6Y1",0.0252539348629724
"GPR75-ASB3",0.0252480185271267
"RP5-855F14.1",0.0252440863811005
"PBLD",0.0252202702970981
"CCDC134",0.025210179150714
"TRIM49",0.0251678015226428
"ZZZ3",0.0251636188331364
"C10orf95",0.0251591165521187
"RUVBL1",0.0251521531407445
"PTPRK",0.0251518014670056
"RAB13",0.0251390428468476
"TTC39B",0.0251329449356089
"ZNF480",0.0251278308229827
"AGBL5",0.025127676663287
"RHOBTB3",0.0251244699794267
"SLC38A1",0.0251201631093507
"NCAPD2",0.0251189522449842
"CEP290",0.0251025128993251
"TMEM204",0.0250847856513955
"MRPL24",0.0250831792692586
"PTPRM",0.0250773317118328
"COL8A1",0.0250704274961641
"PCDHGC5",0.0250684700835861
"DHRS7",0.0250324462579511
"RSPH10B",0.0250204859495987
"C9orf92",0.025014255451385
"RP11-547D24.1",0.0249949809302984
"ARMC6",0.0249620461421189
"SYT6",0.0249461534793988
"SLC45A3",0.0249256220188977
"CPLANE1",0.0249059228560974
"ZNF429",0.024902793575875
"DUSP8",0.0249027339794756
"FAM81A",0.02489900681265
"SPX",0.0248928588284558
"RCOR3",0.0248890834262369
"NDUFB10",0.0248829084130184
"DAPK1",0.0248729343231747
"NEUROG1",0.0248215492070255
"MON1A",0.0248199582101352
"FGF18",0.0248126722871763
"HMGN3",0.0248099710885088
"DENND1C",0.024805291539815
"ZNF385A",0.0248035142573486
"ITIH1",0.0247988193828996
"TMIGD1",0.0247838006043175
"RTKN",0.0247742720697696
"RNF128",0.024774134135525
"GLA",0.0247248411566194
"CIMAP1B",0.0246923076923077
"QPRT",0.0246749860240274
"UTP6",0.0246653381282139
"PRPF39",0.0246612674768954
"KASH5",0.0246579161003826
"RELT",0.0246354114718872
"IFI44",0.0246268105234487
"IMPACT",0.0246205196367589
"LYPD5",0.0246194679415616
"SLCO6A1",0.024614696434297
"BCAR1",0.0245987665111871
"DLK2",0.0245971113461561
"IFT27",0.0245883176671613
"MR1",0.0245794604656572
"TXN",0.0245430405847973
"GABBR2",0.0245376973628912
"PDS5A",0.0245254560115242
"ADAD1",0.0244993261677043
"CDCA8",0.0244898791366947
"RAB27A",0.0244822577364793
"HYCC2",0.0244615384615385
"H1-7",0.0244587269605425
"REEP5",0.0244352190783274
"DACH2",0.0244349002259723
"NAA25",0.0244208691700659
"CCDC102B",0.0243947724517859
"CSTL1",0.0243919335564503
"B3GNT4",0.024391290641589
"PIM2",0.0243838822054568
"ALDH1L1",0.024379065032019
"SYTL5",0.0243705068549105
"DCN",0.0243580899314863
"ERVFRD-1",0.0243323334628468
"SLX4IP",0.0243248875888917
"DLL3",0.0243216287595014
"ACER3",0.0243087876980674
"RRM2B",0.0243039868294912
"GOLGA4",0.0242961759971979
"CBX3P2",0.0242940423813566
"RAB3GAP1",0.0242863415855372
"EEF1D",0.0242755757152161
"LTB4R",0.024266738918105
"C1orf100",0.024254632125884
"CUEDC2",0.0242545614155384
"MRTO4",0.0242356163090103
"TRAPPC6A",0.024203004227445
"DBI",0.0241782725548651
"ZNF821",0.0241756985335651
"ELMO2",0.024173815024176
"PCMTD2",0.0241624883484855
"NKPD1",0.0241551727578924
"SMAP1",0.0241403180753815
"LGALS13",0.02413298409214
"LINC01082",0.0241206709463279
"TAS2R38",0.0240864425867331
"ATG10",0.0240738965756525
"HNRNPH2",0.0240680789840025
"MKI67",0.0240642686727593
"RPF1",0.0240489900087293
"IGHV3-15",0.0240441103380556
"CYP24A1",0.0240134650311765
"VPS4A",0.0240074096894833
"GJA5",0.0240025732608981
"METTL6",0.0239803408041785
"BMX",0.0239760133801961
"KCNN1",0.0239666957984534
"SLC38A11",0.0239628642671672
"GUK1",0.0239594870967519
"LILRA1",0.0239561250592466
"PCMTD1",0.0239446834708409
"ZFP1",0.0239177789781735
"NR2C1",0.0239171386635174
"TMEM201",0.0239100246652065
"CYTH2",0.0239040351030871
"NCBP2AS2",0.0238629224960337
"IRF8",0.0238615848880426
"CCDC9",0.0238446368699525
"LIMA1",0.0238355180349378
"TMEM219",0.0238334045385751
"CSAG4",0.0237964498985607
"NLRP1",0.023793529604155
"NPPC",0.0237891202267937
"HSF1",0.0237814202905471
"PCDHB14",0.023744134387375
"DNAJB2",0.023738278450263
"SMOC2",0.0237243506586447
"STK38",0.0237174005037223
"DLX2",0.0236977636223858
"CDKN1B",0.0236927889410334
"RGS19",0.0236910541887982
"ASB14",0.0236869256015661
"NSUN2",0.0236850085979495
"LY75",0.0236552084682881
"TMPRSS11F",0.0236418116580364
"PAGE1",0.0236390500157722
"ATP11B",0.0236316889317488
"CD44-DT",0.0235992805369656
"GDPD2",0.023598900998046
"PLA2G10",0.0235938872067853
"ANKRD40",0.0235703879139015
"U2SURP",0.0235692376987499
"SLC2A6",0.0235535085774286
"CHUK",0.0235506440566728
"ENTPD1-AS1",0.0235471673848847
"TMEM232",0.0235330841512589
"PACSIN2",0.0235324137284752
"CSNK1A1",0.023527870351041
"SENP2",0.0235271582949943
"CCDC172",0.0235254012586361
"SMC1B",0.0235235125782146
"FARP2",0.0234799464169622
"LILRA6",0.0234792661440839
"TBC1D10B",0.0234782246166674
"SLC45A1",0.0234684602470636
"GBA1",0.0234615384615385
"SMO",0.0234515298832092
"MAPK11",0.023446644991445
"TBC1D4",0.0234269720954436
"ERICH6B",0.0234268941822791
"ELMSAN1",0.0234188640652001
"DVL3",0.0234155786483704
"TSSK1B",0.0234144305359542
"AC093609.1",0.0233749277799319
"HIST3H2A",0.0233405551649358
"FMNL1",0.0233360257609646
"MYC",0.0233346506294646
"KCNK18",0.0232981951917215
"LINC01615",0.0232896430261487
"TFEC",0.0232843856723229
"CCDC106",0.0232801342082767
"SLC27A1",0.0232417934396216
"TRA2A",0.0232319778834594
"PIP4K2C",0.0232186272945685
"RGS1",0.0232097034872533
"ARSB",0.0232050964042616
"ARFGAP3",0.0231922763787628
"VIPR1",0.0231887008596528
"GLOD4",0.0231841102678662
"INPP4B",0.0231833662177644
"GNAI1",0.0231781006267339
"PCID2",0.0231638467390277
"NAP1L6",0.023158208541463
"SUZ12",0.0231497940856639
"SAP30",0.0231462083006517
"PPP1R16A",0.0231337843955165
"PURPL",0.0231327089285409
"PDE5A",0.0231068422561951
"CHL1",0.0231057823558847
"ASF1B",0.023099777468734
"CASP1",0.0230833512005662
"WWTR1-AS1",0.0230821452598948
"DMRTB1",0.0230743505587709
"GNAT1",0.0230719486093349
"ALDH1L2",0.0230712452323078
"HOXC10",0.02306419224737
"COP1",0.0230592369176942
"CTD-2020K17.3",0.023042613971883
"VIPR2",0.0230288177613123
"PLEKHA5",0.0230186577338298
"DPH7",0.0230146245122259
"SIRT1",0.0230122515311014
"SLC30A8",0.0230088513358322
"MRFAP1L2",0.023
"LINC02712",0.022965152694276
"LHFPL4",0.0229630038622832
"ARMH1",0.022955638411358
"KIF1C",0.022946969790905
"BCAR3",0.0229429199419824
"LRR1",0.0229008721485042
"CCKBR",0.0228790836694912
"FOXRED1",0.0228529432041664
"HAUS5",0.0228440547962597
"ABCA6",0.0228152898289145
"CD2BP2-DT",0.0228133808042342
"ACTR2",0.022810315039401
"CYBC1",0.0227931676998248
"CHST4",0.0227859388094517
"PIAS1",0.0227751388168877
"RHBDF2",0.0227633900360706
"FATE1",0.0227571926828383
"SERAC1",0.02274852354255
"PROX2",0.0227370039957174
"CNR2",0.0227353807337332
"ARMCX5-GPRASP2",0.0227251123144146
"SMYD2",0.0227233736335563
"FZD2",0.0227033122624986
"TFDP1",0.0226986959569533
"CSNK1G2",0.0226794601526091
"SPDYE3",0.0226768199791929
"COCH",0.0226766993646948
"BOLA2",0.0226639885122526
"IAH1",0.0226629130665396
"SUFU",0.022646595011389
"PYCR3",0.0226371467730115
"ZBTB33",0.0226362830023792
"SLC52A2",0.0226353153367535
"ANKRD63",0.0225853490756067
"RABAC1",0.0225766414226633
"PRODH2",0.0225727446398185
"PCDHB4",0.0225572438694088
"KIF18A",0.0225145122094937
"FMO5",0.0225084557426761
"TMEM123",0.0225084353759414
"GNGT1",0.0224922511488258
"MSMB",0.0224805938006455
"CABS1",0.0224684058766069
"ABCD4",0.0224659726603022
"EARS2",0.022442209055204
"APOF",0.022430733434156
"TNFRSF25",0.0224272566841025
"MED8",0.0224202828133868
"C10orf67",0.0224195805767625
"CCDC141",0.0224024635656849
"THRSP",0.0223998855039829
"PRKAB1",0.0223944959951153
"DBIL5P",0.0223896322402274
"ALPPL2",0.0223675531088678
"SUCLG2",0.022322872013181
"IGF1R",0.0222922647164877
"FAM91A1",0.022287923224651
"SLC25A5-AS1",0.0222826560796571
"GUCY2D",0.0222768917066132
"PTPN18",0.0222655091983517
"RNF175",0.0222633660318129
"PIGA",0.0222628753588604
"SETX",0.0222598389648593
"CAMK2D",0.0222289148187041
"SLC8B1",0.0222253255853165
"SCN8A",0.0222173395617217
"IREB2",0.0222101631824758
"CCM2",0.0221687662319385
"ESPL1",0.0221641601950579
"VPS29",0.0221631469608275
"IGLV3-10",0.0221573651721734
"SYNJ1",0.0221519644552891
"RBFOX3",0.0221514577722735
"MKNK2",0.0221291392521971
"ZNF516",0.022124734268096
"NBR1",0.0221212561826585
"STAT2",0.022111135499098
"GK",0.0221087205696151
"ADCYAP1",0.0221021338598175
"TEX13B",0.0220980841455769
"NME3",0.0220963138016189
"SP3",0.022091055599544
"TARBP1",0.0220909916026703
"SCMH1",0.0220890123538981
"REEP3",0.0220817930184023
"F3",0.0220762723840316
"PPCDC",0.0220558542652339
"MARCH5",0.0220551526895786
"CSF1R",0.0220514596227411
"GIT1",0.0220202195900986
"TP73",0.0220192715264417
"RPL31",0.022009353119696
"ACYP1",0.0220084431779713
"MYOD1",0.0219499813045545
"PITPNA-AS1",0.0219484454720747
"WDR59",0.0219262009792215
"MMP16",0.0219250454108619
"PCNX2",0.0219184272798874
"OSGEPL1",0.021904096917998
"NIT1",0.0219013938260698
"DCSTAMP",0.0219010799265314
"TMEM200A",0.021865054112843
"CTXN2",0.0218631714327683
"NDUFA1",0.0218599233821882
"KRT28",0.0218569583263263
"LINC01410",0.0218564441506063
"GABRA5",0.0218464705065962
"LINC01138",0.0218347089184039
"AGER",0.0218110617502485
"ZNF561-AS1",0.0218086918928237
"VPS13C",0.0218029339065937
"USP45",0.0217816474321244
"PROK2",0.021768432865026
"ATP10B",0.0217617137637846
"ACAD10",0.0217497057111907
"IGLV5-48",0.0217455412598759
"CCDC191",0.0217319829512984
"ZNF865",0.0217307097621583
"METTL21B",0.0217124368948301
"RGL1",0.0216978027624607
"GIT2",0.0216870857871871
"MS4A4A",0.0216822345216175
"ASIP",0.0216647669102252
"UCK2",0.0216595805833168
"RPL7P47",0.0216250085759989
"BBX",0.0216174331195076
"MMD2",0.0216061057246664
"NUP160",0.0215997847872802
"TRAV6",0.0215730808444574
"FAM182A",0.0215520342335837
"PDCD2",0.0215427970679019
"FENDRR",0.0215409179301567
"FER1L6",0.0215319750842075
"SESN2",0.0214957820431513
"CDK17",0.0214924372288064
"SFXN1",0.0214872861016682
"SDHAP3",0.0214849728598163
"NRP1",0.0214650319124305
"COL13A1",0.0214532910809119
"SLC12A3",0.0214426800223027
"FAM104A",0.0213911930395873
"BEX4",0.0213887868099962
"NDUFB9",0.0213855088108215
"LINC00960",0.0213736041335936
"SLC35G5",0.0213716899052071
"DISP3",0.0213687913323085
"PATE1",0.0213583547233478
"C9orf78",0.0213427776512252
"EVC",0.0213342706993249
"METTL2B",0.0213306434984619
"DNMT1",0.0213283590730765
"CAB39",0.0213030098576776
"RP11-475N22.4",0.0212984833544717
"RAB35",0.0212954268823673
"CORO1B",0.0212942530043464
"CLCA1",0.0212788206621003
"SLC37A3",0.0212697637413427
"SPATA6L",0.0212565957831785
"CPNE1",0.021244119660087
"SAXO2",0.0212353834330908
"ZDHHC20",0.0212310688286579
"RTKN2",0.0212243001954256
"LINC02282",0.0212136831823431
"REG4",0.0212000113757765
"PHLPP1",0.0211951853567897
"PGLS",0.0211948978053766
"SDE2",0.0211828903643682
"OSBPL7",0.0211793196946892
"TRMT1",0.0211490860039754
"MUS81",0.0211389796019575
"UBE2I",0.0211163650011768
"LBR",0.0211026692422914
"RNPC3P1",0.0210822550694294
"AOC4P",0.0210604158532606
"CFTR",0.0210588250787646
"LY6G5C",0.0210077104559599
"KCNJ1",0.0210061561143717
"SHISAL2A",0.0209634322713657
"CYP4F30P",0.0209261143092855
"PTPRO",0.0209248371148757
"CD14",0.0209198984928103
"UBA3",0.0209111104283169
"ZIM2",0.020910379849048
"ARL17A|ARL17B|LOC100996709",0.0209085503513082
"PFKFB3",0.0208870908020063
"KRTCAP3",0.0208821467165334
"RPL23",0.0208709088501794
"TAS2R16",0.0208383131407747
"FGFR4",0.0208327649853045
"LINC00852",0.0208268803324583
"DOP1A",0.0208171596239067
"IDE",0.0208159072589657
"AKNA",0.0208106231095735
"ARHGAP29-AS1",0.0208058310742931
"KRT18",0.0207977380533033
"ITPR3",0.0207963517796282
"NIPSNAP3A",0.0207963314851076
"GLTP",0.0207860169278497
"STAT5B",0.0207788321103056
"BRI3",0.0207741673647932
"RNASEH1",0.0207714338898104
"NTSR1",0.0207653007793847
"SLC44A5",0.0207570300421971
"MRGPRX2",0.0207565887012031
"ZNF208",0.0207499991629397
"PHF13",0.0207454602905163
"TTC13",0.0207453267000075
"RABGAP1",0.0206855375922618
"NDST1",0.0206758212690797
"STMND1",0.020672667410176
"SLC22A15",0.0206400241460896
"PLA2G6",0.0206398164819232
"C2orf68",0.0206208198825948
"ZSCAN9",0.0206032525241063
"LRRC59",0.0205979258941794
"CASS4",0.0205857337164826
"SLC22A4",0.02058571455797
"MACROH2A2",0.0205457858327937
"DMTF1-AS1",0.0205352768105529
"GPR19",0.0205315714673652
"CD1E",0.0205181149364051
"SORCS3-AS1",0.0205158862603207
"GPSM3",0.0205070969523658
"PNKD",0.0205036772021121
"SERPINA12",0.0205035109213794
"CUTA",0.0204971329878313
"WFS1",0.0204959522528151
"RAB44",0.0204738749443913
"SELENOF",0.0204156666034358
"OSCAR",0.0203865544442112
"PARD6G",0.0203851059602881
"CPSF4L",0.0203746153411558
"BCL2A1",0.0203656364699747
"TMEM8A",0.0203617157542414
"TMC8",0.0203579610550521
"MCOLN2",0.0203324989898894
"SPTY2D1",0.0203288103907544
"PECAM1",0.0203277297341549
"TTC7A",0.0203145074759683
"HNRNPA3P14",0.0203123935830112
"VIM-AS1",0.0202751528926735
"ARHGAP33",0.0202727992703957
"USP43",0.0202167688934787
"KIDINS220",0.0202146025608693
"SPATA25",0.020195523409659
"MRPL41",0.0201828990552173
"LOC105373244",0.0201763518682284
"PNCK",0.0201704318859502
"RPL27",0.0201665766489342
"IFT122",0.0201642910329383
"SPNS1",0.0201243551097614
"RAB11FIP5",0.0201232232173999
"SF3A1",0.0201230940287217
"PCDHB17P",0.0201220049542075
"EIF2B1",0.0201199422990474
"CD33",0.0201117980145803
"TVP23B",0.02008517922964
"GPR83",0.0200786797086165
"NOXO1",0.0200476762281549
"DDX17",0.0200222114472048
"HRG",0.0200192216487329
"ATP8B2",0.0199967223566352
"ADGRE3",0.0199963716830371
"STXBP1",0.0199897123860164
"LRRIQ4",0.0199841227636948
"PNRC2",0.0199763358671982
"NARS",0.0199698085304254
"NXNL2",0.0199473106270903
"AFTPH-DT",0.0199434012501166
"PAPSS1",0.0199431358572579
"OSBPL5",0.0199415227573055
"LINC02018",0.0198972163013509
"PLA1A",0.0198957314060349
"HERC5",0.0198923075149124
"SPTBN4",0.0198876900593298
"TNS4",0.0198819635891743
"ECHDC1",0.0198790444777721
"ST3GAL4",0.0198716325862071
"STARD5",0.0198517267646073
"MYO7B",0.0198510527286337
"EZR",0.019847939961708
"TBCD",0.0198417124679288
"KIAA1143",0.019841450516056
"RAB31",0.0198342549581292
"PDCD1",0.0198314515307725
"EXO5",0.019824158351953
"PPP2R2D",0.019817822402461
"PSMA5",0.019815445127024
"DENND4B",0.0198123188125983
"PYCR1",0.0197754085290425
"LINC00239",0.0197700169448086
"ATOSA",0.0197692307692308
"SCRN3",0.0197567235897301
"TACC1",0.0197410391440926
"SNHG12",0.0197408789625269
"RPS18",0.0197268887107772
"UBFD1",0.019714010959033
"LOC105369760",0.0197043796831894
"CTRC",0.0197007342663826
"NBPF15",0.0196840044395325
"LRRC34",0.019665435827034
"SYCP2L",0.0196638549304454
"RINL",0.0196592974642617
"FLYWCH2",0.0196574658653806
"LOC643014",0.019626362163959
"MSGN1",0.0196098988305043
"ABHD1",0.019596827282008
"TREM1",0.0195851391782531
"SNRPC",0.0195822716186965
"FLVCR1",0.0195788726346603
"AKR7L",0.0195457662710849
"FBXL20",0.0195362317040225
"DPM1",0.0195322681844628
"KIRREL3-AS3",0.0195282638259808
"ACSL3",0.019510606205533
"PTPN1",0.0194776745212472
"PIGT",0.0194623612413632
"FER1L6-AS1",0.019429936261905
"ACAD9",0.0194275977104785
"UIMC1",0.0194174102950535
"PCARE",0.0194154269625202
"ITCH",0.0194076002514838
"TRMT61B",0.0194006866327246
"RPS15",0.0193960522335086
"SPDYE7P",0.0193815348815418
"GLRA4",0.0193704005643966
"MIDEAS",0.0193698640891183
"C9orf135",0.0193693365737314
"PTH2R",0.0193665135296392
"SLC4A9",0.019361751166603
"PTGES3L-AARSD1",0.0193428147310228
"TTBK2",0.0193226605437886
"ERGIC2",0.0193158162497178
"TMEM106C",0.0193059629018526
"CCR10",0.0193036527085042
"PLAC8",0.0193010147696493
"PHF21A",0.019287583701791
"SEC22C",0.0192794579048378
"NDUFS3",0.019265873917158
"P2RY13",0.0191750143993581
"LRTOMT|LRRC51",0.0191723506907627
"CDC27",0.0191687503375608
"CASR",0.0191553967372416
"EPB41L3",0.0191420745746979
"MYO19",0.019134066618229
"ALAD",0.0191317852082413
"TSSC4",0.0191278944786212
"MDP1",0.0191232837234244
"ZNF761|ZNF765-ZNF761",0.0191089545771861
"FAM138E",0.0190891511736044
"FAM13A-AS1",0.0190799811853087
"CADM4",0.0190788935551595
"HERPUD1",0.0190707674629316
"SGSM3",0.0190617067357763
"LOC100505851",0.0190562191021653
"LINC02762",0.0190473858974226
"CNP",0.0190402717262833
"ZNF84",0.0190384430812199
"STARD13-AS",0.01902860727724
"RBBP5",0.0190240424046031
"ENDOV",0.0190110329436108
"RNPC3",0.019010422363372
"GDF15",0.0190055378652649
"ROPN1L",0.0189936429592059
"PKD1",0.0189638960037043
"GJA8",0.0189544710192073
"LINC02431",0.0189489931260605
"EIF2S2",0.018913875224337
"ZBTB37",0.0189104416442344
"KPNA6",0.0189068180549404
"EMILIN2",0.0188996589221283
"NAPB",0.0188767294205146
"POFUT2",0.0188557847647245
"CYP17A1",0.0188508356061373
"RAB14",0.0188505726068422
"BET1L",0.018840879554586
"ZNF728",0.0188269531011764
"STAB1",0.0188263100091689
"MCMBP",0.0188082254147817
"MOSPD2",0.0188031439721877
"MCTS1",0.018786937762938
"IL4",0.0187572687023811
"GNA15",0.0187358248736565
"RAD23A",0.0187311992774161
"NDUFS5P2",0.0187281378569644
"FBXL6",0.0187197924686739
"TOMM20",0.0186945239951173
"POLR1C",0.0186806888642196
"SSR3",0.0186769626986348
"DTNB",0.0186759552801074
"PABPC4L",0.0186736682460536
"PRMT7",0.0186626580150826
"ANKRD55",0.0186603324678541
"ZCCHC13",0.0186362583057944
"TYW1",0.0185803782384857
"ING4",0.0185800816068917
"HOXA1",0.0185624898957877
"EDEM2",0.0185319803835742
"STK25",0.0185310908588439
"ARHGEF10L",0.0185187673473784
"AMOTL1",0.0185016153546071
"BCL10",0.0184830433108224
"RAD54L",0.0184830197736417
"ZNF343",0.0184819780868108
"KIAA0232",0.0184649347477522
"ZNG1B",0.0184615384615385
"PCAT6",0.0184521852507554
"ERCC3",0.0184309879901261
"LPCAT3",0.0184166253980742
"PM20D2",0.0184073268961908
"TRAV14DV4",0.0183906106282991
"PTPMT1",0.0183819330291555
"PPP3CC",0.0183778418922216
"MTFR2",0.0183774750866065
"CIAO1",0.0183718216793225
"UHMK1",0.0183709617795673
"FOS",0.0183661285745193
"GNAI2",0.0183638017104304
"BIN1",0.0183413186721238
"SLC24A1",0.0183281182416296
"PDX1",0.0183253263043638
"TBL1X",0.0183243368239604
"TTYH2",0.0183231737079353
"LOC102724200",0.0183076923076923
"DRD4",0.0183039551469358
"ICK",0.0182988544532736
"LHX8",0.0182971540154133
"CUL3",0.0182804033922128
"RASSF7",0.0182662124785569
"MRPL3",0.0182634865561519
"RAB12",0.0182634395429848
"GLP1R",0.0182450992216761
"ORM1",0.0182431171212538
"CBL",0.0182103418079917
"CACNA1E",0.0182056733866278
"MTOR",0.0182027427357366
"ENPP2",0.0181894756617012
"LONRF1",0.0181851545418045
"OTOF",0.0181707792256522
"NR6A1",0.0181699704300452
"PARS2",0.0181343410356265
"ERMARD",0.0181272423917436
"PASK",0.0181256750160356
"TAS2R4",0.0181245371889501
"EIF2B2",0.018112310168903
"NFS1",0.0180879479707976
"SH3GL1",0.0180848328843939
"LINC01465",0.0180556899991037
"ZC3H12A",0.0180259631308301
"GNAO1-AS1",0.0180245179096934
"HS3ST3B1",0.0180127722503549
"CCNF",0.0180089224593002
"CIT",0.0179924984881943
"FAM111B",0.017969314756561
"RNF217",0.0179624523649288
"OR2T8",0.017937289076236
"DAP3",0.0179157947948547
"RPL32P27",0.0179145900121551
"CLUL1",0.0179067609840464
"CTC-550B14.6",0.0178920413763847
"EPHB2",0.0178871648065507
"C4orf54",0.0178702387563925
"RP11-455G16.1",0.0178674825302823
"LINC02844",0.0178642492650081
"LOC652549",0.017862391495898
"MCM4",0.0178432345459258
"CD302",0.0178430358344137
"MRE11A",0.0178307751110739
"CLCNKB",0.0178223525714389
"MAJIN",0.0178199615861896
"VPS28",0.017799524873834
"KLHL42",0.017778294535136
"MS4A12",0.017771569988959
"NHSL2",0.0177689145106757
"SYNGR2",0.0177364758978459
"UBA7",0.0177239001024802
"MEF2C-AS2",0.0177197500944288
"MS4A6A",0.0176973130516331
"LARP4",0.0176868643250938
"SLC28A1",0.0176831200375791
"BMS1P9",0.0176727119782747
"CXCR3",0.0176567733872414
"TRGC2",0.0176388897178442
"ZNF407-AS1",0.0176344089832691
"PPP1R32",0.0176022330930786
"TMEM50A",0.0176001867143683
"HAT1",0.0175797988523654
"HPS3",0.0175684820430125
"LINC02731",0.0175590986358271
"CETN1",0.0175588926312233
"PTPRD-AS1",0.0175239986453716
"TCF20",0.0175167956214884
"C5AR1",0.0175134248289022
"ACTA2-AS1",0.0175123078517077
"SMPD1",0.0175088981100247
"THYN1",0.0174926173417161
"YWHAB",0.0174761860902893
"ESYT2",0.0174708957817081
"FBXO31",0.0174706042079796
"MAOA",0.0174661858922667
"RPGRIP1",0.0174602541468449
"OR51B4",0.0174548985834361
"PAQR5",0.0174504825808308
"TRAV12-2",0.0174478899961114
"ST3GAL3",0.0174463034475191
"FYB1",0.0173968376558553
"NPIPB3",0.0173927672358066
"ANKIB1",0.0173843679561699
"MRPS6",0.0173838433712573
"SERINC1",0.0173648167407241
"DTL",0.0173630173742327
"ZNF330",0.0173605860539935
"GPR171",0.017335946289104
"SRGAP3",0.0173220135752219
"CEP104",0.017315987377457
"CMPK2",0.0173109906429194
"TAF11",0.0172927027537044
"GHRH",0.0172900261997652
"MAN1A2",0.0172697320803076
"SPEN-AS1",0.0172615374653913
"CHST2",0.0172507856695114
"LSM1",0.0172476814058372
"DPP3",0.0172196343407921
"OSR1",0.0172073149703681
"NKX2-4",0.0172016606563331
"POLR2C",0.0171998065083187
"INSYN2B",0.0171972430223699
"AC007292.7",0.0171894777772688
"POU6F1",0.0171860270724966
"LITAF",0.0171597835128424
"DEF8",0.0171255091151522
"UNC5C",0.0171223305328188
"DNMT3L",0.0171098899246803
"DGKQ",0.017087413649765
"MFSD5",0.0170825086522941
"POLD1",0.0170768865732366
"STAG3L4|LINC01372",0.0170732558129614
"USP27X-DT",0.017071458044412
"CFAP95",0.0170445338253275
"BFSP1",0.0170415708783291
"SNRNP25",0.0170141433660443
"ADAM9",0.0170092613945082
"MZB1",0.0169907947032134
"MED18",0.0169902258634388
"AGFG1",0.016968575353839
"POLI",0.016903510727118
"CACNA2D2",0.0168927975128769
"POC5",0.0168841284085261
"TASOR",0.0168657353492809
"TLR6",0.0168214097877587
"RPL18",0.0168085831178002
"MPP1",0.0168055091550358
"ATG9B",0.0167897382319927
"ARHGEF12",0.0167862075933143
"YPEL5",0.0167652935784131
"TIE1",0.0167572842888646
"HOXA13",0.0167559396481941
"CD5L",0.0167486212218878
"XRCC5",0.0167462374682119
"MAEA",0.0167399548440741
"B3GNT9",0.0167171432388357
"APOC4-APOC2",0.0167078454935065
"CNMD",0.0167067410149704
"SERTAD3",0.0167013821497635
"ANKRD45",0.0166954753744087
"RBM27",0.016695091200229
"GHRL",0.0166916162304339
"SYN2",0.0166911277521448
"SAR1A",0.0166777664793181
"ZSWIM6",0.0166746470640157
"REEP4",0.0166635856650555
"SOGA1",0.016630475715814
"KLHL15",0.0166208596506803
"KBTBD4",0.0166110176163783
"FZD3",0.0166012974154876
"ERP29",0.0165915602643815
"LINC00926",0.0165818107242124
"CFAP107",0.0165791708669882
"CPA1",0.0165646476774543
"RNASE2",0.0165545849364745
"INKA2",0.0165514297750133
"ABCC2",0.0165359712784019
"HRH2",0.0165213931902744
"CAPSL",0.0165091771501645
"OXLD1",0.0165020797464913
"IGLV7-46",0.0165002632835712
"CEACAM8",0.0164961409695099
"SMNDC1",0.0164961067010074
"PDP1",0.0164871824359548
"CA5A",0.0164842912547397
"GXYLT2",0.0164823167981214
"TRIM6",0.0164776402658853
"BCAR4",0.0164641059378319
"BNIP3",0.0164533809020238
"PGLYRP2.1",0.0164525527868235
"TTC32",0.0164523999675598
"SRSF9",0.0164279095679316
"CPPED1",0.0164123710096945
"NPIPB4",0.0164050784485631
"MOGAT2",0.0163923475573127
"ABCB9",0.016387659103675
"RPS14",0.016361976666517
"LRRK2",0.0163237288553773
"HTR6",0.016320426704586
"SLC52A3",0.0163085124381347
"CDC42BPB",0.0163031004611801
"AVPR2",0.0162988038245056
"TOE1",0.0162980074875453
"CLEC2D",0.0162691618610861
"ZNF668",0.0162670809146157
"SIK3",0.0162077522631351
"RPA2",0.0162012322185206
"ABCA12",0.0162008587486038
"TTC7B",0.0161871718975481
"GEMIN2",0.0161728681012704
"HHEX",0.0161689373829172
"ERG",0.016150191480543
"ATF7",0.016134932744505
"RAB25",0.0161254894083732
"MBNL1",0.0161237094645456
"TOM1L1",0.0161207435100594
"ZDHHC12",0.0161134642395506
"PLA2G3",0.0161078102261352
"TPM3",0.0161026431159508
"MED15",0.0160951681828044
"IRF3",0.0160801888437042
"HSPH1",0.0160657018860237
"PLCL2",0.0160556815117789
"KRBA1",0.0160434750163394
"DYRK1A",0.0160329889660584
"DCTD",0.01602951904207
"STXBP3",0.0160151087187258
"FCGR1A",0.0160011507148968
"ERCC2",0.0160000820258682
"BAG5",0.0159970916366188
"POLQ",0.0159969510132466
"IFT57",0.0159966017137352
"LRRC4",0.0159954311245424
"DNM2",0.015977651805984
"ADAMTS7",0.0159687227416399
"C21orf33",0.0159517175411263
"HPS6",0.0159506971759527
"ADGRD2",0.0159352231947132
"FLJ40194",0.0159019692841515
"EXOSC7",0.0159009296223775
"LYRM4-AS1",0.0158853847070929
"MYL6",0.0158825965969621
"TEN1",0.0158747404484419
"PSD2",0.0158537541593951
"FMNL3",0.0158486828800157
"ANTXR1",0.0158450834368816
"CCL17",0.0158333259054844
"ZNF43",0.0158202692191126
"AREG",0.0158168450904335
"C2orf80",0.0158155841429732
"SETDB1",0.0158111170530106
"SIX3",0.0157961787221547
"TDRD3",0.0157928225218761
"TUBB4B",0.0157762845331734
"STRADA",0.0157716336605026
"ACTR5",0.0157680969257716
"OARD1",0.0157425443012734
"PRKAG1",0.0157310712861557
"NDST3",0.0157306209091736
"ADNP2",0.0157293493959976
"NR2F2",0.0157243703702936
"EPHX4",0.0157077015706391
"CD109",0.0157068411987437
"APLP1",0.015701082451444
"ANKZF1",0.0156973718331923
"EOLA2-DT",0.0156892401330614
"LINC02446",0.0156721781651598
"PLEK",0.015657145050806
"INTS6L",0.0156479713171402
"LINC01303",0.0156460885071979
"WSB2",0.0156437497124327
"FAM47E",0.0156236202416423
"HS3ST3A1",0.0156203411620735
"MIR548O",0.0156153846153846
"TTC33",0.015610791580065
"PLCD1",0.0156066236045169
"PRL",0.0156000817360779
"FGA",0.0155957828968497
"CCNYL1",0.0155888751877656
"LINC00649",0.0155685382996841
"BSG",0.0155486557492038
"ATP6V0C",0.0155231187743316
"BTNL8",0.0155216124422616
"ERICH5",0.0155201517704239
"DKK1",0.0155195270467966
"UROD",0.015517290934811
"MRPS35",0.0155131280142234
"MARK3",0.0155089920190977
"AIM1",0.0155080839368544
"GPHN",0.0155050990790416
"SUPT20H",0.0155013791637315
"LHX6",0.0154881624255137
"AFG3L2",0.0154724585579191
"ISL2",0.0154637428082978
"RBPMS2",0.0154361793801946
"BCO1",0.0154347328046625
"OAZ2",0.0154263194657278
"AURKB",0.015415607517683
"CNGB3",0.0154042476950434
"TRAV19",0.0153873057286448
"MLX",0.0153505934310447
"CPTP",0.0153016834702007
"IARS2",0.0152586377587936
"CD300H",0.0152307692307692
"CHP2",0.0152020428938216
"ZNG1E",0.0151538461538462
"JUND",0.0151051035448002
"IGHG2",0.0150819853599905
"LAP3",0.0150739297808566
"SLC5A7",0.0150736575205511
"NELFA",0.015063085527368
"LOC105370489",0.0150628079931154
"CMIP",0.0150540791016849
"RRP15",0.0150478634065313
"WASHC3",0.0150444894281917
"NINJ2-AS1",0.0150382129312331
"HTATSF1",0.0150279012596694
"TBC1D7",0.0150270404458744
"HK2",0.0150270170611416
"NR2C2AP",0.0150248886126235
"COLCA2",0.0150072863804528
"CAPZA2",0.0149899155665815
"EFNB1",0.0149825357767246
"SH2D2A",0.014975334232182
"KIF20B",0.0149604927462761
"PEX5L",0.0149577518700285
"FNBP1",0.0149569223023959
"SDR42E1",0.0149417200199939
"CRYBG1",0.0149370075358605
"MIR223HG",0.0149230769230769
"SELENOK",0.0149140560333923
"NPIPB5",0.0149058158517875
"SMIM10L1",0.0149046146253685
"MAFG-DT",0.0148837888128965
"CDKN2AIPNL",0.0148814735682655
"NLRP12",0.014872252687758
"EBP",0.0148665654665911
"SLC25A26",0.0148419381131287
"OR10H3",0.0148323333332312
"MOGS",0.0148317764027898
"VCPKMT",0.0148237848114249
"PTPN6",0.0148221654022738
"TIMM21",0.0148013379712436
"RAC3",0.0147997217474041
"ANKLE2",0.0147981313209683
"ATP13A5",0.014772769906772
"UQCC6",0.0147692307692308
"SCAMP4",0.0147687282997661
"WWP2",0.014742906909036
"DIEXF",0.0147423872721548
"TMEM51",0.0147274860485378
"PI4K2B",0.0147194355985719
"NEXN",0.0147161577567342
"CALCR",0.0147102948969044
"NAP1L4",0.0146985148485384
"NLE1",0.0146735865561928
"TNFAIP3",0.0146701252942402
"ASAP2",0.0146631515635678
"RPP40",0.0146596403455421
"SIRPB2",0.014612144444062
"GLB1",0.0145982452551784
"PHB",0.0145953858756747
"CENPT",0.0145846677429387
"CCNDBP1",0.0145794539875665
"MMRN2",0.0145532763875599
"TCHH",0.0145410865535965
"CYC1",0.014532792558404
"ST14",0.0145303560737186
"HMGN1",0.0145180981192211
"LINC01914",0.0145128223420252
"DCAF4",0.0145017550351029
"MKRN2",0.0144905508525113
"MAP3K12",0.0144872292683985
"ZSCAN21",0.0144839983272204
"SLC9A6",0.0144824986973568
"SCAP",0.0144819891221965
"LCN12",0.0144815848962674
"CCL1",0.0144719781030033
"NECAB2",0.0144601604576219
"PEA15",0.0144437646580128
"LETM1",0.0144130918539253
"ZNF649",0.0144001642516039
"OSTF1",0.0143931113184125
"INTS3",0.0143861045994651
"SLC39A13-AS1",0.0143846153846154
"HSPD1",0.0143697216323552
"LINC00622",0.0143526753879165
"SLFN13",0.0143509477341714
"SMG5",0.0143509402864241
"IGFBP4",0.014340131973707
"GRIK5",0.014329489569703
"PWWP3A",0.0143144604313962
"IGLV10-54",0.0143076923076923
"ZFTRAF1",0.0143076923076923
"SBNO2",0.0143058523501647
"ABCA9",0.0142763129405083
"LCORL",0.0142707584695648
"LINC00301",0.0142642014380749
"PPP1R21",0.0142633463331835
"MAP3K9-DT",0.0142588966877511
"EPHA2",0.0142565029805721
"USP4",0.0142545958074501
"CUL5",0.0142494160290249
"ATAD3B",0.0142083627384746
"LOC728743",0.0142037466173772
"EED",0.0141756216218046
"ZCCHC10",0.0141282936872263
"FGR",0.014120843286471
"KNG1",0.0141158520623348
"RTN4",0.0141139798819143
"KLRC1",0.0140930928845429
"LINC00571",0.0140908418626429
"SGMS2",0.0140806662896077
"HCN2",0.0140667616142118
"TAF2",0.0140571330005716
"PHLPP2",0.0140139005680128
"RNF220",0.0140138712804278
"SLC6A9",0.014003040970346
"WFDC13",0.0139826128598806
"RGS16",0.0139782293102214
"IFFO2",0.0139713913535817
"WDFY3",0.0139487948594705
"PSMB5",0.0139292612464787
"YPEL3-DT",0.0139230769230769
"HACD2",0.0139183860017284
"RIN1",0.0139169552908868
"ARFGEF1",0.013916938978416
"CCDC57",0.0138832444411226
"DDI1",0.0138810828211671
"UBAP1",0.0138772133123556
"TEX53",0.0138759444101657
"GLT1D1",0.0138644669870694
"TRAV4",0.0138524853062859
"MIGA2",0.0138455865612722
"COX1",0.0138443638048775
"MAP3K20",0.0138314982931557
"EFNA5",0.0138266109533583
"KRT76",0.0138161029782129
"FCHSD1",0.0137891520874822
"TMEM229B",0.0137867166215488
"MAP3K19",0.0137795621061864
"FIG4",0.0137687470974703
"ZFP91",0.0137505043852269
"NCF4-AS1",0.0137429467852606
"CASC23",0.0137324598994164
"ALOX15",0.0136880529034437
"SIX4",0.0136782822204848
"PRM1",0.0136648474473766
"UTP4",0.0136455925978951
"USP15",0.0136385918980856
"CCDC137",0.0136340584571445
"CNGA4",0.0136319230250461
"ABLIM3",0.0136216363432618
"EEF1A2",0.01361298525979
"TTC9C",0.013606319950436
"DOCK1",0.0135951998707497
"PALMD",0.0135904302976804
"ZNRD2",0.0135888695040129
"MVB12A",0.0135865596317138
"PTK2",0.0135818480838927
"RPL31P49",0.013579227365506
"PPP2R3C",0.0135768318742785
"CARS",0.0135671640410078
"VGLL4",0.0135663466326714
"GPALPP1",0.0135624824695202
"UBE2J1",0.0135599054377375
"CLDN24",0.0135596927697863
"ATP11A",0.0135533972148291
"ASAP3",0.0135525818299255
"DCST1",0.0135436320584538
"SFRP5",0.0135409081807829
"GNPNAT1",0.0135352689742679
"RFC4",0.0135192117453029
"STMN3",0.0135174883599165
"INGX",0.0135135014667599
"TMEM45B",0.0135129797389212
"API5",0.0135077021989212
"ADAM33",0.0134908800631812
"KRT8P19",0.0134829423644307
"THNSL2",0.0134652546901239
"CLBA1",0.0134626528537929
"LPAR4",0.0134548584450742
"GSTZ1",0.0134492843347845
"ZNF22",0.0134472951347313
"CNKSR2",0.0134399844986189
"MX1",0.0134399077975155
"TLR10",0.0134267729404513
"C12orf43",0.0134267295733726
"ENPP1",0.0134025391704064
"PSTPIP2",0.0133958081226055
"RCVRN",0.0133936452458176
"AMER1",0.0133753449639702
"RUFY2",0.0133752676043268
"GFOD2",0.0133743419280782
"NPFF",0.0133726431983789
"PFKL",0.0133694359431073
"PHF6",0.0133627110117408
"TCL1A",0.0133623708640083
"ANAPC13",0.0133586960938545
"ILRUN-AS1",0.0133557226179504
"OSMR",0.0133492926779044
"TCN2",0.0133104879991214
"NEDD8",0.0133091248514662
"PARP1",0.013299666627151
"PRSS3",0.0132904111171726
"EYA4",0.0132867465242524
"FZD1",0.0132645466718764
"MT1E",0.0132304200453515
"RPL7L1P8",0.0132186364368447
"TAL1",0.0132116800740472
"MIR9-3HG",0.0132011270318274
"F2RL2",0.0131977512787868
"ZBED6",0.0131834570529409
"NCAPG",0.0131761529319764
"CTBS",0.0131587179850748
"GRK3",0.0131428571916459
"LAMA5",0.0131372729531097
"CLDND1",0.013130258214199
"TRANK1",0.0131279205114195
"AXIN2",0.0131272803575512
"THUMPD1",0.0131266753465835
"DUSP28",0.0131149342967318
"NPC2",0.0131125793488699
"ASPM",0.0130972788872155
"RBBP4",0.0130802079068095
"VAMP7",0.0130787633146827
"PRKAA1",0.0130656707891458
"SNAP23",0.0130590989855701
"CCAR2",0.0130519672376449
"CDC42BPA",0.0130408431197918
"SLC26A5",0.0130352414267083
"OR2C1",0.0130328315646212
"STK32B",0.0130275866935083
"C1orf210",0.0130160597181693
"ZSWIM1",0.0130084289150579
"TOP3A",0.0130054074766492
"SYTL1",0.0130019719246248
"LINC02273",0.013
"FKBP3",0.012996869058225
"LRRC72",0.0129738845098382
"KLHL11",0.0129492374880537
"DOLPP1",0.0129390734436292
"RP11-4F22.2",0.0129383043265949
"SMDT1",0.0129376134690028
"RAB6A",0.0129335232113792
"FGF1",0.0129284646412462
"AFG2B",0.0129230769230769
"MTCH1",0.0129142749669732
"CLVS2",0.0129051908473504
"MAIP1",0.0129039316066225
"SDCBP",0.0128800778707319
"POU4F2",0.0128732365579784
"TNFSF8",0.012870369057596
"OSBPL3",0.0128696295582106
"PSKH1",0.0128506231681416
"ATOSB",0.0128461538461538
"SLC16A6",0.0128376657428927
"HSH2D",0.0128339029514646
"ZNF292",0.0128307048148087
"CAP2",0.0128204639714033
"FHIP2B",0.0128009863312722
"SCFD2",0.0127894261132662
"TNFSF14",0.012788238390365
"TRAV24",0.0127692307692308
"GAS6",0.0127686604178262
"SPECC1",0.0127682104414514
"PLAC4",0.0127613531964292
"ANO8",0.0127589828938302
"APC2",0.0127440325114527
"THOC1",0.0127427537007051
"DEFB129",0.0127162907273838
"ADPGK",0.0127124832106586
"RSRC1",0.0126974810976276
"TXNRD1",0.0126615846858996
"LRIT1",0.0126490993077435
"TRAV8-4",0.0126153846153846
"PRPF38B",0.0126110908362382
"ZBTB48",0.0126004236504374
"AKAP4",0.0125918611475448
"MAN2B2",0.0125917649641483
"ITGAL",0.0125827582078844
"B4GALT7",0.012580017122241
"EIF2S1",0.0125737792866102
"SEC22A",0.012558004194132
"CRMP1",0.0125502543602775
"ADAP2",0.0125496569407035
"TBC1D22A",0.0125148137196351
"OXT",0.0124884024829098
"TPMT",0.0124883530403077
"YBEY",0.0124685762955698
"C1QTNF4",0.0124536060624846
"RPL14",0.0124485584722343
"LRFN4",0.0124478875196207
"ZNF284",0.0124302531735862
"RASL10A",0.012405234305746
"CSF2RB",0.0123932646935641
"DGKB",0.0123899858771815
"TTLL3",0.0123824717893942
"SUN1",0.0123748575822122
"BPIFB3",0.0123543028981715
"IL10RA",0.0123078090955805
"PLEKHH1",0.0123077142019235
"XKR8",0.0122773437639414
"RBM15B",0.0122083743836366
"SLC4A2",0.0121952143637786
"KIF2C",0.0121794232214062
"PSIP1",0.01217892276503
"LOC100420226",0.0121560394488833
"NFXL1",0.0121470590739361
"TXNDC9",0.0121412524563698
"FOXE1",0.0121367261984292
"RAB22A",0.0121141356894615
"ITPKC",0.0120997086162383
"C21orf91",0.0120957725672763
"OSGEP",0.0120783906609149
"RPL19",0.0120718840950211
"CCND3",0.0120618385012956
"NLRP6",0.0120259520897552
"LRCH3",0.012023532299685
"H2BP9",0.0120205992056439
"KLHL9",0.0120170701493952
"SNX6",0.0120166408381347
"POU2F2-AS2",0.012
"THBD",0.0119859607637267
"F11R",0.0119856736498783
"KL",0.0119719005219309
"CCR7",0.0119581598122595
"SMIM3",0.0119519675606527
"TP63",0.011935961771392
"NT5C1B",0.0119322971710704
"RC3H2",0.0119214070464064
"CGB2",0.011917808811142
"RASAL1",0.0119027914714118
"PDE4DIP",0.0118795249432591
"PRCC",0.0118692128665173
"GPR34",0.0118615279285772
"COMMD10",0.0118578549970358
"FAM151B",0.0118497088409177
"CDH23",0.0118488121907977
"CCR5AS",0.0118461538461538
"LANCL1",0.0118388051916327
"PGLS-DT",0.0118356951188949
"LINC02869",0.0118310253163952
"CPNE5",0.0118193272946392
"LMO2",0.0118140204943568
"CACNG8",0.0118134478042695
"MNAT1",0.0118109675706499
"B4GALT5",0.0118053018469632
"IFT43",0.0117915894711213
"SETD5",0.011758751614816
"RPL17P20",0.0117521860665057
"S100A7",0.0117507403648815
"PSME3",0.0116969046640693
"C2CD6",0.0116873122958576
"ZNF701",0.0116803788019794
"TMEM158",0.0116790490905793
"TPH2",0.0116762255554939
"PGRMC2",0.0116709150201111
"NEFL",0.0116699824144609
"LSM2",0.0116604362262777
"GDAP2",0.0116600384560233
"KRTAP15-1",0.0116595862269357
"VDAC3",0.0116528801211255
"CEP83-DT",0.0116432790501648
"PCDHGB2",0.0116407799478706
"DDB2",0.0116377130947831
"SMG6",0.0116288029085988
"WEE1",0.0116191082938908
"OSBPL9",0.0116184189684499
"RC3H1",0.0116084712087739
"PCED1B-AS1",0.0116050096977139
"PARP12",0.011603929129639
"RPAP2",0.0115571358356838
"ERCC6L",0.0115565704279873
"CCNY",0.0115290234665396
"SOAT1",0.0115224295948207
"CTNNBL1",0.01151584929922
"KAZALD1",0.0115156799296565
"CRX",0.0115007304109013
"ZCCHC9",0.0114652544179883
"FOXQ1",0.0114276862174821
"DENND1A",0.0114194156229585
"VAV1",0.0114026545851917
"CNBP",0.0113739802523649
"SEMA3C",0.011362231096603
"GSTM4",0.0113391551359454
"VPS16",0.0113374853483086
"MLKL",0.0113367197176318
"GCFC2",0.0113222194320296
"TNKS",0.0113099315958851
"TNFRSF4",0.0112943417675619
"PAM16",0.0112869249872381
"VPS39",0.0112866701119297
"RGR",0.0112838069769352
"TYMP",0.0112748095491309
"STOML2",0.0112721456726107
"STUB1",0.0112447507764201
"HEPN1",0.0112335160087866
"NDUFS7",0.0112311659565841
"CHD7",0.0112205176082159
"TCEAL1",0.0112185921746152
"BAALC",0.0112159617943838
"RNF148",0.0112056301044074
"TMEM144",0.0111732083581632
"ZBED5-AS1",0.0111709224911848
"KCTD12",0.011170545754123
"PRAG1",0.0111425565218328
"CCND2",0.0111415542910651
"TCP11L1",0.0111361396513526
"ALG1L8P",0.0111171603452815
"ERFE",0.0111143595254142
"SLC9A8",0.0111095568201184
"NMRK1",0.0110959937735592
"GPR162",0.0110893439436298
"ORC4",0.0110863168655913
"RARS2",0.0110667747992687
"ELAPOR1",0.0110584608313402
"LUCAT1",0.011052564388905
"MAP4K1",0.0110511195557577
"GTF2E2",0.0110493266470148
"MAK16",0.0110456568788834
"SOSTDC1",0.0110397759942894
"ITM2B",0.0110225796642148
"RTF1",0.0110222703221102
"GPR39",0.0110220726618284
"TRABD2A",0.0110183147530139
"PGGT1B",0.0109897364820035
"MFGE8",0.0109739785680209
"LINC01686",0.0109657109856475
"CDH12",0.0109481746613602
"KLHL5",0.0109444126322632
"GDAP1L1",0.0109435227489345
"PCDHGA8",0.0109389770910127
"TMEM170B",0.0109379932193206
"TMEM104",0.0109349856290871
"DCTN5",0.0109348465662559
"KRTAP10-7",0.0109329589964711
"MAML1",0.0109217281146077
"CST11",0.0109160275198751
"SH3D21",0.0109008178852136
"FSTL5",0.0108902192185174
"GRHL1",0.0108651823534902
"TMPRSS15",0.0108406856243414
"DOK3",0.010840539205253
"TFAP2A-AS2",0.0108194671169718
"PPM1M",0.0108129768630263
"ZNF747-DT",0.0108087914691183
"PIWIL1",0.010805810405144
"STK24",0.0108024649782968
"SNAP25",0.0107853455218704
"STX17",0.010778223621174
"PRPSAP1",0.0107773326766782
"TCP1P3",0.0107769554995897
"GNE",0.0107755665653835
"PUDP",0.0107724295358308
"ARMH3",0.0107713322975868
"SLC15A5",0.0107681476806784
"SNX22",0.0107411856514139
"SULT2B1",0.0107366437738596
"RNF38",0.0107155157571704
"RPUSD3",0.0107154689392088
"RWDD4",0.0107152398682143
"ECHS1",0.0107112262897744
"ZNF28",0.0106865009471418
"PLXNB3",0.0106835704589487
"CD3D",0.0106807724570819
"RRP36",0.0106783010274505
"TADA1",0.0106626795146019
"CD177",0.0106345574745088
"TRIM51BP",0.010625831168112
"LOC105370105",0.0106087426129342
"DBR1",0.0105865133939868
"CYRIA",0.0105829224893128
"COA8",0.0105794990101994
"BMP6",0.0105773075721059
"FFAR4",0.0105716452775834
"ATG7",0.0105675919202441
"ITGAX",0.0105534146421488
"WAC",0.0105527372788908
"WDR36",0.0105441631609642
"HBE1",0.0105120659118046
"STXBP6",0.0104913259183164
"SUGT1P3",0.0104852639565631
"USP42",0.0104746897932105
"FAM169B",0.0104736086779746
"KIF26B",0.0104723091481128
"LINC01785",0.0104709330378387
"TIAL1",0.0104672617242104
"DNAH1",0.010453677584689
"SEMA6D",0.0104212727269558
"CALU",0.0104145761537583
"ATP5F1B",0.0104052881885214
"TRAV5",0.0103846153846154
"NMRAL1",0.0103825274985509
"ARID3A",0.0103706219273223
"MOG",0.0103691598805786
"QKI",0.010360154556053
"UBE2Q2L",0.0103591491459674
"RPN1",0.0103373235216192
"PIERCE2",0.010313889694058
"DMKN",0.0103135633649841
"ZCCHC8",0.0103009367169059
"PRORP",0.0102981671357113
"TMEM115",0.0102976697004632
"LINC01806",0.0102939918198514
"AMOTL2",0.0102758187534297
"SYAP1",0.0102581086415215
"SLC18B1",0.0102531864503264
"DCTN4",0.0102464940155446
"NDUFAF7",0.0102446575651816
"ENTPD1",0.010244005568061
"ZNF398",0.0102426908530343
"LIPC",0.0102297209325634
"KLF6",0.0102199819156517
"RPL26L1-AS1",0.0102181327484263
"EFR3B",0.0102000839137904
"SLC30A1",0.0101988076408946
"TAGLN3",0.0101935621733557
"KREMEN2",0.0101861655383501
"NARFL",0.0101853641546261
"CLDN15",0.0101713517618416
"TRBV7-6",0.0101537769973755
"REEP2",0.0101474520726538
"SHKBP1",0.0101412020562559
"NECTIN2",0.010137560493753
"MBLAC1",0.0101354185568123
"ANXA9",0.0101262748514462
"DSTN",0.0101221433508753
"SPG7",0.0100972960133692
"SUSD1",0.0100945028882632
"RPEL1",0.01009121538933
"DOK4",0.0100863408203261
"APOA1",0.0100814896915704
"TBX15",0.0100790057563809
"FERRY3",0.0100769230769231
"KLHL14",0.0100750956386333
"NPPA",0.0100496735543037
"DPAGT1",0.0100337915109514
"CEP120",0.0100164783526352
"PRMT3",0.0100007178830378
"GSN",0.00997626743200513
"CACNA2D4",0.00997550977630928
"UPP1",0.00995219102581094
"PRDM6",0.00994776118081751
"COLEC11",0.0099349257832691
"DCUN1D2",0.00990148558675602
"ASF1A",0.0098994056483386
"F13B",0.00988344677522342
"DCAF7",0.0098633123118743
"ALG6",0.00985085526566579
"JPH4",0.0098443193901672
"ANKDD1A",0.00983781033182285
"RIBC2",0.00981009409195529
"LACTB2",0.00980434708084521
"RHOG",0.0098038273713094
"TBX4",0.00979033818233971
"TMEM117",0.00978994704616704
"ZNF316",0.00976428989101256
"LINC01504",0.00975857902059583
"OR3A1",0.0097518438608087
"CD40LG",0.00973831443202972
"AKTIP",0.00973800194207391
"MRPL47",0.00972986647590951
"GPN1",0.00971431801713216
"SMAD5-AS1",0.00971043182707265
"IL1RAPL2",0.0097048396363288
"PIP5K1A",0.00969558880363881
"PBX3",0.00968479449212852
"PANK4",0.00966071517944659
"CEP164",0.00965451582601197
"IL7R",0.00964672276881397
"LINC00667",0.00964117515784488
"ACE",0.0096408762369078
"ARRB1",0.00962272935401154
"PTPRT",0.00960856757409928
"SP100",0.00960795421814347
"DOLK",0.00959898862701676
"MED7",0.00959884726661898
"MRPL44",0.0095910407295229
"AK7",0.00958856919236246
"ZZEF1",0.00956124268557077
"HPGD",0.0095599346461426
"MYH7",0.00954327483194372
"BRF2",0.00953102004654283
"ZNF831",0.00953015871641599
"CNDP2",0.00952640969193788
"TMEM167B",0.00952387666039379
"LINC01657",0.00951080958739592
"ACTL6B",0.00950733729302692
"SLC16A5",0.00950210928753588
"GRAP",0.00949966691200257
"MBD3",0.00948921304749076
"PRDM2",0.00948295451852344
"PCDHGA6",0.00948281995249653
"C2orf72",0.0094805421529592
"AARS2",0.00947606115349647
"STX11",0.00946691044401715
"PLEKHB1",0.0094662986157087
"RPL12",0.00946503908610842
"LOC124900372",0.00946153846153846
"TRBV5-4",0.00946153846153846
"SRPR",0.00945916441770019
"SNRPE",0.00945803076906147
"RPL4P4",0.00945609193880831
"HOXA10-AS",0.00944659893983691
"MESP2",0.00943591900222466
"SNCA",0.00943405909726575
"SNX21",0.00943059996738507
"DPYSL4",0.00941005854729201
"NID1",0.00939374814444222
"CHST14",0.00937642616102235
"ATP6AP1",0.0093728606195075
"REC8",0.00935852588348994
"MRPL35",0.00934395210956201
"FAM120AOS",0.0093192685014899
"OXSR1",0.00931790812340129
"CLEC1B",0.00930900379309249
"TMT1A",0.00930769230769231
"TSC22D2",0.0093038761963366
"SMIM30",0.00929829197766741
"PRDX2",0.00928090017555832
"LPCAT4",0.00927501420737982
"SUPV3L1",0.00927431007978319
"RPAIN",0.00927299774858806
"ABCG2",0.00925302502078131
"LINC01664",0.00924832546465432
"FASTKD2",0.00924640765179174
"CENPK",0.00921922833681336
"PGBD2",0.00921522874353828
"MKLN1",0.00920777805009949
"DPH5-DT",0.00920498999137689
"GMPPA",0.00920362523762355
"CD300E",0.0091908679177851
"TEX48",0.00918251742597231
"ZSCAN1",0.0091815261141917
"ELOVL2-AS1",0.00917229829339394
"WDR25",0.00916187082717377
"LRRC49",0.00915494365100656
"SAMTOR",0.00915384615384615
"LIPN",0.00915372842009549
"SLC35F2",0.00914869160442367
"TMEM71",0.00914574501357356
"PCBP4",0.00914179308730755
"COL26A1",0.00913446535392809
"DSC3",0.00910924145754993
"SUSD6",0.00909559394671757
"ALPK1",0.00909260132201381
"MRFAP1L1",0.00908117398544875
"THEMIS",0.00907571913905593
"LAS1L",0.00907558178463272
"LINC00652",0.00906531282594768
"ESM1",0.00906501911800535
"NUDT21",0.0090622271964939
"DUSP23",0.00905599648559204
"BCAT1",0.00904672666071449
"GPRC5B",0.00904340624639379
"RASL11A",0.0090280086996031
"PDILT",0.00902611692584794
"TRDMT1",0.00900382214245737
"FEN1",0.00899945605736532
"BUB3",0.00898666335722646
"MSH2",0.00898203473054997
"UGCG",0.00897324752725236
"C1S",0.00896617382180261
"FAM193B",0.00894188219432814
"CLMP",0.00893695342603694
"NPEPPS",0.00893441726880504
"IFT25",0.00892307692307692
"BIRC2",0.00890822609491272
"RAPGEFL1",0.0089055276147153
"LINC02899",0.00889390714557504
"GID8",0.00888550949749725
"ARID2",0.00887281198228375
"LHX9",0.00886643849612023
"HGSNAT",0.00886173803314677
"RAMACL",0.00885479522511885
"CCDC13-AS2",0.00884615384615385
"BCAP29",0.00883620260501457
"WDFY2",0.00881844603209377
"CYP51A1",0.00881375517675497
"GYS1",0.00879016224667212
"FLT3LG",0.0087774291706745
"EOLA2",0.00876171415052832
"NRIP2",0.00875157634536884
"FBXW8",0.0087411969178392
"ZNHIT1",0.0087386366065924
"MEFV",0.00870494129229183
"GJC3",0.00868079822510058
"DDX4",0.00867949166313254
"PABPC1L2A",0.00867685802191875
"CSN2",0.00866517301053089
"YJU2B",0.00866505796533446
"GPATCH4",0.00864676670490038
"PAX3",0.0086413941306614
"DEPDC1",0.00863960744327112
"ASTE1",0.00863827655638531
"TNFRSF11B",0.00862004024738592
"THUMPD3",0.00861453466979646
"C1orf109",0.00861400659831592
"PLCH2",0.00861127809652139
"TUBE1",0.0085992426792426
"AP1B1",0.00859633595078552
"PCM1",0.00858870038446577
"MAP3K15",0.00858485473839715
"SHPRH",0.00858027962826487
"TRIM39",0.00857236546020854
"FANCF",0.00851826793996098
"MMGT1",0.00850890471581608
"LINC00032",0.0085048098060544
"PRPSAP2",0.00850474288981984
"CLASRP",0.00849188535598119
"CD300LD",0.00848333609130002
"COPB1",0.00847193383045386
"DND1",0.00846994371868286
"TXLNB",0.00846925590568367
"RAD51-AS1",0.00846279859648085
"DPY19L3",0.00844371901925413
"SOCS3-DT",0.00842754926163223
"CCL7",0.00842191149815514
"SEC23A",0.0083895646497799
"LINC01339",0.00837810300489039
"MED1",0.00835389235365568
"ZNF146",0.00835012923105753
"STRAP",0.00831745414702559
"CLEC4F",0.00826714743458975
"ANAPC4",0.00826653300682218
"KLHDC7B",0.00826233005809518
"IL7",0.00823653349591896
"NDUFA13",0.00823584117674618
"RNASE7",0.00822090644651915
"ARPC3",0.0082105847491001
"FOXN3-AS1",0.00820113997701788
"CFAP100-DT",0.00818459659433302
"RAP1B",0.00817657531752247
"CDO1",0.00816914793592961
"CLPTM1L",0.00816845965525318
"STK40",0.00816259151575805
"LINC00293",0.00815337398077708
"DNAL4",0.00813851385024095
"LOC100420981",0.00812894082614316
"PSEN1",0.00812394166709697
"COQ9",0.00812298255421837
"KIT",0.00811852144742588
"PFKM",0.00810992394683842
"UTP11",0.00810273121345805
"BCS1L",0.0080968003290454
"KLHL12",0.00805630335624993
"LIMS1",0.00804912391947115
"SCLY",0.00804511381308681
"CRY1",0.00804486457858175
"SNRPD1",0.00803395219825891
"INPPL1",0.00803381886116798
"PNPT1",0.00803279935284355
"B4GALNT4",0.00800751610024229
"CDK20",0.00800414541253503
"PRKAR1B-AS1",0.008
"TM9SF1_1",0.00799590860596613
"MAP3K7",0.0079773802329299
"EPHA1",0.00797675348483555
"NLRP3",0.00797300961926727
"KPNA4",0.00796612123891918
"TMEM252",0.00796227486626466
"TMED6",0.00796175054285943
"NIM1K",0.00795569097478094
"WDR34",0.00794948922594447
"GSK3A",0.00794854114991285
"ACTL9",0.00794745369300861
"TRAV8-3",0.00793580798701956
"NLRP14",0.00793204189590237
"GNB2L1",0.00792627248233239
"ADNP",0.00792413430623876
"IPO11",0.00792113433779097
"RPUSD4",0.00791872103290104
"LMBR1L",0.00791593556275206
"KCTD13",0.00791413427361836
"BEST1",0.00789661104678063
"LOC439933",0.00787948016741116
"G3BP1",0.00787580107103311
"SHOC2",0.00786593896353205
"ARL13B",0.00786114153524961
"LOC100420019",0.0078592503422259
"GPR107",0.00785924873479367
"CCNH",0.00783933503478692
"INAFM1",0.0078143213351135
"F12",0.00780109171057542
"P2RY14",0.00780044832594815
"CSK",0.00779982059617237
"ANXA2R",0.00779510185780795
"GPATCH2",0.00779374295756329
"FAM120B",0.00778752435960609
"DCTN3",0.00777535959143923
"THUMPD3-AS1",0.00777033541136965
"ARHGAP11A",0.0077644166811539
"FBXO38",0.00776426281229564
"CLASP1",0.00773174845116365
"SNHG20",0.00772266744766011
"IST1",0.00771079211504804
"DNAJC16",0.00770436329036909
"CYSLTR1",0.00769610147028151
"GPAT4",0.00765752115345287
"RNF186",0.00765534882490477
"RYBP",0.00764950519969896
"DUX4",0.00764701851635685
"RABEPK",0.00764077467003464
"SECISBP2",0.00763555154649243
"MPND",0.00761513351040116
"ZNF787",0.00760633179614659
"PSD4",0.00759021743561922
"SLC25A45",0.0075764625492276
"PRRX1",0.00755961478336582
"P2RX4",0.00753904461987825
"BTBD17",0.00751607266943262
"IWS1",0.00751502054122511
"PCYT2",0.00751092691441969
"RMND5A",0.00750587973946786
"RAP1GAP2",0.00748941471537088
"OCSTAMP",0.00748839348664679
"PPFIBP1",0.00748427629069477
"ALS2CL",0.00748064274159182
"NUDT5",0.00746152850325582
"BLOC1S3",0.0074591679375202
"ZNRF2",0.00745244276463235
"CACNA1C",0.00744937306902904
"PCDHB12",0.00744814593330124
"ERN2",0.00742985334008945
"DFNB59",0.00742050055985977
"REM2",0.00741265480372604
"IGFALS",0.00739485729295817
"SLFN12",0.00739133872346846
"TRPC4",0.00738523041835084
"SKA3",0.00738292420521821
"ANAPC1",0.00737900608949326
"TOX4",0.00737100726599566
"LY9",0.00736409901189083
"PPP1R14A",0.00734930850742727
"RRAGC",0.00734588038180639
"P4HTM",0.00732814179855672
"CCDC107",0.00732664633140473
"CCNT1",0.00732569023599212
"SLC6A12",0.00731296489177124
"ADISSP",0.00730769230769231
"RXFP1",0.00730121094820407
"CCDC67",0.00729784154811106
"FOXA2",0.00728988646938763
"PPP1R14C",0.00728740600028509
"REXO1",0.00724296125047088
"ATL1",0.00723726207444144
"TRAV9-2",0.00723076923076923
"LINC01101",0.00722653896299885
"GATA3",0.00722009665018926
"FAM124B",0.00721184379440055
"MUT",0.00720405875225663
"IL1RAPL1",0.00717642565883315
"OLIG2",0.00717624206568265
"COG5",0.00716905524498024
"AGO3",0.00715980188599773
"C12orf54",0.0071596001423044
"ARL4D",0.00713304972016262
"LINC00524",0.00711944106550089
"RDH10",0.00711849668116564
"MEGF6",0.00711073870240423
"SUB1",0.00710829020169858
"KIF5C",0.00710499209093116
"TRAF3IP2",0.0070841053130843
"RRP9",0.00707987626149489
"TKFC",0.00703802650486529
"PPP1R18",0.00703594204575973
"FNDC3B",0.00702928235792917
"SERBP1",0.00702177362776153
"VENTXP1",0.00702056513256633
"INPP5F",0.00698635720415108
"DUSP5",0.00698167438568428
"CALHM1",0.00696200455730922
"IGKV1D-37",0.00695895870618201
"LYN",0.00695407037546453
"IDH2",0.00693705974920183
"MIR3667HG",0.00692307692307692
"TRAV27",0.00692307692307692
"GLG1",0.00690928282041906
"STX16-NPEPL1",0.00690378328241686
"AFTPH",0.00690352484457421
"FBXO9",0.00690174965404524
"IGKV3D-15",0.00688941111413187
"CCN6",0.00688449241770428
"ENTPD7",0.00687114072414808
"POFUT1",0.00686225263457522
"LINC01779",0.00684615384615385
"POU1F1",0.00684372223660132
"CLCN7",0.00681686349054994
"FBXO47",0.00681076010949155
"TRBV28",0.00680762191294197
"CDCA5",0.00676432303970704
"GDF2",0.00675931080669647
"RELN",0.00675742055946113
"C3orf36",0.00675660061895211
"SLC7A11",0.0067547336696801
"GCC2",0.00675352344800134
"LYPLAL1-DT",0.00673066668131897
"CHMP2A",0.00672389374431738
"MGAT3",0.00671908333166652
"ORC2",0.00669390600254308
"GLB1L3",0.00668526007677538
"ASMT",0.0066851330526595
"MORC4",0.0066773682834877
"C11orf21",0.00667315159888334
"BHLHA15",0.0066680336767404
"NUPL1",0.00666681541711712
"NRG4",0.00666427391782861
"ECD",0.00665828338143061
"TXNDC8",0.00665416742252288
"CCNK",0.00663943257795389
"TSHZ3",0.0066393362894713
"ZNF736",0.00663172190021026
"HCAR3",0.0066311733855444
"EYA1",0.00662955422932709
"HYCC1",0.00661538461538462
"XPO7",0.00660897680263962
"SH3GLB1",0.00660815292871457
"MYADML",0.00659673019073992
"ZNF567",0.00655750768637176
"RPF2",0.00655433734303292
"CCER1",0.00654464959846017
"PIWIL3",0.00652657806311474
"EIF2B5",0.00652646279692732
"DUSP15",0.00652009936169553
"GGCX",0.00651826273031775
"SMLR1",0.00650179346525981
"DISP2",0.0064878436770665
"PAK3",0.00647933993158461
"DRAM2",0.00646360902647374
"DIPK2A",0.00646222346482587
"ITGB2-AS1",0.00645720021534982
"RILPL2",0.0064321524585584
"BEND2",0.00642552027420222
"LOC102724594",0.00641452913699767
"DCAF12L2",0.00641318345940543
"COG4",0.00641218304362038
"EBNA1BP2",0.00638623284080855
"WT1",0.00637307321938103
"CD207",0.00635944481732441
"ANKRD62",0.00633963954237604
"MAGI2",0.00633029988889468
"AMN",0.00632453963931251
"MYDGF",0.0063223974684246
"AKR1C4",0.00632006864823291
"IMPDH1",0.00631969864579127
"SLC37A2",0.00631486825854133
"RPS29",0.00630891344973364
"BLTP2",0.00630769230769231
"MUC20",0.00627049616046251
"TYW5",0.00626908012406655
"KCNE4",0.00625610218716919
"SFXN5",0.00625417636240061
"TRAV21",0.00623076923076923
"ASGR2",0.00622959624193955
"MTHFD2L",0.0062267707372771
"CIB1",0.00622438065594739
"WDR7",0.00621898512355716
"OTUD4",0.00621533201689464
"SPATA2L",0.00621315810732055
"CFAP100",0.00621177575504994
"APOA4",0.00620232607095133
"IFNA7",0.00618036640631292
"KLF3",0.00617761361340223
"DPY19L2",0.00617686017932119
"SHROOM2",0.00617648885443518
"HEBP2",0.00616951166158439
"MEIG1",0.00615957686868454
"EMC8",0.00615681677699513
"SLC22A18",0.00615286630771635
"ATG16L1",0.00615055034891995
"SLC44A1",0.00613881717623808
"CAMK2N2",0.00612773414095231
"PPT1",0.00611303112508876
"NINL",0.00611053906695601
"SENP5",0.00609321807932069
"ANKRD52",0.00606808148153501
"GRPEL2",0.00604987157462894
"ESD",0.0060191183598431
"LCP1",0.00601574015752291
"USP38",0.00600391387713494
"TRAV13-1",0.00600072440178335
"SLC16A2",0.00599378001399268
"HCRT",0.00597784249942676
"COL18A1",0.00597070121560963
"MAATS1",0.00595291074914845
"DCUN1D4",0.00595069785016369
"UPK1B",0.00594313952958138
"ATG12",0.00594246706058284
"VRK1",0.00593951185475652
"OR52K3P",0.00592307692307692
"KCTD2",0.00592207331484402
"OGFR",0.00592166646817356
"TTC21B",0.00591862561284201
"NQO2",0.00591164128687087
"FOXH1",0.00590738683941365
"MORC1",0.00590731425316703
"PTH",0.00588510013837597
"PPP2CA",0.00588229201851495
"ABR",0.00587279627480349
"BABAM2",0.00585778306930746
"ACTN1",0.00585612155505369
"PRB1",0.00584650794497962
"TRAV1-1",0.00584617942875451
"DAZL",0.00584323633192013
"UFL1",0.00583941354318552
"MBD2",0.00583464792414374
"TRIM60",0.00583442556818555
"STYK1",0.00583199467038584
"MLEC",0.00582783723305794
"ZCCHC17",0.00582553991253973
"COL1A2",0.00582237880605639
"BPIFA1",0.00581310015457689
"HLA-DPA1",0.00580622028997442
"PPCS",0.00579592267247736
"UEVLD",0.00578032671958006
"TMEM185A",0.00577882932422365
"SEC61G",0.00577849149847633
"CUL4A",0.00576712182808114
"ZDHHC4",0.00575723668755629
"WHAMM",0.00575375723087846
"RPL31P43",0.00575230743283761
"EXOC4",0.00573592229094878
"PPIL1",0.00573214365168363
"PPP1R3B",0.00573172067343919
"LINC00303",0.0057311856664306
"COQ6",0.00573107801444921
"NF1",0.00573071072458706
"SEC13",0.00571973232339597
"DLEU7",0.00569401244197189
"LINC02723",0.00569230769230769
"SLC6A2",0.00566881057636985
"VPS8",0.00565210227382665
"SERPINB3",0.00562544114191816
"RAB18",0.00562503877669752
"GTF2IP12",0.00561954197639947
"TYROBP",0.00561885258247172
"NDRG1",0.00561868968573783
"LHX3",0.00560439351557028
"CDKN1C",0.00558169633327667
"ABRAXAS1",0.0055763998438048
"LOC100130370",0.0055738524307365
"TRAM1L1",0.00555800321312109
"TENM1",0.00555756016934891
"RPS3A",0.00555312703463449
"G6PD",0.00554297740440149
"PPP2R5B",0.00553328166945215
"NMB",0.00552855977682085
"IFNAR1",0.00552659987583576
"SLC35F6",0.00550633578016296
"NECAP1",0.00549832410074536
"KLF13",0.00547870430703208
"DDX60",0.00547680758038219
"ISYNA1",0.00545996852438669
"PEF1",0.00545727892960581
"FDFT1",0.00540571470096724
"SIGMAR1",0.00539242244182128
"TMBIM6",0.00537695183472676
"LYSMD4",0.00534492995683537
"ZNF77",0.00534354059640514
"ADSS2",0.00534193940515105
"CRYBA4",0.00533965681108097
"MYO9A",0.00533809565150266
"SURF4",0.00532069849095261
"RPS6KA4",0.00531586009451147
"TIMM29",0.00531381947056412
"LUM",0.00530941124053254
"CALN1",0.00530312453251347
"SUPT7L",0.00530130664228894
"BSG-AS1",0.00529411353361113
"SELENBP1",0.00529083684186877
"RPL5",0.00526685774877912
"CLMN",0.00526148792792765
"RGS10",0.00526090113389491
"TSNAXIP1",0.00525067053442387
"USP34",0.00524452229333294
"MAPK8IP3",0.00524226876031567
"HELZ2",0.00523404241628813
"ZNF283",0.00522188942260869
"MORC3",0.00521983188371056
"FGF3",0.00521618182639189
"TRIOBP",0.00521023560041655
"ZEB1",0.00520850961088085
"CCK",0.00519703359322293
"STAC",0.00519485030896415
"HAUS6",0.00519383016405165
"CPNE8",0.00518942449880641
"TBC1D13",0.00518431793506455
"ARAP3",0.00517819134537943
"FBXO15",0.00516772140888715
"ZNF746",0.00516433893938717
"PIRAT1",0.00515384615384615
"UQCC4",0.00515384615384615
"SPP1",0.00513216981856601
"NPHP1",0.00512800580194534
"SLAMF8",0.00512311198038949
"ACOX1",0.0051214602462704
"GRK4",0.0051076905530441
"TIMM17B",0.00510502812233372
"GP5",0.00507936059113198
"LILRA5",0.00507852468713437
"SPATA17",0.00507441515389625
"TSPAN32",0.00506796102084463
"SOX10",0.00505470883792307
"ASPHD2",0.00504791202637829
"EMC1",0.0050463933999447
"BAZ1B",0.00503877921295325
"ZNF614",0.00502282483297763
"LINC00939",0.00502164656878687
"ZSCAN32",0.00500487433498456
"YTHDF1",0.00499235285944492
"KRCC1",0.00497944176758216
"STRC",0.00496950563220904
"ETFA",0.00494695367689411
"MINPP1",0.00494053537649858
"SLC1A3-AS1",0.00492307692307692
"ROBO1",0.00491464520388474
"PPIL2",0.00491280126705446
"GFRAL",0.00491196886248311
"ATP5MJ",0.00490323362650482
"LXN",0.00487868471676635
"CCDC61",0.00486527850457346
"IGLV1-47",0.00486259168222945
"TENT5A",0.00484024769619888
"PCBD1",0.00483553036268717
"CAPN8",0.00482987828869624
"NDE1",0.00482895109355493
"SNX14",0.00482859493326487
"FKBP6",0.00481386390487445
"CTU1",0.00480991334431023
"SLITRK6",0.00480131201966991
"ROBO3",0.00480048748699376
"PARP9",0.00479342538815241
"HELQ",0.00477829719354672
"SLC9A1",0.0047731453618374
"RP11-467K18.2",0.00476373964967507
"SETD4",0.00476294642810505
"TTC4",0.00474105920391601
"CXCL16",0.0047252018664813
"DMRTC2",0.00472346422191795
"SMCO4",0.00471887313766323
"BMP4",0.00471500761760022
"IZUMO1R",0.0047081135466609
"MRPS22",0.00469920142801543
"MIR3945HG",0.00469230769230769
"STARD13",0.00469058955118759
"POT1",0.00466904968751823
"GALNT3",0.00465745548695559
"FAM3D",0.00463923323689292
"APBA3",0.00462889111946759
"CCDC34",0.00461282395185413
"LOC100129434",0.00460830320404612
"USP28",0.00460001904291894
"ZNF14",0.00459718853468409
"OTX2",0.00459666121113471
"SIRT3",0.0045872738385948
"SEC11A",0.00458569468218089
"PAX8-AS1",0.00458175818529733
"IGKV2-29",0.00458003428478653
"ZC3H10",0.0045789470756234
"ECT2L",0.00456689631055641
"EVX2",0.00456094554991969
"SFTPD",0.00455405099273056
"DPYD",0.00454450160464058
"LINC02325",0.00453846153846154
"RNF26",0.00453080239309723
"DCHS2",0.00452291401891854
"CDK5",0.00452123073870211
"CEBPA-DT",0.0045194864963813
"OR8G3P",0.00450214887519097
"PGAP2",0.00449688109259947
"PLCB2",0.00449584770640837
"SDHAF3",0.00446619791870698
"THEMIS2",0.00445746109724645
"BARX2",0.00445639222963954
"DNAJC5",0.00444969501414652
"SENP1",0.00444238920620309
"MEMO1",0.00443853045588381
"HAPLN3",0.00443837340184888
"GPRIN3",0.00443257001568324
"CST2",0.00442971200121792
"H3-5",0.00442855574884446
"OCA2",0.00442600995014179
"NDUFB4",0.00440100769388817
"ANKEF1",0.0044006166424525
"SCP2",0.00439450191615289
"ASB3",0.00438461538461538
"FAAH",0.00437531673359151
"TSPAN19",0.00436683227047396
"ADAT1",0.00436010014048365
"WHSC1",0.0043590923476822
"FAM149B1",0.00435011230098128
"RPL17P39",0.0043459051172066
"KLHL28",0.00434198994578178
"PHF7",0.0043360781496093
"LINC01140",0.00433271260008632
"PRKACG",0.00432569684498318
"ALDH3B2",0.00431813370325583
"CCNI2",0.00431038060675107
"CA5B",0.00430619786092681
"TOMM20L",0.00428749927004608
"FGF20",0.00428655550018958
"OR10J1",0.00428002840392949
"LINC02411",0.00427803956742423
"SPHK1",0.00427603601147078
"TRAM2-AS1",0.00426291954527051
"ZBTB40",0.00426193091451234
"FAM169A",0.00423437803848202
"LOC124900275",0.00423076923076923
"PHETA2",0.00420576838266377
"PTPRCAP",0.00419301046938278
"CNTNAP1",0.00418852866662424
"TMEM125",0.00418677101120171
"BPIFA4P",0.00417467852001607
"SERPING1",0.00417263668495702
"ULK2",0.00416795314985245
"TECPR2",0.00416726327993588
"BRD7",0.00415795958040942
"C1orf226",0.00415075137352869
"B3GAT3",0.0041399166550079
"PLEKHA1",0.00413223693023576
"IGLV7-43",0.00413095213242261
"RPL35",0.00412082159087583
"SRSF1",0.00410846920232462
"HOXD12",0.0040826635537079
"TRAV8-6",0.00408203549417287
"BANF1",0.00408162023133767
"TRABD-AS1",0.00407692307692308
"GNB3",0.00407471169970256
"CD37",0.00406609494079599
"AGFG2",0.00404826160666834
"IGHV1-46",0.00404287535370975
"CRISPLD1",0.00403714588114566
"TTF1",0.00402569320086839
"KLC3",0.00402506824595439
"FAM83F",0.00401221326758331
"HDAC1",0.00401204832092883
"MTRR",0.00401080928933553
"GPR85",0.00400988396935884
"CSNK2A1",0.00400709338273094
"CBX4",0.00400550313187196
"CROCC2",0.00400023565089316
"TGOLN2",0.00399815031356117
"LPAR2",0.0039881500489804
"TUT1",0.00397808721341664
"ABHD16A",0.00396910983407059
"LCP2",0.00395036456396044
"MUC16",0.00393079259824347
"ADCK5",0.00392543970710172
"SCYL3",0.00392401758944407
"LINC02980",0.00392307692307692
"RELB",0.00392158756710504
"SIAH1",0.00391033077919298
"GPRC5A",0.00390606437587441
"DHRS9",0.00389699719396538
"LINC02035",0.0038905166855406
"TUBGCP2",0.00389017805686623
"LINC02328",0.00387151038629051
"C5orf24",0.00387030591789627
"ATP10A",0.0038549249779461
"CASC8",0.00384345482811674
"DHX40",0.00382761007525763
"ZNF133",0.00382459226380485
"LCK",0.0038244604085547
"ZNF496",0.00382389745611722
"RRP7A",0.00382228164157759
"GUCY2C",0.00381940730295054
"ZNF544",0.00381430296263639
"NT5C3A",0.00380914881671678
"NSUN3",0.0037982094695863
"IRGM",0.0037853904562892
"CUL4B",0.00377664129810331
"KANSL1-AS1",0.00376961361884492
"TRBV10-3",0.00376923076923077
"SEC31B",0.00375185500869794
"DEDD",0.00374136037264033
"ATPAF2",0.00373770835029452
"EIF4A1P10",0.00373531816688398
"IGHV5-51",0.00371822999084342
"RPL12P12",0.00371759761423389
"TNFAIP1",0.00370529327390804
"CAPN15",0.00369820888388627
"CES1",0.00369494035417889
"ZNF101",0.00369186277413763
"PLXDC2",0.00369099977694243
"ELK3",0.00368268288620422
"LRRC8C",0.00367631425640196
"PHKG2",0.00366908522898441
"TEX11",0.00363731993015204
"GNPTG",0.00362808484793436
"EIF3E",0.00354620693052968
"CLEC5A",0.00354461194039784
"USP30",0.00354197602823465
"SLC9A7",0.00354004262936724
"WDR37",0.00353541504220072
"MRPL22",0.00352084243507112
"BROX",0.00348539249760407
"ABHD12B",0.00348036805194376
"KCNA2",0.00346997232235199
"NEK5",0.00346911045732674
"MS4A4E",0.00346657004638212
"GAL3ST4",0.003464320875262
"TMEM14A",0.00346286476702552
"ENTREP3",0.00346153846153846
"TRBV5-5",0.00345520812445196
"SRBD1",0.00345351147781543
"YARS",0.00345050055500813
"HPS4",0.00343949850537841
"PABPC1",0.00343054777772044
"DNAJB8",0.00342529334472161
"HRAS",0.00341988970232434
"VPS26B",0.0034126818306472
"JHY",0.00340253624921998
"FAM177B",0.00339801725030292
"PRORSD1P",0.00339222845429747
"PRR14L",0.00338353018529156
"CARMIL1",0.00337067313939823
"PAPOLB",0.00336249701480423
"SBNO1-AS1",0.00335204186524884
"ZNF331",0.00334564938355073
"CACNA1A",0.00334332112665223
"HAUS1",0.00333594943590364
"FTSJ1",0.0033354401911053
"PRAM1",0.00332672599215738
"SLC4A5",0.00331536349323
"DIPK1B",0.00329897635300495
"DOCK2",0.00328392978365214
"AP4B1",0.0032708900656766
"SHISA5",0.00327009919050117
"C3orf18",0.00326813952931685
"DMBT1",0.00326443931987895
"NEK1",0.00324585308035936
"F2R",0.0032436419606234
"TMPRSS2",0.00324350533396672
"RNF213",0.0032425314739075
"IGHV3-49",0.00323076923076923
"MDH2",0.00322573072118032
"PPIL3",0.00322445990418571
"RPL3L",0.00322172234580581
"LINC00612",0.00320360120141115
"SLC23A2",0.00319918582869805
"MOV10",0.00318018188755474
"ETAA1",0.00317316617657503
"SHANK3",0.00316080468098815
"NPIPA1",0.00315384615384615
"DKKL1",0.00313258185393322
"CEP250",0.003098137951145
"TPI1",0.00309772155487867
"LOC105371773",0.00307692307692308
"DANCR",0.00307501244043464
"ACSBG1",0.00307129638408707
"SHLD3",0.00306410395165879
"RIBC1",0.00305481130383404
"PPP1R12A",0.00305097371514342
"IER2",0.00303917038747837
"ODAD3",0.00302683433633514
"LINC01599",0.003
"NFAM1",0.00299979541292439
"INTS6P1",0.00299237105040846
"RP1-302G2.5",0.00299155921028415
"DHX29",0.00299010396947351
"WFDC8",0.00298679486668974
"SARDH",0.00298650967954814
"IGHV1-69",0.00298565711630206
"KANK1",0.00298070025885252
"USP35",0.00297418336264745
"MUTYH",0.00296662765431104
"NEFH",0.00296505396605691
"DHRS4-AS1",0.00293667147023068
"LINC03049",0.00292307692307692
"PNMA8B",0.00289113367265125
"FADS1",0.00289097803462286
"SPATS2",0.00289063961949942
"PTRH2",0.00288562121252237
"RECQL",0.0028831849736826
"C6",0.00286398091965584
"RDH8",0.00285716755031583
"PKP4",0.00285612067611011
"BTLA",0.00284662960929322
"TSPOAP1-AS1",0.00284540748466684
"NEPRO-AS1",0.00283383875645351
"ZNF236-DT",0.0028220688018794
"PUM3",0.00282046015988961
"SYNE3-AS1",0.00281818181818182
"FCHO1",0.00281043783411345
"ATP2B1",0.00279346368798679
"M6PR",0.00277885382032673
"COLEC10",0.00277112758054831
"LINC02207",0.00276923076923077
"INTS6",0.00276185479879381
"RP13-735L24.1",0.00275396710616748
"ITGB1",0.00274200268283113
"ENOPH1",0.0027408571647337
"ZNF414",0.00273357345226134
"FAM43A",0.00269985347577279
"THUMPD2",0.00269613172990682
"HIST3H2BB",0.00268695868469796
"SLC25A37",0.00268413963383028
"SLC37A4",0.00267631915359503
"CRYZ",0.00266099295102636
"SNAPC5",0.0026546862811119
"PFDN4",0.00264980034715264
"POMGNT1",0.00264194173218014
"RPL30",0.00263340937585854
"GLMN",0.00262540987202109
"PACRGL",0.00262268929722773
"CXCR2",0.00260401862612883
"GGA2",0.00259196105442651
"ZUFSP",0.00258083036896682
"RHOBTB2",0.00258037704502395
"ST7L",0.00257878072097358
"FZD6",0.00256032233465772
"FBXO5",0.00254404900837701
"PRKD3",0.00252748272797674
"MRPS5",0.0025261408242315
"NDUFS4",0.00250765623244342
"FAM216A",0.00248504483003394
"FAM20C",0.00247695900060658
"TRAV1-2",0.0024623580737528
"LINC01781",0.00246153846153846
"LINC02422",0.00246153846153846
"TRAV30",0.00246153846153846
"ZNF627",0.00245752872616124
"MOB2",0.00244797947289303
"PIK3AP1",0.0024343249035867
"NLRP2",0.00242473487112396
"KCNAB3",0.00239491689171051
"CIAO2A",0.00239375682819102
"GTF2I",0.00238979434595279
"LOC105370152",0.00238461538461538
"LOC105374981",0.00238461538461538
"LOC105377225",0.00238461538461538
"SFMBT2",0.0023805367720521
"H2BC10",0.00237978334690858
"TMEM131L",0.0023774787922175
"AFP",0.00236065427057236
"ZNHIT2",0.00235195227560023
"C1orf115",0.0023426856139715
"LIG1",0.00234243154047393
"IL17RA",0.0023370175871483
"SSX2IP",0.00233223853743441
"KIF25-AS1",0.00231822459597902
"CWC27",0.00231571332679327
"ABHD17A",0.00231482945117417
"HAPSTR1",0.00230769230769231
"ZBTB5",0.00230730453760204
"PPIH",0.0023053953316974
"LOC100506929",0.0023034054044313
"RAC2",0.00229181167207496
"TSPAN15",0.00228950301219058
"ZSCAN16",0.00228872071616814
"WWC3",0.00228785236543286
"MS4A14",0.00228382980751402
"ZNF274",0.00227099055585636
"ALX3",0.00226829698943669
"SPIRE2",0.00225196650077066
"AKIP1",0.00224874739067461
"MFAP1",0.00221546068343661
"DIS3L2",0.00219756297087115
"BATF3",0.00219349225570815
"DTHD1",0.00219176869652241
"CHMP4C",0.00218089642095028
"LINC00917",0.00216987704382277
"COL9A2",0.00216867165823254
"PRECSIT",0.00216675445990828
"ZNF354A",0.00216044768035608
"GMEB1",0.00215937364620767
"LOC124903386",0.00215384615384615
"NARF-AS2",0.00215384615384615
"QNG1",0.00215384615384615
"POP4",0.00215271425125536
"CXXC4",0.00214404404819435
"NDUFS8",0.0021393611307089
"SH3TC1",0.00212743802565805
"MYOCD-AS1",0.00211201712554132
"IGHV3-52",0.00210802490224015
"DOK5",0.00210411204851233
"SCARB2",0.00209728570652112
"ZNF251",0.00209541987397038
"INPP5B",0.00208385182267733
"PYGB",0.00207795312650126
"CEP15",0.00207692307692308
"PDE6G",0.00207618780463311
"MRPL18",0.00206057161206588
"PHC3",0.00205633369428438
"SLC1A4",0.0020558886087489
"NAE1",0.00204334996918217
"TATDN1",0.0020414162628748
"NDUFA4L2",0.00203708839962013
"IGHV1-45",0.00202502995029796
"NEURL1",0.00202423066495919
"KRBOX4",0.00201523828061125
"PIP5K1C",0.00201155390730927
"PRPF4",0.00200770836506999
"NPIPA9",0.002
"PRKD1",0.00199332839298098
"ST8SIA1",0.00198927818292769
"RPS19BP1",0.00198311138813723
"RAB23",0.00194964766719297
"PLAUR",0.00194463409586846
"TOP1",0.00194075129225403
"RARA",0.00194023123145608
"HSPBP1",0.0019380590170841
"PTGES2",0.00193392005919623
"GTPBP3",0.00193127399587004
"ZFAT",0.00191780554385959
"TMSB15B",0.00191059895191853
"PRKDC",0.0019028671878576
"BCR",0.00189281414366346
"ZNF33B",0.00185489351340563
"TRAV22",0.00185297190794393
"CNGA2",0.00184785803741756
"HSPA7",0.00184615384615385
"LOC283194",0.00184615384615385
"RPL34P27",0.00184615384615385
"LRRTM1",0.00184585452862302
"ZNF226",0.00184575248354749
"ZNFX1",0.00184205253960501
"ADAM7",0.00182491977584073
"UBE2J2",0.00180477859719359
"PRKACA",0.00180141495768052
"UGT2B11",0.00180054632828064
"CIAO3",0.00178784981206317
"TIPIN",0.00177755976459291
"SLC25A36",0.00177342841703711
"LOC105369656",0.00176923076923077
"OSTN",0.00175669332012805
"WDR53",0.00175601349264503
"SLC35F4",0.00174566576971438
"MRPL40",0.00173941881335864
"ARL4C",0.00173647048961484
"NSUN4",0.00172209618048793
"GFUS",0.00170702983582609
"ITPRIPL1",0.00170314124412365
"LINC02132",0.00169230769230769
"ZNF606-AS1",0.00169230769230769
"TNFAIP8L2",0.00169145667228722
"CHMP7",0.00168860953178089
"LINC00641",0.00167815879875704
"TMPRSS11GP",0.00167760387103399
"FAM9B",0.00166530955934734
"NDNL2",0.00166521498680403
"KLRG1",0.00166251669277929
"SGTB",0.00165795127187925
"RAI14",0.00165661716447536
"MED19",0.00164880589136707
"BTBD9",0.00164507279757761
"CYP4V2",0.00163609562707462
"PRPH",0.0016242603731785
"BTC",0.00162018127459623
"WDR89",0.00161888423456212
"GOT1",0.00161831359493702
"TRAV12-1",0.001615385592368
"ANKHD1-DT",0.00161538461538462
"LOC124909446",0.00161538461538462
"PGLYRP1",0.00160987027409344
"SPRED2",0.00160088781127987
"CYP11A1",0.00159877938049231
"ROMO1",0.00159432254824906
"ST6GAL1",0.00159306009420731
"TEKT3",0.0015885515552231
"MUC5AC",0.0015827139331711
"DBF4",0.00157781873169484
"DPY19L1",0.00156228710112683
"PIWIL4",0.00154029696763983
"TRBV6-3",0.00153846153846154
"SDS",0.00152525798175625
"CON_sp|LYSC_LYSEN|",0.00151975975325768
"POU2F2",0.00151581349822473
"SEZ6L2",0.00151375508593242
"POGLUT2",0.00151250796026531
"TBC1D29P",0.00150888778569114
"LBX1",0.00149776847142935
"WAKMAR2",0.00149190674809868
"ACP1",0.0014730467534144
"NCAM1",0.00147202389010913
"TBX5",0.0014698033929982
"AFG2A",0.00146153846153846
"TRBV4-1",0.0014615180885664
"OCRL",0.00145270883909711
"RPL35A",0.00144722157069296
"POP7",0.00143045085867514
"AIFM1",0.00141605873619839
"GLE1",0.00140334926891482
"IRX6",0.00140264618698815
"LRP6",0.00139341630171304
"AVL9",0.00138783726027324
"DRC12",0.00138461538461538
"LOC100129203",0.00138461538461538
"HACD4",0.00137653486262892
"CCDC66",0.00136899326732911
"HAUS2",0.00136686503879621
"HEATR4",0.00136660826824901
"CEP95",0.00136318442242208
"ABHD6",0.00136092761797477
"NUP54",0.0013534836417522
"SLAIN1",0.001352188714829
"HSD3B2",0.00133856024975999
"PRKCB",0.00133410630006698
"ADA",0.00131836519453271
"CDH13-AS2",0.00130769230769231
"MIR3685",0.00130769230769231
"RPS3AP25",0.00130769230769231
"SAC3D1",0.00128671364270878
"MEAK7",0.00128587123954057
"MYL4",0.00128204288741725
"CRYBB2P1",0.00127828892594008
"COG3",0.00127619113208661
"FARS2",0.00125658421714748
"CXCR4",0.00124978684262396
"TBXAS1",0.00124974844727407
"LINC03063",0.00123076923076923
"MICB-DT",0.00123076923076923
"SLA2",0.0012288846082297
"SQLE-DT",0.00122784009652932
"TMEM61",0.00122779183822678
"ZNF654",0.00121264278278754
"THAP11",0.00121157183236117
"TMED10",0.00120787225636857
"ZNF7",0.00119489515738605
"RPS24",0.0011895491611948
"MPRIP",0.00118442426190848
"KHK",0.00117779652610638
"LARP4B-DT",0.00115660800253092
"CFAP68",0.00115384615384615
"RPL34P6",0.00115384615384615
"TTC28-AS1",0.00113115894415812
"FOXP4",0.00112733315741212
"HDDC2",0.00112267252102225
"NUDT16",0.00111512269944675
"CXCL10",0.00110806091389824
"INO80E",0.00109328224535453
"SUOX",0.00109228241076879
"ARRDC1-AS1",0.00108246932025691
"RPSAP12",0.00107692307692308
"CCDC152",0.00107407970792434
"OLFML1",0.00107091035920477
"GNG13",0.00105880568156062
"FAM19A5",0.00104740620332293
"PPP2R5D",0.00104358062738887
"SEL1L3",0.00103303711093086
"RPE",0.00102451352722741
"ADARB1",0.00101808747961849
"GARIN6",0.00101093212116954
"AAK1",0.00100932622343891
"RFC5",0.00100101517301007
"CYLD-AS1",0.001
"ATP10D",0.000992662110265754
"TRAPPC1",0.000992526305003885
"FYCO1",0.000983945331587021
"MAFA",0.0009826190669143
"CST7",0.000982297879517275
"NDUFA4",0.000978557914378522
"CYBRD1",0.000978336567301055
"WFDC3",0.000972666883224366
"E2F5",0.000970213594696608
"TJP3",0.000965460709961808
"C2orf42",0.00094920425035077
"WDR55",0.000944946083492758
"ATP1A2",0.000941257080698702
"ADSSL1",0.000940502807625565
"C9orf40",0.000935312943507211
"DEF6",0.00092615925245015
"RPL27P10",0.000923076923076923
"TRAV38-1",0.000923076923076923
"HMG20B",0.000899375337779292
"ZNF710-AS1",0.000897350760971323
"ZDHHC23",0.000895094414896566
"RHEB",0.0008929231663013
"FAM172A",0.000865307221910898
"LINC00989",0.00085390341777998
"CS",0.000853528394567453
"APPBP2",0.000851414286223631
"C11orf49",0.000850832601561388
"LOC102724737",0.000846153846153846
"LOC105375713",0.000846153846153846
"ZNG1DP",0.000846153846153846
"IL22RA1",0.000830768086012384
"DPEP2",0.000814355592464547
"PPP6C",0.000811453584994293
"CNN3",0.000801879801315571
"SIRPB1",0.000792114022653158
"PRXL2B",0.000785898442149991
"FAM83B",0.000780487546240833
"FAM84A",0.000771056010622436
"DRAIC",0.000769230769230769
"LOC105373175",0.000769230769230769
"VSIG1",0.000766248238113762
"TNK2",0.000763418245261596
"JPX",0.000761448264077371
"PLEKHB2",0.000760909023693695
"CRKL",0.000755022508721239
"CAAP1",0.000753267682794098
"RNF222",0.000752514034747024
"GRK7",0.000742791215790101
"GNAI3",0.000738932736521269
"NAT1",0.000726884062095368
"RPL8",0.000726054271904065
"ACADM",0.000718992376791408
"ENKUR",0.000718854163031351
"SAYSD1",0.000708147156903427
"C10orf126",0.000704818270802043
"LOC124900217",0.000692307692307692
"SRP14P2",0.000692307692307692
"SLC34A3",0.000684425882026013
"ADAM28",0.000683043694090125
"LINC02443",0.000681614145591425
"ERMP1",0.000680073995408185
"XYLT2",0.000679750430306904
"HES5",0.000679244676654635
"PARP15",0.000673672737861505
"CBR1",0.000649237118770903
"METTL16",0.00064845090780346
"ITGB1BP1",0.000643298085274206
"FCRL6",0.000636597306376567
"ZNF438",0.000630772591287432
"ANKRD33BP9",0.000625
"ATP5PDP2",0.000625
"ATP5PFP2",0.000625
"ATP8A1-DT",0.000625
"BCRP4",0.000625
"C12orf75-AS1",0.000625
"C1QTNF7-AS1",0.000625
"CBR1-AS1",0.000625
"CBX3P10",0.000625
"CERNA2",0.000625
"CFAP263",0.000625
"CHD9NB",0.000625
"CYP4F60P",0.000625
"DNAH10OS",0.000625
"DUT-AS1",0.000625
"DUX4L27",0.000625
"EEF1A1P46",0.000625
"EEF1GP7",0.000625
"EIF1P5",0.000625
"EIF3KP1",0.000625
"FAM138A",0.000625
"GDI2P2",0.000625
"GNA15-DT",0.000625
"GSTA12P",0.000625
"GSTO3P",0.000625
"GXYLT1P5",0.000625
"H2AC12",0.000625
"H2AC13",0.000625
"H3P31",0.000625
"HMGB1P34",0.000625
"HMGB1P49",0.000625
"HNRNPCP3",0.000625
"HNRNPKP2",0.000625
"IBA57-DT",0.000625
"IGKV6D-21",0.000625
"IGLV1-41",0.000625
"KRTAP12-4",0.000625
"KRTAP29-1",0.000625
"LINC00200",0.000625
"LINC00336",0.000625
"LINC00548",0.000625
"LINC01359",0.000625
"LINC01475",0.000625
"LINC01518",0.000625
"LINC01545",0.000625
"LINC01926",0.000625
"LINC01973",0.000625
"LINC02050",0.000625
"LINC02080",0.000625
"LINC02265",0.000625
"LINC02327",0.000625
"LINC02642",0.000625
"LINC03025",0.000625
"LINC03053",0.000625
"LLCFC1",0.000625
"LMCD1-AS1",0.000625
"LOC100128674",0.000625
"LOC100129734",0.000625
"LOC100289091",0.000625
"LOC100420839",0.000625
"LOC100421400",0.000625
"LOC100996660",0.000625
"LOC100996696",0.000625
"LOC101928002",0.000625
"LOC101928389",0.000625
"LOC101929269",0.000625
"LOC101929408",0.000625
"LOC101929691",0.000625
"LOC102723446",0.000625
"LOC102723690",0.000625
"LOC105369850",0.000625
"LOC105370616",0.000625
"LOC105370781",0.000625
"LOC105371855",0.000625
"LOC105372971",0.000625
"LOC105373277",0.000625
"LOC105374174",0.000625
"LOC105375170",0.000625
"LOC105376030",0.000625
"LOC105378998",0.000625
"LOC105379839",0.000625
"LOC124900265",0.000625
"LOC124901628",0.000625
"LOC124902280",0.000625
"LOC124902388",0.000625
"LOC124902611",0.000625
"LOC124903478",0.000625
"LOC124904122",0.000625
"LOC124904219",0.000625
"LOC359819",0.000625
"LOC651644",0.000625
"LRP8-DT",0.000625
"LSP1P1",0.000625
"LSP1P5",0.000625
"MGAM2",0.000625
"MIR3168",0.000625
"MIR320A",0.000625
"MIR4424",0.000625
"MIR4665",0.000625
"MIR548AY",0.000625
"MIR6719",0.000625
"MIR6724-2",0.000625
"MIR6724-4",0.000625
"MIR6793",0.000625
"MIR6799",0.000625
"MIR7856",0.000625
"MTCO1P3",0.000625
"MTCO1P52",0.000625
"NDST1-AS1",0.000625
"NPIPB9",0.000625
"NPM1P17",0.000625
"NTAN1P2",0.000625
"OR2T2",0.000625
"PARLP2",0.000625
"PGAM1P6",0.000625
"POLR1HASP",0.000625
"PPIAL4F",0.000625
"PPP1R8P1",0.000625
"PSME2P5",0.000625
"RASGRF2-AS1",0.000625
"RASSF3-DT",0.000625
"RN7SL605P",0.000625
"RNA5-8SP6",0.000625
"RNA5S10",0.000625
"RNA5SP109",0.000625
"RNU6-1105P",0.000625
"RNU6-204P",0.000625
"RNU6-268P",0.000625
"RNU6-271P",0.000625
"RNU6-388P",0.000625
"RNU6-945P",0.000625
"RNU7-13P",0.000625
"RNVU1-7",0.000625
"RNY4P7",0.000625
"RPL10AP1",0.000625
"RPL11P4",0.000625
"RPL11P5",0.000625
"RPL13AP19",0.000625
"RPL17P22",0.000625
"RPL19P13",0.000625
"RPL21P1",0.000625
"RPL21P116",0.000625
"RPL21P130",0.000625
"RPL21P134",0.000625
"RPL21P14",0.000625
"RPL21P45",0.000625
"RPL21P57",0.000625
"RPL23AP54",0.000625
"RPL23AP75",0.000625
"RPL23P11",0.000625
"RPL27P8",0.000625
"RPL30P3",0.000625
"RPL31P2",0.000625
"RPL31P21",0.000625
"RPL31P59",0.000625
"RPL31P8",0.000625
"RPL32P32",0.000625
"RPL34P24",0.000625
"RPL34P4",0.000625
"RPL36AP21",0.000625
"RPL36P7",0.000625
"RPL3P1",0.000625
"RPL5P25",0.000625
"RPL5P5",0.000625
"RPL6P20",0.000625
"RPL7P37",0.000625
"RPL9P27",0.000625
"RPS10P6",0.000625
"RPS15AP27",0.000625
"RPS20P31",0.000625
"RPS23P10",0.000625
"RPS25P10",0.000625
"RPS29P14",0.000625
"RPS2P13",0.000625
"RPS3AP4",0.000625
"RPS6P8",0.000625
"RPSAP3",0.000625
"RPSAP36",0.000625
"RPSAP61",0.000625
"SAP18P1",0.000625
"SAP18P3",0.000625
"SCARNA1",0.000625
"SCARNA20",0.000625
"SCARNA8",0.000625
"SEPHS1P6",0.000625
"SEPTIN7P8",0.000625
"SLC26A5-AS1",0.000625
"SMARCE1P5",0.000625
"SNORA2B",0.000625
"SNORA46",0.000625
"SNORA5C",0.000625
"SNORA74C-1",0.000625
"SNRPA1-DT",0.000625
"STX18-IT1",0.000625
"TRAJ11",0.000625
"TRAJ16",0.000625
"TRAJ21",0.000625
"TRAJ22",0.000625
"TRAJ32",0.000625
"TRAJ37",0.000625
"TRAJ8",0.000625
"TRDJ3",0.000625
"VTRNA1-1",0.000625
"TMEM217",0.000617392112934708
"ERVV-1",0.000616235320862693
"FAM223A",0.000615384615384615
"IGLVI-70",0.000615384615384615
"LINC02596",0.000615384615384615
"MIR4477B",0.000615384615384615
"RPL31P46",0.000615384615384615
"RPS10P1",0.000615384615384615
"TTLL10",0.000613089590352453
"PIKFYVE",0.000611976909976083
"MAGT1",0.000570360055608982
"PSTPIP1",0.000563008955714624
"INTS15",0.000558282751447588
"ATP13A2",0.000545390388344675
"CD27-AS1",0.000543402324192914
"AIRIM",0.000538461538461538
"CTAGE8",0.000538461538461538
"LINC01480",0.000538461538461538
"MAP2K5-DT",0.000538461538461538
"RNU6-925P",0.000538461538461538
"WNT3",0.000535707573417232
"THOC7",0.000533745400342307
"CLCC1",0.000528242068999446
"NFKBIE",0.000526912227490221
"ZPBP",0.000503023881113824
"FBXO34-AS1",5e-04
"HAPSTR2",5e-04
"IGHEP2",5e-04
"LINC03034",5e-04
"LOC105371745",5e-04
"LOC112268032",5e-04
"LOC124901526",5e-04
"LOC124901789",5e-04
"MTND5P32",5e-04
"MYL12-AS1",5e-04
"POTEE",5e-04
"RPL17P34",5e-04
"RPL19P20",5e-04
"RPL21P37",5e-04
"RPL5P17",5e-04
"RPS15P1",5e-04
"RPS3AP30",5e-04
"SH3PXD2A-AS1",5e-04
"SNORA37",5e-04
"SNORA38B",5e-04
"SNORA65",5e-04
"SPTLC1P1",5e-04
"TAX1BP1-AS1",5e-04
"TMEM92-AS1",5e-04
"ZC3H11C",5e-04
"IGLV6-57",0.000497289641895159
"TTC37",0.000493938176200729
"SLC13A2",0.000482259627980203
"FAM156A",0.000461728700190586
"DUSP13B",0.000461538461538462
"IGKV2-30",0.000461538461538462
"LOC127898556",0.000461538461538462
"RPL8P3",0.000461538461538462
"SNORA80B",0.000461538461538462
"XXYLT1-AS2",0.000461538461538462
"ZNF778-DT",0.000461538461538462
"TMEM134",0.000446164815370434
"ASAH1",0.000437496829106563
"UBE2D3",0.000435172300012641
"TNFRSF10D",0.00040291055286796
"LOC100128052",0.000395261705957078
"TBC1D3H",0.000395261705957078
"EFHD2-AS1",0.000384615384615385
"LINC00908",0.000384615384615385
"LINC01888",0.000384615384615385
"LINC02631",0.000384615384615385
"RPS15AP35",0.000384615384615385
"SKIC8",0.000384615384615385
"TRAV26-2",0.000384615384615385
"PRRG4",0.000384570239426311
"ECHDC3",0.000378859031801724
"ALDH1L1-AS1",0.000375
"BTF3-DT",0.000375
"CCDC26",0.000375
"CDRT15P3",0.000375
"CIMAP1A",0.000375
"CIMAP3",0.000375
"DDX59-AS1",0.000375
"FAM223B",0.000375
"FARP1-AS1",0.000375
"FOXL3-OT1",0.000375
"HNRNPKP1",0.000375
"IGLC5",0.000375
"IGLV3-12",0.000375
"L3MBTL4-AS1",0.000375
"LINC00885",0.000375
"LINC01801",0.000375
"LINC02324",0.000375
"LINC02594",0.000375
"LINC02848",0.000375
"LOC100505774",0.000375
"LOC101927164",0.000375
"LOC101929200",0.000375
"LOC101929305",0.000375
"LOC105377156",0.000375
"LOC107984551",0.000375
"LOC124901355",0.000375
"LOC124901671",0.000375
"LOC127814295",0.000375
"LOC130932201",0.000375
"MAP3K4-AS1",0.000375
"MIR103A2",0.000375
"MIR1270",0.000375
"MIR1973",0.000375
"MIR499B",0.000375
"NRIP3-DT",0.000375
"PDE11A-AS1",0.000375
"PKIA-AS1",0.000375
"RN7SKP30",0.000375
"RN7SKP80",0.000375
"RN7SL655P",0.000375
"RN7SL688P",0.000375
"RNU2-17P",0.000375
"RNU7-103P",0.000375
"RNU7-125P",0.000375
"RPL10P11",0.000375
"RPL18P12",0.000375
"RPL21P10",0.000375
"RPL21P124",0.000375
"RPL21P60",0.000375
"RPL24P7",0.000375
"RPL26P37",0.000375
"RPL31P31",0.000375
"RPL32P20",0.000375
"RPL37P19",0.000375
"RPL5P23",0.000375
"RPL7AP3",0.000375
"RPLP1P3",0.000375
"RPS15AP22",0.000375
"RPS27AP12",0.000375
"RPS5P4",0.000375
"RPS6P9",0.000375
"RRAGC-DT",0.000375
"SCARNA11",0.000375
"SCYGR4",0.000375
"SYNCRIPP1",0.000375
"TRAJ31",0.000375
"FFAR3",0.000370018650441842
"HMBS",0.000353511725330283
"RRAGA",0.000349688739323438
"DUS2",0.000340798943679593
"TMED7",0.000340266843690305
"GPR84",0.000336093709630516
"CARD8-AS1",0.000335070355537138
"UBA5",0.000330864493176351
"DTNBP1",0.000325268767858292
"DTX2",0.000313696929051649
"GATD3",0.000310376652683274
"CAPN2",0.000308985850623015
"TXLNA",0.000308580460209477
"GOT1-DT",0.000307692307692308
"JTB-DT",0.000307692307692308
"LCDR",0.000307692307692308
"LOC102723324",0.000307692307692308
"LOC124902694",0.000307692307692308
"PRKCH-AS1",0.000307692307692308
"RAB35-AS1",0.000307692307692308
"RPS15AP24",0.000307692307692308
"LOXL1-AS1",0.000307333681322061
"CCDC125",0.000306395472829371
"PCCA-DT",0.00030461177603581
"ARRDC3",0.000293509337633667
"LEPROTL1",0.00028938260345223
"NR5A1",0.000276349323586029
"GDAP1",0.000268576820387931
"NAMPTP3",0.00025
"RN7SL473P",0.00025
"RPL21P69",0.00025
"RPL31P55",0.00025
"RPS3AP1",0.00025
"SCGB1C2",0.00025
"SNORA2A",0.00025
"PMS2CL",0.000244763630513956
"SPANXA2-OT1",0.000243514482100443
"CCBL1",0.000241536085013349
"PUM2",0.000241188790333021
"ARK2C",0.000230769230769231
"GIRGL",0.000230769230769231
"IFT56",0.000230769230769231
"LINC02611",0.000230769230769231
"LOC105370969",0.000230769230769231
"MT1F",0.000230458994215696
"GPR160",0.000229739526205505
"PRSS41",0.000219232582670493
"LINC00494",0.000216288766765022
"PSMD6-AS2",0.000212707113585547
"UBQLN1-AS1",0.00020558009929441
"TIMM50",0.000194959052124149
"UQCC2",0.00019111166249974
"ZFYVE19",0.000185921338719308
"IGHV4-34",0.000176509998493872
"OR6K4P",0.000175147746348027
"PTF1A",0.00017366869717787
"LINC00398",0.000166007487906861
"YKT6",0.000164327928316866
"LINC00595",0.00016080827259214
"PAX2",0.00016080827259214
"ZFP69",0.000158578657869459
"IFT70A",0.000153846153846154
"ITGA6-AS1",0.000153846153846154
"LINC01891",0.000153846153846154
"LOC105369363",0.000153846153846154
"LOC112268239",0.000153846153846154
"MACORIS",0.000153846153846154
"RPL15P18",0.000153846153846154
"RPL19P5",0.000153846153846154
"RPL26P30",0.000153846153846154
"SKIC2",0.000153846153846154
"CD180",0.000153761482032849
"ZNF532",0.000152543157579478
"ASCL1",0.000138832533918937
"CAMKK1",0.000138315133718993
"CROCCP3",0.000132810613535345
"SNRPG",0.000125339042093235
"RPL12P6",0.000125
"RPL19P21",0.000125
"SNHG18",0.000125
"TCAP",0.000119817574041509
"MEIS1-AS2",0.000118842877580224
"PIK3C2G",0.000118594284633173
"MMADHC",0.000105121525291283
"OCEL1",0.000101723508999962
"TAS2R14",9.13371609071194e-05
"DLG3",8.73279228124322e-05
"METTL25",7.90595072135833e-05
"TRIM62",7.69374193916529e-05
"LINC02284",7.69230769230769e-05
"LOC105371240",7.69230769230769e-05
"LOC613266",7.69230769230769e-05
"NPIPA6",7.69230769230769e-05
"PSME2P6",7.69230769230769e-05
"UICLM",7.69230769230769e-05
"GALK1",5.76977445882172e-05
"CTSO",4.32108359366022e-05
"RET",4.18758174673296e-05
"HYAL1",4.07271313880388e-05
"DNM1",3.27572095664737e-05
"NBPF26",2.36135508060175e-05
"IP6K1",1.63948678810159e-05
"CFC1",1.61349998293956e-05
"AUH",1.16080951038319e-05
"MPPE1",7.8115724504239e-06
"TMLHE-AS1",7.35490914756439e-06
"PADI6",6.85453160700685e-06
"DNAJC8",5.82421991717157e-06
"SPINK8",3.97996263381425e-06
"TRAJ34",3.04645849200305e-06
"PUS7L",4.00320802148494e-19
"GRSF1",2.66880534765676e-19
"CASP8AP2",2.00160401074247e-19
"CHORDC1",2.00160401074247e-19
"EPG5",2.00160401074246e-19
"CCSER2",2.00160401074209e-19
"DUSP10",1.33440267382831e-19
"LOC101929667",1.33440267382831e-19
"ZNF624",6.67221650380304e-20
"MTG1",6.67201360460105e-20
"CYP1B1-AS1",6.67201337242634e-20
"SMAD2",6.67201336914325e-20
"LOC124904535",6.67201336914157e-20
"SAP30L-AS1",6.67201336871843e-20
"GATAD1",6.67201336863168e-20
"GPR153",6.67201333998914e-20
"HSD11B1L",6.67201272304562e-20
"AADACL2",0
"AADACL3",0
"AADACL4",0
"AC000077.2",0
"AC002306.1",0
"AC002398.11",0
"AC002480.5",0
"AC002519.6",0
"AC002551.1",0
"AC003005.2",0
"AC003005.4",0
"AC003101.1",0
"AC003956.1",0
"AC003958.6",0
"AC003973.4",0
"AC004009.3",0
"AC004012.1",0
"AC004166.6",0
"AC004447.2",0
"AC004461.4",0
"AC004471.9",0
"AC004528.4",0
"AC004603.4",0
"AC004791.2",0
"AC005013.5",0
"AC005022.1",0
"AC005077.7",0
"AC005176.2",0
"AC005197.2",0
"AC005253.4",0
"AC005301.8",0
"AC005306.3",0
"AC005324.6",0
"AC005324.7",0
"AC005330.2",0
"AC005394.1",0
"AC005481.5",0
"AC005498.3",0
"AC005518.2",0
"AC005537.2",0
"AC005592.1",0
"AC005592.2",0
"AC005624.2",0
"AC005863.1",0
"AC005944.2",0
"AC006111.1",0
"AC006115.3",0
"AC006156.2",0
"AC006196.1",0
"AC006262.5",0
"AC006486.1",0
"AC006547.8",0
"AC006967.1",0
"AC007036.6",0
"AC007050.17",0
"AC007091.1",0
"AC007163.6",0
"AC007271.3",0
"AC007274.2",0
"AC007285.6",0
"AC007381.2",0
"AC007391.2",0
"AC007563.1",0
"AC007568.1",0
"AC007750.5",0
"AC007952.4",0
"AC007967.2",0
"AC008069.1",0
"AC008268.2",0
"AC008281.1",0
"AC008440.5",0
"AC008746.3",0
"AC008984.5",0
"AC008992.1",0
"AC009133.14",0
"AC009237.2",0
"AC009299.3",0
"AC009469.1",0
"AC009502.4",0
"AC009518.8",0
"AC009892.10",0
"AC010096.1",0
"AC010132.10",0
"AC010327.2",0
"AC010729.2",0
"AC010731.3",0
"AC010745.4",0
"AC010907.5",0
"AC010987.6",0
"AC011193.1",0
"AC011288.2",0
"AC011322.1",0
"AC011385.1",0
"AC011498.1",0
"AC011518.1",0
"AC011524.3",0
"AC011525.2",0
"AC011648.1",0
"AC011718.2",0
"AC011742.5",0
"AC012005.2",0
"AC012322.1",0
"AC012354.6",0
"AC012358.4",0
"AC012441.1",0
"AC012442.6",0
"AC012462.1",0
"AC012506.1",0
"AC012506.3",0
"AC012506.4",0
"AC013268.3",0
"AC013448.2",0
"AC016700.2",0
"AC016710.1",0
"AC016722.3",0
"AC016768.1",0
"AC016995.3",0
"AC017002.4",0
"AC017006.2",0
"AC017048.2",0
"AC018705.5",0
"AC018866.1",0
"AC018892.3",0
"AC018892.9",0
"AC019100.3",0
"AC019171.1",0
"AC020663.1",0
"AC020743.3",0
"AC023137.2",0
"AC023490.2",0
"AC024084.1",0
"AC024592.9",0
"AC024937.2",0
"AC024937.6",0
"AC025016.1",0
"AC026461.1",0
"AC027228.1",0
"AC034102.1",0
"AC034110.1",0
"AC034229.1",0
"AC053503.4",0
"AC062020.2",0
"AC063976.3",0
"AC063976.7",0
"AC064875.2",0
"AC067956.1",0
"AC068535.2",0
"AC069363.1",0
"AC073133.2",0
"AC073218.1",0
"AC073257.1",0
"AC073284.4",0
"AC073321.3",0
"AC073610.5",0
"AC073636.1",0
"AC073928.2",0
"AC073987.1",0
"AC074019.1",0
"AC078925.1",0
"AC079135.1",0
"AC079210.1",0
"AC079341.1",0
"AC079610.2",0
"AC079613.1",0
"AC079742.4",0
"AC084125.4",0
"AC084809.3",0
"AC087501.1",0
"AC090952.5",0
"AC090957.2",0
"AC092168.4",0
"AC092299.6",0
"AC092301.3",0
"AC092568.1",0
"AC092573.2",0
"AC092580.3",0
"AC092620.3",0
"AC092651.1",0
"AC092687.5",0
"AC093166.3",0
"AC093627.11",0
"AC093677.1",0
"AC093702.1",0
"AC093847.1",0
"AC093901.1",0
"AC096649.2",0
"AC096649.3",0
"AC097499.1",0
"AC097662.2",0
"AC098824.6",0
"AC099552.3",0
"AC099684.1",0
"AC102948.2",0
"AC104667.3",0
"AC104794.4",0
"AC105253.1",0
"AC106801.1",0
"AC106827.1",0
"AC106869.2",0
"AC106870.1",0
"AC107016.1",0
"AC107399.2",0
"AC108004.3",0
"AC108039.1",0
"AC108448.2",0
"AC108868.3",0
"AC108868.5",0
"AC110615.1",0
"AC110619.2",0
"AC110781.3",0
"AC112721.1",0
"AC113607.3",0
"AC114752.1",0
"AC116035.1",0
"AC116609.2",0
"AC118754.4",0
"AC125421.1",0
"AC126182.1",0
"AC128709.1",0
"AC129778.2",0
"AC130710.1",0
"AC132186.1",0
"AC132217.4",0
"AC134915.1",0
"AC136604.1",0
"AC137932.1",0
"AC137932.5",0
"AC138035.1",0
"AC138655.1",0
"AC138783.11",0
"AC139099.4",0
"AC139426.2",0
"AC140481.8",0
"AC159540.2",0
"AC233263.1",0
"ACPT",0
"ACSM4",0
"ADAM6",0
"ADAMTS19-AS1",0
"AF064858.7",0
"AF096876.1",0
"AF121898.3",0
"AF127577.8",0
"AKR1C6P",0
"AL021707.2",0
"AL022344.4",0
"AL035610.2",0
"AL049840.1",0
"AL121656.5",0
"AL121901.1",0
"AL133493.2",0
"AL136376.1",0
"AL139819.1",0
"AL157902.3",0
"AL162574.1",0
"AL353671.2",0
"AL353997.3",0
"AL354898.1",0
"AL356475.1",0
"AL390778.1",0
"AL590369.1",0
"AL591516.5",0
"AL591684.1",0
"AL645730.2",0
"AL672294.1",0
"AMER2-AS1",0
"AMTN",0
"AMY1A",0
"AMYP1",0
"ANKRD20A2P",0
"ANKRD26P3",0
"ANKRD30B",0
"ANKRD30BP2",0
"ANKS4B",0
"AOX3P",0
"AP000251.3",0
"AP000275.64",0
"AP000282.2",0
"AP000289.6",0
"AP000304.12",0
"AP000320.6",0
"AP000345.1",0
"AP000356.2",0
"AP000654.4",0
"AP000688.8",0
"AP000797.4",0
"AP001042.1",0
"AP001048.4",0
"AP001062.7",0
"AP001266.1",0
"AP001422.3",0
"AP001469.9",0
"AP001607.1",0
"AP001630.5",0
"AP001888.1",0
"AP002856.6",0
"AP002856.7",0
"AP003027.1",0
"AP003385.2",0
"AP003900.6",0
"AP005901.1",0
"AP006216.10",0
"AP006285.7",0
"APELA",0
"APOBEC4",0
"AQP12B",0
"AQP7P5",0
"ARGFX",0
"ARGFXP2",0
"ARHGAP40",0
"ARHGAP42P1",0
"ARHGEF3-AS1",0
"ARID3C",0
"ARL2-SNX15",0
"ARMC4",0
"ARMC4P1",0
"ARSDP1",0
"ATP5SL",0
"ATP6V1G3",0
"BAATP1",0
"BCRP1",0
"BHLHA9",0
"BMS1P15",0
"BMS1P17",0
"BMS1P3",0
"BRWD1-IT1",0
"BSPH1",0
"BTF3P11",0
"BX255923.3",0
"C10orf107",0
"C10orf115",0
"C10orf120",0
"C10orf128",0
"C10orf129",0
"C11orf45",0
"C11orf70",0
"C11orf88",0
"C13orf35",0
"C14orf37",0
"C14orf80",0
"C15orf41",0
"C15orf43",0
"C15orf59",0
"C17orf105",0
"C17orf74",0
"C17orf78",0
"C18orf63",0
"C18orf64",0
"C19orf24",0
"C19orf45",0
"C19orf57",0
"C1orf111",0
"C1orf141",0
"C1orf158",0
"C1orf185",0
"C1orf194",0
"C1orf234",0
"C1orf64",0
"C1orf94",0
"C20orf166",0
"C20orf195",0
"C20orf78",0
"C21orf128",0
"C21orf90",0
"C2orf47",0
"C2orf54",0
"C2orf70",0
"C2orf71",0
"C2orf82",0
"C3orf30",0
"C3orf67",0
"C3orf84",0
"C4orf51",0
"C4orf6",0
"C6orf164",0
"C6orf222",0
"C6orf229",0
"C7orf62",0
"C8orf22",0
"C8orf4",0
"C8orf46",0
"C8orf74",0
"C8orf86",0
"C9orf135-AS1",0
"C9orf172",0
"CADM2-AS2",0
"CARS-AS1",0
"CASC17",0
"CBY3",0
"CCDC108",0
"CCDC129",0
"CCDC151",0
"CCDC155",0
"CCDC64B",0
"CCDC92B",0
"CCNYL3",0
"CD164L2",0
"CDIPT-AS1",0
"CDRT15P2",0
"CDRT8",0
"CEACAM18",0
"CEACAMP1",0
"CEACAMP11",0
"CEACAMP5",0
"CEACAMP7",0
"CECR6",0
"CELA3A",0
"CEP164P1",0
"CES1P2",0
"CFL1P6",0
"CGB8",0
"CHCHD2P4",0
"CHDC2",0
"CHEK2P2",0
"CHIAP3",0
"CHL1-AS2",0
"CICP19",0
"CICP9",0
"CLDN20",0
"CLEC2A",0
"CLPSL1",0
"CLPSL2",0
"CLRN2",0
"COPS8-DT",0
"CRYGC",0
"CST4",0
"CT62",0
"CTA-221G9.7",0
"CTA-373H7.7",0
"CTA-397H3.3",0
"CTA-445C9.14",0
"CTA-963H5.5",0
"CTA-992D9.6",0
"CTB-147C13.1",0
"CTB-147C22.9",0
"CTB-151G24.1",0
"CTB-161M19.4",0
"CTB-174O21.2",0
"CTB-175P5.4",0
"CTB-179K24.3",0
"CTB-180A7.8",0
"CTB-181F24.1",0
"CTB-186H2.3",0
"CTB-187M2.3",0
"CTB-193M12.3",0
"CTB-26E19.1",0
"CTB-31O20.4",0
"CTB-35F21.1",0
"CTB-43E15.1",0
"CTB-49A3.5",0
"CTB-50L17.14",0
"CTB-51J22.1",0
"CTB-54O9.9",0
"CTB-57H20.1",0
"CTB-58E17.3",0
"CTB-70G10.1",0
"CTB-78H18.1",0
"CTC-232P5.1",0
"CTC-264O10.1",0
"CTC-268N12.2",0
"CTC-281M20.1",0
"CTC-297N7.5",0
"CTC-304I17.5",0
"CTC-338M12.2",0
"CTC-347C20.2",0
"CTC-348L5.1",0
"CTC-349C3.2",0
"CTC-360P9.2",0
"CTC-400I9.2",0
"CTC-436K13.1",0
"CTC-441N14.2",0
"CTC-455F18.3",0
"CTC-457E21.1",0
"CTC-458G6.2",0
"CTC-467M3.3",0
"CTC-493L21.2",0
"CTC-498M16.2",0
"CTC-510F12.2",0
"CTC-518B2.9",0
"CTC-524C5.5",0
"CTC-537E7.1",0
"CTC-543D15.3",0
"CTC-546K23.1",0
"CTC-548K16.6",0
"CTC-551A13.1",0
"CTC-573N18.1",0
"CTD-2007H13.3",0
"CTD-2012K14.2",0
"CTD-2014E2.6",0
"CTD-2015H3.2",0
"CTD-2019O4.1",0
"CTD-2022H16.1",0
"CTD-2046I8.1",0
"CTD-2050E21.1",0
"CTD-2078B5.2",0
"CTD-2083E4.4",0
"CTD-2083E4.6",0
"CTD-2113L7.1",0
"CTD-2116N20.1",0
"CTD-2122P11.1",0
"CTD-2128F4.1",0
"CTD-2130O13.1",0
"CTD-2135D7.4",0
"CTD-2144E22.10",0
"CTD-2144E22.6",0
"CTD-2154I11.2",0
"CTD-2171N6.1",0
"CTD-2185K10.1",0
"CTD-2207O23.10",0
"CTD-2210P24.2",0
"CTD-2210P24.4",0
"CTD-2210P24.6",0
"CTD-2223O18.1",0
"CTD-2233C11.2",0
"CTD-2244C20.2",0
"CTD-2245E15.3",0
"CTD-2265O21.7",0
"CTD-2270L9.4",0
"CTD-2277K2.1",0
"CTD-2281M20.1",0
"CTD-2283N19.1",0
"CTD-2288F12.1",0
"CTD-2291D10.3",0
"CTD-2291D10.4",0
"CTD-2292P10.2",0
"CTD-2297D10.1",0
"CTD-2311B13.2",0
"CTD-2323K18.1",0
"CTD-2331H12.7",0
"CTD-2349P21.10",0
"CTD-2369P2.5",0
"CTD-2382E5.1",0
"CTD-2396E7.8",0
"CTD-2517M14.5",0
"CTD-2522E6.4",0
"CTD-2524L6.3",0
"CTD-2525I3.2",0
"CTD-2530H12.1",0
"CTD-2535P7.2",0
"CTD-2537I9.13",0
"CTD-2540M10.1",0
"CTD-2552K11.2",0
"CTD-2560K21.6",0
"CTD-2562J17.4",0
"CTD-2586B10.1",0
"CTD-2613O8.1",0
"CTD-2619J13.9",0
"CTD-2649C14.1",0
"CTD-2651B20.3",0
"CTD-2655K5.1",0
"CTD-2659N19.2",0
"CTD-3023L14.2",0
"CTD-3060P21.1",0
"CTD-3064M3.7",0
"CTD-3096M3.1",0
"CTD-3157E16.1",0
"CTD-3187F8.11",0
"CTD-3187F8.15",0
"CTD-3187F8.7",0
"CTGLF8P",0
"CTSLP8",0
"CXorf36",0
"CXorf49",0
"CXorf57",0
"CXorf66",0
"CXorf67",0
"CYP2G2P",0
"CYP2W1",0
"CYP4F24P",0
"CYP4F32P",0
"CYP4F34P",0
"CYP4F44P",0
"CYP4F62P",0
"CYP4Z2P",0
"DAB1-AS1",0
"DAPL1",0
"DDX55P1",0
"DEFA10P",0
"DEFB105B",0
"DEFB113",0
"DEFB116",0
"DEFB121",0
"DEFB134",0
"DEFT1P",0
"DKFZP434E1119",0
"DKFZP434H0512",0
"DRD5",0
"DSG1",0
"EEF1A1P30",0
"EFNA3_1",0
"EGFLAM-AS4",0
"EGOT",0
"EHHADH-AS1",0
"ERVMER61-1",0
"EVPLL",0
"EXOSC3P2",0
"FAM108A9P",0
"FAM109B",0
"FAM115D",0
"FAM132B",0
"FAM134B",0
"FAM138C",0
"FAM150B",0
"FAM155A",0
"FAM159A",0
"FAM181A",0
"FAM197Y3",0
"FAM197Y9",0
"FAM19A1",0
"FAM212B",0
"FAM231B",0
"FAM231D",0
"FAM26F",0
"FAM46D",0
"FAM57A",0
"FAM57B",0
"FAM64A",0
"FAM66A",0
"FAM71A",0
"FAM71B",0
"FAM71C",0
"FAM71E2",0
"FAM86MP",0
"FAM90A11P",0
"FAM90A21P",0
"FAM90A26",0
"FAM90A8P",0
"FAM92A1P2",0
"FAM92B",0
"FAM96B",0
"FANCD2P2",0
"FCF1P1",0
"FCGR1BP",0
"FDPSP5",0
"FGF12-AS2",0
"FGFR3P5",0
"FNDC9",0
"FOXD4L3",0
"FOXI2",0
"FOXR1",0
"FOXR2",0
"FRG2",0
"FRG2B",0
"FXYD6-FXYD2",0
"GACAT1",0
"GCNT7",0
"GDF5OS",0
"GLOD5",0
"GLT6D1",0
"GLYATL3",0
"GMNC",0
"GNAT3",0
"GNL3LP1",0
"GNPATP",0
"GOLGA2P2Y",0
"GOLGA2P3Y",0
"GOLGA8EP",0
"GPR113",0
"GPR151",0
"GPR158-AS1",0
"GRAMD4P8",0
"GS1-120K12.4",0
"GS1-122H1.1",0
"GS1-204I12.4",0
"GS1-39E22.2",0
"GS1-600G8.3",0
"GSG2",0
"GULOP",0
"GUSBP6",0
"GZMAP1",0
"H2BFM",0
"H3F3C",0
"HAUS6P2",0
"HDAC1P1",0
"HIGD1C",0
"HIST1H2AA",0
"HIST1H2AD",0
"HIST1H2AH",0
"HIST1H2BA",0
"HIST1H2BE",0
"HIST1H3C",0
"HIST2H3C",0
"HIST2H3D",0
"HNRNPA1P18",0
"HNRNPA1P44",0
"HNRNPA3P16",0
"HNRNPCL2",0
"HNRNPCL3",0
"HOXB-AS2",0
"HOXB-AS4",0
"HOXD-AS2",0
"HSD3BP1",0
"HSFY2",0
"HTR5A-AS1",0
"HYALP1",0
"HYDIN2",0
"IFLTD1",0
"IFNL3P1",0
"IGFL1P2",0
"IGFL3",0
"IGHEP1",0
"IGHV1-58",0
"IGHV1-67",0
"IGHV3-25",0
"IGHV3-33-2",0
"IGHV3-47",0
"IGHV3-60",0
"IGHV3-79",0
"IGHV3OR16-12",0
"IGHV7-56",0
"IGKV1-13",0
"IGKV1OR2-3",0
"IGKV1OR22-5",0
"IGKV2-14",0
"IGKV2D-24",0
"IGLV11-55",0
"IGLV2-18",0
"IGLV3-26",0
"IGLV3-30",0
"IGLV3-32",0
"IGLV4-3",0
"IGLV8OR8-1",0
"IGLVI-56",0
"IGLVIV-53",0
"IGLVIVOR22-1",0
"IPPKP1",0
"IZUMO3",0
"KB-1042C11.1",0
"KB-1410C5.3",0
"KB-1448A5.1",0
"KB-1562D12.1",0
"KB-1568E2.1",0
"KB-1615E4.2",0
"KCNK16",0
"KCTD9P2",0
"KHDC3L",0
"KIAA0391",0
"KIAA1024L",0
"KIAA1524",0
"KIAA1804",0
"KIF1C-AS1",0
"KIR2DS4",0
"KIR3DL3",0
"KIRREL-IT1",0
"KLF2P3",0
"KLK9_1",0
"KLK9_2",0
"KPNA7",0
"KRT126P",0
"KRT33A",0
"KRT33B",0
"KRT39",0
"KRT40",0
"KRT78",0
"KRTAP1-1",0
"KRTAP10-1",0
"KRTAP10-11",0
"KRTAP10-4",0
"KRTAP10-5",0
"KRTAP19-3",0
"KRTAP2-1",0
"KRTAP20-2",0
"KRTAP20-3",0
"KRTAP23-1",0
"KRTAP24-1",0
"KRTAP26-1",0
"KRTAP27-1",0
"KRTAP3-3",0
"KRTAP4-9",0
"KRTAP6-1",0
"LA16c-2F2.8",0
"LA16c-325D7.1",0
"LA16c-325D7.2",0
"LA16c-349E11.1",0
"LA16c-4G1.3",0
"LARP1BP3",0
"LCE6A",0
"LCN1P1",0
"LCN6",0
"LCN9",0
"LECT1",0
"LIN28AP2",0
"LINC00114",0
"LINC00297",0
"LINC00316",0
"LINC00322",0
"LINC00330",0
"LINC00352",0
"LINC00359",0
"LINC00366",0
"LINC00395",0
"LINC00400",0
"LINC00427",0
"LINC00440",0
"LINC00442",0
"LINC00454",0
"LINC00473",0
"LINC00488",0
"LINC00489",0
"LINC00502",0
"LINC00505",0
"LINC00518",0
"LINC00533",0
"LINC00558",0
"LINC00560",0
"LINC00566",0
"LINC00568",0
"LINC00572",0
"LINC00583",0
"LINC00605",0
"LINC00640",0
"LINC00862",0
"LINC00868",0
"LINC00900",0
"LINC00970",0
"LINC01029",0
"LINC01040",0
"LINC01044",0
"LINC01048",0
"LINC01054",0
"LINC01056",0
"LINC01059",0
"LINC01074",0
"LINC01087",0
"LINC01142",0
"LINC01150",0
"LINC01167",0
"LINC01630",0
"LINC01829",0
"LINC02783",0
"LIPI",0
"LIPK",0
"LL22NC03-23C6.13",0
"LL22NC03-2H8.4",0
"LOC100129520",0
"LOC100129924",0
"LOC100130301",0
"LOC100130705",0
"LOC100132146",0
"LOC100133267",0
"LOC100506944",0
"LOC101927476",0
"LOC101928220",0
"LOC101928761",0
"LOC101929469",0
"LOC102723451",0
"LOC102723899",0
"LOC102724657",0
"LOC107987032",0
"LOC390937",0
"LOC648044",0
"LOC730159",0
"LOC81691",0
"LRRC48",0
"LYPD4",0
"LYZL6",0
"MAGEA12",0
"MAGEA2",0
"MAGEA3",0
"MAGEA5",0
"MAGEA9",0
"MAGEB18",0
"MAGEB5",0
"MAPT-AS1",0
"MARCH10",0
"MARCH4",0
"MBD3L4",0
"MCIDAS",0
"MDC1-AS1",0
"MED15P1",0
"MED15P6",0
"MED15P8",0
"MEI4",0
"MEIOB",0
"MFI2",0
"MGC10955",0
"MIPEPP2",0
"MIR202HG",0
"MIR381HG",0
"MIR4519_1",0
"MKI67P1",0
"MME-AS1",0
"MOXD2P",0
"MS4A13",0
"MT1B",0
"MTHFD2P6",0
"MTND1P13",0
"MTND5P28",0
"MUM1L1",0
"NALCN-AS1",0
"NANOS2",0
"NAV2-AS4",0
"NBPF7",0
"NCCRP1",0
"NCLP1",0
"NEPNP",0
"NF1P5",0
"NF1P6",0
"NKX2-2-AS1",0
"NMS",0
"NOS2P1",0
"NPM1P2",0
"NPS",0
"NRG1-IT1",0
"NUP210P2",0
"NXF4",0
"OC90_1",0
"OC90_2",0
"ODF2-AS1",0
"OFCC1",0
"OOSP2",0
"OPN1MW",0
"OR10A3",0
"OR10AG1",0
"OR10C1",0
"OR10D3",0
"OR10G3",0
"OR10G4",0
"OR10G7",0
"OR10G9",0
"OR10H5",0
"OR10Q1",0
"OR10S1",0
"OR10V1",0
"OR10W1",0
"OR10X1",0
"OR10Z1",0
"OR11A1",0
"OR11H6",0
"OR11H7",0
"OR12D2",0
"OR13C3",0
"OR13F1",0
"OR13G1",0
"OR13H1",0
"OR14A16",0
"OR14I1",0
"OR14J1",0
"OR1B1",0
"OR1D5",0
"OR1E2",0
"OR1I1",0
"OR1J1",0
"OR1J2",0
"OR1J4",0
"OR1L6",0
"OR1M1",0
"OR1N1",0
"OR1S1",0
"OR2A1",0
"OR2A12",0
"OR2A14",0
"OR2A2",0
"OR2A25",0
"OR2A5",0
"OR2A7",0
"OR2AE1",0
"OR2AG1",0
"OR2AT4",0
"OR2B11",0
"OR2B3",0
"OR2D3",0
"OR2F1",0
"OR2F2",0
"OR2G6",0
"OR2H1",0
"OR2J2",0
"OR2L2",0
"OR2M3",0
"OR2M5",0
"OR2W1",0
"OR2Y1",0
"OR2Z1",0
"OR4A16",0
"OR4A8P",0
"OR4B1",0
"OR4C11",0
"OR4C12",0
"OR4C13",0
"OR4C16",0
"OR4C45",0
"OR4C4P",0
"OR4C6",0
"OR4D10",0
"OR4D6",0
"OR4D9",0
"OR4F21",0
"OR4K14",0
"OR4K15",0
"OR4K2",0
"OR4K5",0
"OR4L1",0
"OR4M1",0
"OR4N4",0
"OR4N5",0
"OR4Q3",0
"OR4S2",0
"OR4X1",0
"OR51F2",0
"OR51G2",0
"OR51I1",0
"OR51I2",0
"OR51M1",0
"OR51T1",0
"OR52A5",0
"OR52B6",0
"OR52D1",0
"OR52E2",0
"OR52E4",0
"OR52H1",0
"OR52I2",0
"OR52L1",0
"OR52M1",0
"OR52N1",0
"OR52N2",0
"OR52R1",0
"OR52W1",0
"OR56A3",0
"OR56A4",0
"OR56A5",0
"OR56B1",0
"OR5A2",0
"OR5AC2",0
"OR5AN1",0
"OR5AR1",0
"OR5AS1",0
"OR5AU1",0
"OR5B12",0
"OR5B2",0
"OR5B21",0
"OR5B3",0
"OR5C1",0
"OR5D14",0
"OR5D18",0
"OR5F2P",0
"OR5G5P",0
"OR5H14",0
"OR5H15",0
"OR5H2",0
"OR5H6",0
"OR5K1",0
"OR5K2",0
"OR5K3",0
"OR5K4",0
"OR5L1",0
"OR5M1",0
"OR5M10",0
"OR5M11",0
"OR5M3",0
"OR5M8",0
"OR5M9",0
"OR5P2",0
"OR5T2",0
"OR5T3",0
"OR5V1",0
"OR5W2",0
"OR6B1",0
"OR6B3",0
"OR6C1",0
"OR6C2",0
"OR6C3",0
"OR6C65",0
"OR6C68",0
"OR6C70",0
"OR6C74",0
"OR6C75",0
"OR6C76",0
"OR6F1",0
"OR6K6",0
"OR6N2",0
"OR6P1",0
"OR6S1",0
"OR6X1",0
"OR7A11P",0
"OR7E161P",0
"OR7G1",0
"OR7G2",0
"OR8A1",0
"OR8B12",0
"OR8B3",0
"OR8B4",0
"OR8D4",0
"OR8F1P",0
"OR8G2",0
"OR8G5",0
"OR8G7P",0
"OR8H2",0
"OR8H3",0
"OR8I2",0
"OR8J3",0
"OR8K1",0
"OR8K3",0
"OR8K5",0
"OR8U1",0
"OR9A2",0
"OR9A4",0
"OR9G4",0
"OR9K2",0
"OR9P1P",0
"OR9Q2",0
"OR9S24P",0
"PABPC1P13",0
"PABPC1P6",0
"PABPC1P9",0
"PAK7",0
"PALM2",0
"PAPPA-AS2",0
"PATE3",0
"PATE4",0
"PCDHA13",0
"PDZRN3-AS1",0
"PGCP1",0
"PHKG1P4",0
"PIH1D3",0
"PLSCR2",0
"PLSCR5",0
"PMS2P10",0
"POM121L2",0
"POTED",0
"PPIAL4C",0
"PRAME",0
"PRAMEF25",0
"PRAMEF4",0
"PRED58",0
"PRM2",0
"PRR15L",0
"PRR20D",0
"PRR20E",0
"PRSS45",0
"PRSS46",0
"PRSS51",0
"PRYP3",0
"PSMA6P1",0
"PTCHD2",0
"PTCHD3",0
"PWRN1",0
"RAET1M",0
"RBMX2P2",0
"RBMY2OP",0
"RCC2P6",0
"RGAG1",0
"RGS21",0
"RHOXF1-AS1",0
"RN7SL521P",0
"RNASE11",0
"RNASE11_2",0
"RNASE12",0
"RNASE13",0
"RNF6P1",0
"RP1-125I3.2",0
"RP1-127L4.7",0
"RP1-137D17.1",0
"RP1-168P16.2",0
"RP1-170O19.14",0
"RP1-190J20.2",0
"RP1-223B1.1",0
"RP1-251I12.1",0
"RP1-274L7.1",0
"RP1-27K12.2",0
"RP1-290I10.2",0
"RP1-29C18.10",0
"RP1-302D9.1",0
"RP1-302D9.2",0
"RP1-310O13.7",0
"RP1-313L4.3",0
"RP1-32I10.10",0
"RP1-35C21.1",0
"RP1-37J18.2",0
"RP1-40E16.9",0
"RP1-4G17.5",0
"RP1-55C23.7",0
"RP1-56K13.5",0
"RP1-68D18.2",0
"RP1-74B13.2",0
"RP1-85F18.5",0
"RP1-86D1.5",0
"RP1-90L6.3",0
"RP11-1018N14.1",0
"RP11-1026M7.2",0
"RP11-1028N23.2",0
"RP11-1028N23.4",0
"RP11-102C16.3",0
"RP11-1030E3.1",0
"RP11-1038A11.1",0
"RP11-103H7.2",0
"RP11-104N10.1",0
"RP11-1055B8.2",0
"RP11-1057B8.2",0
"RP11-105C19.1",0
"RP11-1070N10.4",0
"RP11-1079K10.5",0
"RP11-107N7.1",0
"RP11-107P7.5",0
"RP11-1082L8.3",0
"RP11-108K14.8",0
"RP11-109E24.1",0
"RP11-109N23.6",0
"RP11-10A14.6",0
"RP11-10O22.1",0
"RP11-1103G16.1",0
"RP11-110A12.2",0
"RP11-110H1.8",0
"RP11-110I1.11",0
"RP11-1112J20.2",0
"RP11-1113L8.1",0
"RP11-111G23.1",0
"RP11-112L6.2",0
"RP11-112L6.4",0
"RP11-113E21.1",0
"RP11-1144P22.1",0
"RP11-114H24.2",0
"RP11-115K3.1",0
"RP11-117L6.1",0
"RP11-118E18.4",0
"RP11-118K6.2",0
"RP11-119B16.2",0
"RP11-119H12.3",0
"RP11-119K6.6",0
"RP11-11K13.1",0
"RP11-123K19.1",0
"RP11-124O11.2",0
"RP11-1260E13.2",0
"RP11-1267H10.4",0
"RP11-126O1.5",0
"RP11-1281K21.1",0
"RP11-128B16.3",0
"RP11-129J12.2",0
"RP11-12M5.3",0
"RP11-131J3.1",0
"RP11-131L12.2",0
"RP11-132E11.2",0
"RP11-132M7.3",0
"RP11-132N15.3",0
"RP11-133O22.6",0
"RP11-134G8.7",0
"RP11-136C24.2",0
"RP11-1379J22.5",0
"RP11-138A23.2",0
"RP11-1391J7.1",0
"RP11-139B1.1",0
"RP11-139J15.5",0
"RP11-139K4.2",0
"RP11-13J10.1",0
"RP11-141M3.5",0
"RP11-142A23.1",0
"RP11-143E21.6",0
"RP11-143J24.1",0
"RP11-143M1.3",0
"RP11-143M1.7",0
"RP11-144G16.1",0
"RP11-144G7.2",0
"RP11-146E13.4",0
"RP11-146F11.5",0
"RP11-147C23.1",0
"RP11-148B18.3",0
"RP11-148B18.4",0
"RP11-148O21.4",0
"RP11-149B9.2",0
"RP11-14C22.6",0
"RP11-14I17.3",0
"RP11-14N9.2",0
"RP11-150D5.2",0
"RP11-152H18.4",0
"RP11-152K4.2",0
"RP11-155I9.1",0
"RP11-155L15.1",0
"RP11-157E21.1",0
"RP11-157P1.5",0
"RP11-158D2.2",0
"RP11-158I3.1",0
"RP11-158I3.3",0
"RP11-159D12.5",0
"RP11-15A1.2",0
"RP11-15J10.8",0
"RP11-160C18.4",0
"RP11-162D9.3",0
"RP11-162I7.1",0
"RP11-163M18.1",0
"RP11-163O19.11",0
"RP11-164H5.1",0
"RP11-165M1.3",0
"RP11-166A12.1",0
"RP11-166O4.1",0
"RP11-168A11.1",0
"RP11-168G16.2",0
"RP11-168L7.1",0
"RP11-168L7.3",0
"RP11-169F17.1",0
"RP11-173E2.2",0
"RP11-173M11.2",0
"RP11-174C7.2",0
"RP11-174G6.1",0
"RP11-175P13.2",0
"RP11-177N22.3",0
"RP11-178C3.2",0
"RP11-179A10.1",0
"RP11-179A16.1",0
"RP11-17L5.4",0
"RP11-180C1.1",0
"RP11-183M13.1",0
"RP11-184D12.1",0
"RP11-185H22.1",0
"RP11-185P18.2",0
"RP11-187C18.5",0
"RP11-187O7.3",0
"RP11-189E14.3",0
"RP11-189E14.5",0
"RP11-189G24.2",0
"RP11-18B16.2",0
"RP11-191G24.1",0
"RP11-195F19.30",0
"RP11-195F19.9",0
"RP11-196D18.1",0
"RP11-197N18.2",0
"RP11-204E9.1",0
"RP11-205K6.1",0
"RP11-208K4.1",0
"RP11-209K10.2",0
"RP11-20A20.2",0
"RP11-20I23.6",0
"RP11-210K20.2",0
"RP11-210M15.2",0
"RP11-211C9.1",0
"RP11-212P7.3",0
"RP11-216M21.6",0
"RP11-218E20.2",0
"RP11-219C24.10",0
"RP11-219E7.2",0
"RP11-220I1.2",0
"RP11-221N13.3",0
"RP11-223A3.1",0
"RP11-227H4.5",0
"RP11-228B15.4",0
"RP11-229P13.22",0
"RP11-230G5.2",0
"RP11-231C14.6",0
"RP11-231D20.2",0
"RP11-234B24.2",0
"RP11-235G24.3",0
"RP11-236P13.1",0
"RP11-238K6.1",0
"RP11-239E10.2",0
"RP11-23F23.2",0
"RP11-23P13.4",0
"RP11-240L7.4",0
"RP11-243E13.1",0
"RP11-244B22.11",0
"RP11-245J24.1",0
"RP11-249M12.2",0
"RP11-24P14.1",0
"RP11-253D19.2",0
"RP11-253M7.1",0
"RP11-254I22.3",0
"RP11-255A11.2",0
"RP11-255G21.1",0
"RP11-256I9.3",0
"RP11-259O2.1",0
"RP11-25H12.1",0
"RP11-260E18.1",0
"RP11-260O18.1",0
"RP11-261P9.4",0
"RP11-264B17.5",0
"RP11-264L1.3",0
"RP11-266K4.9",0
"RP11-266O15.3",0
"RP11-268P4.4",0
"RP11-269G24.4",0
"RP11-272D12.2",0
"RP11-273B19.1",0
"RP11-274B18.4",0
"RP11-274E7.1",0
"RP11-276H19.1",0
"RP11-276H7.2",0
"RP11-277A4.4",0
"RP11-278H7.3",0
"RP11-278L15.2",0
"RP11-279N8.1",0
"RP11-27G22.1",0
"RP11-27G24.1",0
"RP11-280H21.1",0
"RP11-281O15.4",0
"RP11-281P23.2",0
"RP11-282K24.3",0
"RP11-285C1.2",0
"RP11-285E9.6",0
"RP11-286H14.2",0
"RP11-286M16.1",0
"RP11-286N22.10",0
"RP11-287F9.1",0
"RP11-288I21.1",0
"RP11-290L7.2",0
"RP11-292F9.2",0
"RP11-293F5.8",0
"RP11-293M10.1",0
"RP11-295P9.8",0
"RP11-296L22.8",0
"RP11-297M9.1",0
"RP11-297N6.4",0
"RP11-298J20.3",0
"RP11-299G20.2",0
"RP11-299H22.1",0
"RP11-2N5.2",0
"RP11-300M24.1",0
"RP11-302L19.1",0
"RP11-304C12.3",0
"RP11-305A4.3",0
"RP11-305F18.1",0
"RP11-306G20.1",0
"RP11-306I1.2",0
"RP11-307O10.1",0
"RP11-308K2.1",0
"RP11-309E23.2",0
"RP11-309M23.1",0
"RP11-309N24.1",0
"RP11-30J20.1",0
"RP11-30K9.4",0
"RP11-30O15.1",0
"RP11-310H4.1",0
"RP11-310I9.1",0
"RP11-310P5.1",0
"RP11-311H10.4",0
"RP11-312A15.3",0
"RP11-312J18.6",0
"RP11-313I2.7",0
"RP11-314A5.3",0
"RP11-314D7.2",0
"RP11-315D16.4",0
"RP11-315O6.1",0
"RP11-315O6.2",0
"RP11-316M1.3",0
"RP11-317N6.1",0
"RP11-318K12.2",0
"RP11-319E16.1",0
"RP11-31F15.2",0
"RP11-31K23.2",0
"RP11-320G24.1",0
"RP11-320P7.2",0
"RP11-321E2.4",0
"RP11-321L2.1",0
"RP11-321M21.1",0
"RP11-322E11.5",0
"RP11-322I2.1",0
"RP11-324H7.1",0
"RP11-325F22.5",0
"RP11-326C3.10",0
"RP11-326C3.7",0
"RP11-327F22.4",0
"RP11-327F22.5",0
"RP11-327I22.8",0
"RP11-328C8.2",0
"RP11-328D5.1",0
"RP11-328N19.1",0
"RP11-329E24.6",0
"RP11-331F9.3",0
"RP11-332E19.2",0
"RP11-332J15.1",0
"RP11-333J10.3",0
"RP11-334A14.8",0
"RP11-336F14.1",0
"RP11-336K24.12",0
"RP11-337C18.4",0
"RP11-339D23.1",0
"RP11-342C24.8",0
"RP11-342M21.2",0
"RP11-343N15.1",0
"RP11-344G13.1",0
"RP11-345J4.6",0
"RP11-346J10.1",0
"RP11-347C12.10",0
"RP11-348M3.2",0
"RP11-350E12.4",0
"RP11-350G24.2",0
"RP11-351I24.1",0
"RP11-353N14.1",0
"RP11-353N4.7",0
"RP11-354H21.1",0
"RP11-354M20.3",0
"RP11-358H18.2",0
"RP11-359P5.1",0
"RP11-35O7.1",0
"RP11-362K2.2",0
"RP11-363J20.1",0
"RP11-363L24.3",0
"RP11-365N19.2",0
"RP11-367J11.3",0
"RP11-368M16.3",0
"RP11-370I10.2",0
"RP11-371A19.2",0
"RP11-371F15.3",0
"RP11-372E1.4",0
"RP11-374A4.1",0
"RP11-374M1.3",0
"RP11-375D13.2",0
"RP11-375D13.4",0
"RP11-375N15.1",0
"RP11-378I13.1",0
"RP11-379I19.1",0
"RP11-379I19.3",0
"RP11-379J5.5",0
"RP11-380D23.2",0
"RP11-380P13.1",0
"RP11-381N20.1",0
"RP11-385J1.2",0
"RP11-386G11.5",0
"RP11-388C12.5",0
"RP11-388E23.3",0
"RP11-388G22.1",0
"RP11-388N2.1",0
"RP11-389K14.3",0
"RP11-38G5.2",0
"RP11-390D11.1",0
"RP11-392E22.11",0
"RP11-393K10.1",0
"RP11-393M18.4",0
"RP11-394G3.2",0
"RP11-395B7.4",0
"RP11-395L14.3",0
"RP11-396C23.4",0
"RP11-399E6.1",0
"RP11-399K21.10",0
"RP11-3B12.3",0
"RP11-3P22.2",0
"RP11-402F9.3",0
"RP11-402G3.3",0
"RP11-404O13.1",0
"RP11-404P21.1",0
"RP11-404P21.8",0
"RP11-405F3.4",0
"RP11-405O10.2",0
"RP11-406D1.2",0
"RP11-407N17.3",0
"RP11-40F6.1",0
"RP11-40H20.4",0
"RP11-410N8.1",0
"RP11-413H22.2",0
"RP11-415C15.2",0
"RP11-417E7.1",0
"RP11-417F21.2",0
"RP11-417J8.1",0
"RP11-417J8.2",0
"RP11-417L19.4",0
"RP11-418B12.1",0
"RP11-420K14.8",0
"RP11-429P3.3",0
"RP11-42I10.1",0
"RP11-430H10.1",0
"RP11-430H12.2",0
"RP11-432I5.8",0
"RP11-432J24.5",0
"RP11-432M24.4",0
"RP11-432N13.2",0
"RP11-433J8.1",0
"RP11-433M22.2",0
"RP11-435B5.7",0
"RP11-436H16.1",0
"RP11-436I24.1",0
"RP11-439A17.9",0
"RP11-439I14.2",0
"RP11-439L18.1",0
"RP11-440G5.2",0
"RP11-440G9.1",0
"RP11-440I14.2",0
"RP11-442H21.2",0
"RP11-444E17.6",0
"RP11-446E24.4",0
"RP11-449D8.2",0
"RP11-449J1.1",0
"RP11-449L23.2",0
"RP11-44F14.4",0
"RP11-44L9.2",0
"RP11-450I1.2",0
"RP11-452D21.1",0
"RP11-454C18.2",0
"RP11-456O19.4",0
"RP11-457I16.2",0
"RP11-459F6.3",0
"RP11-45M22.3",0
"RP11-45M22.4",0
"RP11-460I19.2",0
"RP11-461K13.1",0
"RP11-462G12.1",0
"RP11-462G12.2",0
"RP11-464C19.3",0
"RP11-465K1.2",0
"RP11-466A19.6",0
"RP11-467J12.4",0
"RP11-468D11.1",0
"RP11-468E2.6",0
"RP11-469A15.2",0
"RP11-46E17.6",0
"RP11-472K22.1",0
"RP11-472N13.2",0
"RP11-473I1.5",0
"RP11-474P2.2",0
"RP11-476B1.1",0
"RP11-476F14.1",0
"RP11-476M19.2",0
"RP11-477N12.3",0
"RP11-479J7.2",0
"RP11-47J17.3",0
"RP11-480D4.1",0
"RP11-480D4.2",0
"RP11-482E14.1",0
"RP11-483I13.2",0
"RP11-485M7.3",0
"RP11-486M23.2",0
"RP11-488C13.4",0
"RP11-488I20.7",0
"RP11-491F9.6",0
"RP11-491H19.1",0
"RP11-495K9.3",0
"RP11-495K9.6",0
"RP11-495K9.9",0
"RP11-495P10.6",0
"RP11-496B10.3",0
"RP11-497G19.2",0
"RP11-498D10.3",0
"RP11-49G10.3",0
"RP11-500K19.1",0
"RP11-501J20.2",0
"RP11-503L19.1",0
"RP11-504P24.3",0
"RP11-506N2.1",0
"RP11-507K13.4",0
"RP11-510C10.2",0
"RP11-510C10.3",0
"RP11-510J16.5",0
"RP11-510M2.4",0
"RP11-511B7.1",0
"RP11-513G11.2",0
"RP11-515E23.1",0
"RP11-515E23.2",0
"RP11-517C16.2",0
"RP11-520A21.1",0
"RP11-521J24.1",0
"RP11-523O18.1",0
"RP11-524P6.1",0
"RP11-526A4.1",0
"RP11-526D8.7",0
"RP11-527L4.5",0
"RP11-528A4.2",0
"RP11-528N21.1",0
"RP11-529A4.12",0
"RP11-529J17.1",0
"RP11-529J17.5",0
"RP11-533O20.2",0
"RP11-534L6.2",0
"RP11-534L6.5",0
"RP11-534N16.1",0
"RP11-535A19.1",0
"RP11-536G4.2",0
"RP11-539E17.5",0
"RP11-53B2.3",0
"RP11-53L24.1",0
"RP11-541G9.1",0
"RP11-541G9.2",0
"RP11-541P9.3",0
"RP11-542A14.1",0
"RP11-542B15.1",0
"RP11-542C10.1",0
"RP11-542M13.2",0
"RP11-543C4.3",0
"RP11-543D5.1",0
"RP11-545G3.1",0
"RP11-545L5.1",0
"RP11-546K22.1",0
"RP11-547C13.1",0
"RP11-548M13.1",0
"RP11-550H2.2",0
"RP11-551L14.7",0
"RP11-552F3.4",0
"RP11-552J9.9",0
"RP11-552M11.4",0
"RP11-553E24.2",0
"RP11-553P9.3",0
"RP11-554D14.4",0
"RP11-554D15.3",0
"RP11-554I8.2",0
"RP11-555G19.1",0
"RP11-557B23.3",0
"RP11-559N14.5",0
"RP11-561P12.5",0
"RP11-563M4.1",0
"RP11-566K19.3",0
"RP11-567L7.6",0
"RP11-567M16.3",0
"RP11-568J23.5",0
"RP11-569A11.2",0
"RP11-56P9.5",0
"RP11-571E6.1",0
"RP11-571M6.15",0
"RP11-573D15.1",0
"RP11-573J24.1",0
"RP11-574K11.29",0
"RP11-575B7.3",0
"RP11-575C20.1",0
"RP11-575I8.1",0
"RP11-576N17.5",0
"RP11-577G20.2",0
"RP11-57A19.4",0
"RP11-580I1.2",0
"RP11-586D19.2",0
"RP11-586K12.10",0
"RP11-586L23.1",0
"RP11-58K22.1",0
"RP11-595B24.1",0
"RP11-597K23.2",0
"RP11-598F7.1",0
"RP11-598F7.4",0
"RP11-5P18.10",0
"RP11-600L4.1",0
"RP11-608O8.2",0
"RP11-60A8.1",0
"RP11-60A8.2",0
"RP11-610P16.1",0
"RP11-613C6.2",0
"RP11-613M10.6",0
"RP11-613M10.9",0
"RP11-619A14.3",0
"RP11-61A14.4",0
"RP11-61D3.1",0
"RP11-61J19.2",0
"RP11-624M8.1",0
"RP11-625H11.2",0
"RP11-626H12.1",0
"RP11-627G18.1",0
"RP11-62C3.6",0
"RP11-630D6.5",0
"RP11-634B22.4",0
"RP11-63A11.1",0
"RP11-63K6.5",0
"RP11-63M22.2",0
"RP11-63N3.1",0
"RP11-641A6.8",0
"RP11-642M2.1",0
"RP11-643M14.1",0
"RP11-646J21.2",0
"RP11-646J21.6",0
"RP11-649G15.2",0
"RP11-64B16.3",0
"RP11-64C1.1",0
"RP11-64C12.3",0
"RP11-64D24.4",0
"RP11-654C22.2",0
"RP11-655H13.2",0
"RP11-65D17.1",0
"RP11-65N13.8",0
"RP11-661C8.2",0
"RP11-662M24.1",0
"RP11-663N22.1",0
"RP11-665A22.1",0
"RP11-665C14.2",0
"RP11-665C16.6",0
"RP11-666I19.2",0
"RP11-66B24.7",0
"RP11-66B24.8",0
"RP11-66D17.5",0
"RP11-66N11.8",0
"RP11-672L10.1",0
"RP11-673C5.2",0
"RP11-677I18.3",0
"RP11-67A1.2",0
"RP11-67H2.1",0
"RP11-67H24.2",0
"RP11-680E19.2",0
"RP11-685A21.1",0
"RP11-687M24.4",0
"RP11-688G15.3",0
"RP11-68D16.2",0
"RP11-68L18.1",0
"RP11-690C23.5",0
"RP11-697H9.3",0
"RP11-69C17.3",0
"RP11-69G7.1",0
"RP11-69H14.6",0
"RP11-69L16.4",0
"RP11-6N17.9",0
"RP11-6O2.3",0
"RP11-700E23.2",0
"RP11-700H6.4",0
"RP11-702C7.2",0
"RP11-702F3.3",0
"RP11-703H8.7",0
"RP11-703M24.5",0
"RP11-706D8.3",0
"RP11-70C1.3",0
"RP11-710F7.3",0
"RP11-711C17.2",0
"RP11-713P17.4",0
"RP11-713P17.5",0
"RP11-716O23.2",0
"RP11-717D12.1",0
"RP11-718G2.5",0
"RP11-71E19.1",0
"RP11-722P11.4",0
"RP11-723O4.6",0
"RP11-729I10.2",0
"RP11-734K21.2",0
"RP11-734K21.3",0
"RP11-736E3.1",0
"RP11-736N17.8",0
"RP11-738B7.1",0
"RP11-73G16.3",0
"RP11-73M7.1",0
"RP11-742D12.2",0
"RP11-745O10.2",0
"RP11-746B8.1",0
"RP11-748L13.2",0
"RP11-74M13.4",0
"RP11-753B14.1",0
"RP11-755B10.3",0
"RP11-755F10.3",0
"RP11-75A9.3",0
"RP11-760D2.1",0
"RP11-770J1.3",0
"RP11-774I5.1",0
"RP11-775H9.2",0
"RP11-776A13.3",0
"RP11-77A13.1",0
"RP11-77K12.5",0
"RP11-783K16.13",0
"RP11-783K16.14",0
"RP11-783L4.1",0
"RP11-78C3.1",0
"RP11-78H24.1",0
"RP11-790J24.1",0
"RP11-798K3.2",0
"RP11-7F17.7",0
"RP11-7M8.2",0
"RP11-802F5.1",0
"RP11-803B1.2",0
"RP11-804H8.6",0
"RP11-805I24.3",0
"RP11-805L22.3",0
"RP11-807H7.1",0
"RP11-810H18.1",0
"RP11-812E19.12",0
"RP11-812E19.14",0
"RP11-812E19.3",0
"RP11-81K13.1",0
"RP11-822E23.7",0
"RP11-824M15.3",0
"RP11-82L18.2",0
"RP11-82L2.1",0
"RP11-82L7.4",0
"RP11-830F9.5",0
"RP11-834C11.7",0
"RP11-835E18.5",0
"RP11-843B15.2",0
"RP11-84C10.1",0
"RP11-84O12.4",0
"RP11-855A2.5",0
"RP11-857B24.1",0
"RP11-862G15.1",0
"RP11-862G15.2",0
"RP11-863K10.2",0
"RP11-866E20.1",0
"RP11-875H7.1",0
"RP11-87N24.2",0
"RP11-883G10.1",0
"RP11-887P2.3",0
"RP11-887P2.6",0
"RP11-889D3.2",0
"RP11-890B15.2",0
"RP11-893F2.13",0
"RP11-897M7.1",0
"RP11-8P11.3",0
"RP11-907D1.1",0
"RP11-90E5.1",0
"RP11-91I20.3",0
"RP11-91I8.3",0
"RP11-91P17.1",0
"RP11-92C4.3",0
"RP11-92G12.3",0
"RP11-93B14.5",0
"RP11-93H12.4",0
"RP11-941H19.3",0
"RP11-94B19.5",0
"RP11-94H18.1",0
"RP11-94H18.2",0
"RP11-955H22.1",0
"RP11-958F21.3",0
"RP11-959I15.1",0
"RP11-95K23.3",0
"RP11-967K21.2",0
"RP11-96C21.1",0
"RP11-973F15.2",0
"RP11-973H7.4",0
"RP11-977G19.11",0
"RP11-982M15.5",0
"RP11-983C2.2",0
"RP11-986E7.2",0
"RP11-989E6.3",0
"RP11-98P2.1",0
"RP11-991C1.1",0
"RP11-995C19.2",0
"RP11-99E15.2",0
"RP13-297E16.5",0
"RP13-30A9.2",0
"RP13-317D12.3",0
"RP13-347D8.1",0
"RP13-379L11.1",0
"RP13-39P12.3",0
"RP13-444H2.1",0
"RP13-487K5.1",0
"RP13-638C3.3",0
"RP13-753N3.1",0
"RP13-824C8.2",0
"RP13-870H17.3",0
"RP3-340N1.2",0
"RP3-369A17.4",0
"RP3-388M5.9",0
"RP3-407E4.4",0
"RP3-416J7.4",0
"RP3-434P1.6",0
"RP3-436N22.3",0
"RP3-462D8.2",0
"RP3-470L22.1",0
"RP3-473B4.3",0
"RP3-486I3.5",0
"RP3-508I15.19",0
"RP3-510D11.2",0
"RP3-510L9.1",0
"RP3-514A23.2",0
"RP4-530I15.6",0
"RP4-541C22.5",0
"RP4-550H1.5",0
"RP4-562J12.2",0
"RP4-569M23.2",0
"RP4-590F24.1",0
"RP4-597A16.2",0
"RP4-601P9.1",0
"RP4-607I7.1",0
"RP4-614C15.2",0
"RP4-663N10.2",0
"RP4-669L17.8",0
"RP4-683L5.1",0
"RP4-683M8.2",0
"RP4-705F19.1",0
"RP4-705O1.1",0
"RP4-735C1.6",0
"RP4-749H3.2",0
"RP4-753D10.5",0
"RP4-758J18.7",0
"RP4-760C5.5",0
"RP4-773N10.6",0
"RP4-781K5.7",0
"RP4-784A16.4",0
"RP4-788L20.3",0
"RP4-801G22.2",0
"RP4-806M20.5",0
"RP4-813D12.2",0
"RP5-1004I9.1",0
"RP5-1006K12.1",0
"RP5-1022P6.4",0
"RP5-1022P6.5",0
"RP5-1024G6.2",0
"RP5-1027G4.3",0
"RP5-1027O15.1",0
"RP5-1028L10.1",0
"RP5-1029F21.2",0
"RP5-1048B16.1",0
"RP5-1061H20.5",0
"RP5-1087E8.3",0
"RP5-1092A11.2",0
"RP5-1097P24.1",0
"RP5-1101C3.1",0
"RP5-1112F19.2",0
"RP5-1125N11.1",0
"RP5-1139B12.3",0
"RP5-1139B12.4",0
"RP5-1170K4.7",0
"RP5-1180C18.1",0
"RP5-1185H19.2",0
"RP5-827A12.2",0
"RP5-827C21.2",0
"RP5-827L5.2",0
"RP5-843L14.1",0
"RP5-860P4.2",0
"RP5-865N13.2",0
"RP5-884G6.2",0
"RP5-893G23.1",0
"RP5-930J4.4",0
"RP5-936J12.1",0
"RP5-940J5.3",0
"RP5-942I16.1",0
"RP5-944M2.1",0
"RP5-944M2.3",0
"RP5-965F6.2",0
"RP5-984P4.4",0
"RP5-994D16.3",0
"RP5-994D16.9",0
"RP5-998N21.10",0
"RP5-998N21.7",0
"RPL10AP9",0
"RPL21P71",0
"RPL21P98",0
"RPL30P11",0
"RPL7AP23",0
"RPS10P16",0
"RPS11P6",0
"RSPO4",0
"RTP2",0
"RXFP3",0
"SDR16C6P",0
"SEMA3B-AS1",0
"SEPT12",0
"SEPT14",0
"SEPW1P",0
"SH2D7",0
"SHANK2-AS1",0
"SIGLEC28P",0
"SIGLEC31P",0
"SIK3-IT1",0
"SIRPB3P",0
"SKINTL",0
"SLC16A6P1",0
"SLC25A6P5",0
"SLC2A7",0
"SLC38A8",0
"SMIM18",0
"SMIM21",0
"SOCS2P1",0
"SOCS5P2",0
"SPACA5B",0
"SPACA7",0
"SPAG11A",0
"SPAG11B",0
"SPATA31A3",0
"SPATS1",0
"SPDYE8P",0
"SPDYE9P",0
"SPEM1",0
"SPINK14",0
"SPINT3",0
"SPINT4",0
"SPPL2C",0
"SSX4",0
"SSX4B",0
"SSX8",0
"STK33P1",0
"STRA13",0
"SUB1P4",0
"SUCLG2P4",0
"TACC1P1",0
"TAS2R10",0
"TAS2R13",0
"TAS2R30",0
"TAS2R42",0
"TAS2R46",0
"TAS2R7",0
"TBC1D3G",0
"TBC1D3K|TBC1D3E",0
"TBC1D3P1-DHX40P1",0
"TBX22",0
"TCEB3B",0
"TCL1B",0
"TCTE3",0
"TCTEX1D2",0
"TEX28",0
"TEX40",0
"TGIF2LX",0
"TGM6",0
"THUMPD1P1",0
"TMCO5B",0
"TMEM133",0
"TMEM136",0
"TMEM189-UBE2V1",0
"TMEM207",0
"TMEM211",0
"TMEM212",0
"TMEM215",0
"TMEM236_1",0
"TMEM239",0
"TMEM239_1",0
"TMEM247",0
"TMEM257",0
"TMEM27",0
"TMEM8C",0
"TMPRSS11E",0
"TOPAZ1",0
"TP53TG3C",0
"TPT1P2",0
"TRAJ27",0
"TRAV38-2DV8",0
"TRBV21-1",0
"TRBV21OR9-2",0
"TRIM51FP",0
"TRIM53BP",0
"TRIM53CP",0
"TRIM59-IFT80",0
"TRIM64C",0
"TRPV5",0
"TSEN15P1",0
"TSPAN9-IT1",0
"TSPEAR-AS1",0
"TSPY3",0
"TTLL7-IT1",0
"TTTY6",0
"TUBA3GP",0
"TUBB1P2",0
"TUBB3_2",0
"TUBB8P7",0
"U82670.4",0
"U91319.1",0
"UBTFL3",0
"UGT1A10",0
"UGT2A2",0
"UGT2B15",0
"ULK4P3",0
"VIPR1-AS1",0
"VN1R4",0
"VN1R7P",0
"WDR63",0
"WDR65",0
"WEE2",0
"WI2-2373I1.2",0
"WI2-2994D6.1",0
"WI2-80269A6.1",0
"WISP3",0
"XX-CR54.1",0
"XX-FW80269A6.1",0
"XX-FW84067D5.2",0
"XXbac-BPG252P9.10",0
"XXbac-BPG254F23.7",0
"XXcos-LUCA11.4",0
"Z84812.4",0
"ZAR1L",0
"ZBTB12P1",0
"ZCCHC5",0
"ZNF143-AS1",0
"ZNF625-ZNF20",0
"ZNF658B",0
"ZNF679",0
"ZNF709_1",0
"ZNF725P",0
"ZNF788_2",0
"ZNF885P",0
"snoU13_112",0
"ZNF555",-6.67201336914157e-20
"OGFOD1",-6.67201336914157e-20
"LOC107985563",-6.67201336914157e-20
"RNU1-4",-6.67201336914157e-20
"RPS7P11",-6.67201336914271e-20
"HDGFL3",-6.67201336916126e-20
"UNC119B",-6.67201336918955e-20
"ZNF250",-6.67201336934094e-20
"HAVCR2",-6.67201339646714e-20
"HMGXB4",-6.67201340088948e-20
"ENG",-6.67204166620633e-20
"SYNJ2",-1.33440267382822e-19
"TBC1D5",-1.33440267382831e-19
"DHDDS",-1.33440267382831e-19
"FCGRT",-1.33440270154233e-19
"TRAM2",-2.00160401074247e-19
"GALNT7",-2.66880534765658e-19
"HERC6",-2.66880534765663e-19
"PAK2",-2.66880534786556e-19
"CNFN",-3.33600668457078e-19
"BLK",-4.67040935839935e-19
"LRRC8A",-5.33761069531323e-19
"CALM3",-9.34081871679819e-19
"C17orf50",-3.06161500191351e-06
"PEX6",-3.49590312960254e-06
"LOC283683",-6.09291698400609e-06
"IGHE",-6.85453160700685e-06
"OR52N4",-6.85453160700685e-06
"TMEM132E",-7.61614623000761e-06
"IGLV3-9",-9.9009900990099e-06
"VPS9D1-AS1",-1.14242193450114e-05
"QRFP",-2.68433342470012e-05
"TRBV2",-2.91001649160332e-05
"GNB4",-3.24458107879315e-05
"CEMIP2",-3.35590127432996e-05
"PRR11",-3.36670290033111e-05
"LOC100507336",-6.21376248527086e-05
"AKAP5",-7.0685746990963e-05
"PAX5",-7.24195559836514e-05
"H3P36",-7.69230769230769e-05
"LINC01744",-7.69230769230769e-05
"LOC105372832",-7.69230769230769e-05
"LOC107985892",-7.69230769230769e-05
"MARCHF6-DT",-7.69230769230769e-05
"SNORD13",-7.69230769230769e-05
"TTC27",-7.69779494437752e-05
"PIP4K2B",-7.80710534723903e-05
"PLEKHG6",-9.51048110670591e-05
"GGTLC2",-9.62059369124016e-05
"OR6K3",-9.62059369124016e-05
"RLN3",-9.62059369124016e-05
"TRBV5-3",-9.62059369124016e-05
"TRIM49D2",-9.62059369124016e-05
"MAGOH",-0.000101501848895096
"ACADL",-0.000108810414420848
"CCL28",-0.000110351592671635
"SAP18",-0.000112025263112949
"DMRTC1",-0.000116096498462048
"ZGLP1",-0.000119165302760509
"ACSM3",-0.000151268317019251
"ACTR3",-0.000153609673708635
"SPTLC1",-0.000153707106333237
"CHRM3-AS2",-0.000153846153846154
"FOXP1-DT",-0.000153846153846154
"LINC02193",-0.000153846153846154
"LOC101929719",-0.000153846153846154
"LOC124904135",-0.000153846153846154
"MRPL23",-0.000153846153846154
"NAMPT-AS1",-0.000153846153846154
"RPL3P13",-0.000153846153846154
"SIMALR",-0.000153846153846154
"SMIM33",-0.000153846153846154
"SNORA11F",-0.000153846153846154
"NUB1",-0.000155382621730357
"EVL",-0.000156324788681214
"MBLAC2",-0.000158408137571079
"DSN1",-0.000160052502712982
"CALCOCO1",-0.000164988456571516
"OOSP3",-0.000173958915484236
"AREL1",-0.000174930416384469
"KCNJ5",-0.000179236216294299
"TMEM86A",-0.000180843957403101
"ACTG1P12",-2e-04
"LINC01671",-2e-04
"LINC01825",-2e-04
"LOC101928906",-2e-04
"MAFTRR",-2e-04
"MIR3124",-2e-04
"MIRLET7IHG",-2e-04
"PPIAL4G",-2e-04
"PTPN23-DT",-2e-04
"RNA5S17",-2e-04
"RPL19P15",-2e-04
"RPL23AP45",-2e-04
"RPL8P2",-2e-04
"SMIM14-DT",-2e-04
"SNORA54",-2e-04
"SNORA79",-2e-04
"DICER1",-0.000200924439858127
"EVX1",-0.000218846649068102
"XPR1",-0.000222093657758226
"LOC102723475",-0.000228484743638347
"NCR3",-0.00022978754896436
"RBM10",-0.000229980193283856
"NKRF",-0.000230751163561261
"FGL1",-0.000230753383013657
"IGHV3-48",-0.000230769230769231
"IRF2-DT",-0.000230769230769231
"LINC00539",-0.000230769230769231
"LOC101927702",-0.000230769230769231
"LOC124901151",-0.000230769230769231
"RPS21-DT",-0.000230769230769231
"RPS4XP6",-0.000230769230769231
"TRBV4-2",-0.000230769230769231
"VHL",-0.000231744079151435
"IQCH-AS1",-0.000232436805351759
"DHTKD1",-0.000234288401332005
"CUL7",-0.000235391539562509
"MFSD13A",-0.00025081116576974
"SGK1",-0.000260100222065077
"CARD17",-0.000263951693709075
"NECAP2",-0.000269952346376305
"TOR1A",-0.000276249139879826
"MAP7D3",-0.000277463653336513
"MRPL52",-0.000277846026036245
"QSOX2",-0.000288808714682167
"LINC01954",-3e-04
"LINC02561",-3e-04
"LOC100287243",-3e-04
"LOC101927369",-3e-04
"NDUFB8P2",-3e-04
"PDE7A-DT",-3e-04
"SCARNA17",-3e-04
"ZNF470-DT",-3e-04
"MIRLET7A1HG",-0.000306584512052411
"LINC01331",-0.000307692307692308
"LOC102724104",-0.000307692307692308
"LOC105375754",-0.000307692307692308
"LOC124906608",-0.000307692307692308
"MATCAP1",-0.000307692307692308
"MIR3142HG",-0.000307692307692308
"MIR4432HG",-0.000307692307692308
"SPMIP4",-0.000307692307692308
"TRAV41",-0.000307692307692308
"FXN",-0.000309753272806158
"ENSA",-0.0003185605223318
"SETD3",-0.000337229827526182
"CLCA3P",-0.000337323648912147
"TRIM8",-0.000341315148270689
"TBX2",-0.000349614601971741
"LGALS12",-0.000351748491618516
"CDK5RAP1",-0.000361336912772101
"LINC01970",-0.000363995809919312
"GANAB",-0.000372574117232902
"SMIM22",-0.000372855340462865
"HAAO",-0.000374924090972414
"FGD2",-0.000377828483429096
"EDRF1",-0.000380796461841319
"DROSHA",-0.000384342855560744
"LOC105376244",-0.000384615384615385
"LOC105377267",-0.000384615384615385
"RPL21P21",-0.000384615384615385
"TRBV10-2",-0.000384615384615385
"TRGV9",-0.000384615384615385
"SLC33A1",-0.000388416789476583
"JMJD8",-0.000389592531456507
"ADAMTSL4-AS2",-4e-04
"BMAL2",-4e-04
"CD8B2",-4e-04
"H19",-4e-04
"H2AB2",-4e-04
"HCCS-DT",-4e-04
"PELP1-DT",-4e-04
"RACK1P1",-4e-04
"RPL13AP27",-4e-04
"RPL18P8",-4e-04
"RPS15AP40",-4e-04
"SNHG4",-4e-04
"TBC1D3K",-4e-04
"TCF12-DT",-4e-04
"TRAJ61",-4e-04
"ZNF341-AS1",-4e-04
"ZNF496-DT",-4e-04
"GET1",-0.000402247901459441
"EID3",-0.000408127527392232
"ATIC",-0.000424554548864539
"TRAV16",-0.0004398902032152
"RASAL2",-0.000450256240571682
"DNAJC11",-0.000461200786548783
"ATXN7L3-AS1",-0.000461538461538462
"L1TD1",-0.000461538461538462
"LINC03008",-0.000461538461538462
"SPMIP8",-0.000461538461538462
"TBC1D3D",-0.000461538461538462
"TRAV35",-0.000461538461538462
"TRAV36DV7",-0.000461538461538462
"TSNAX-DT",-0.000461538461538462
"ASCL4",-0.000462718609933375
"BNIPL",-0.000462811019990214
"KCNN4",-0.000462905356363318
"ZNF786",-0.000468067641351758
"ZNF30",-0.000473017934690212
"YIPF6",-0.000479250139168685
"PLEKHM1",-0.000482994851899239
"KHDRBS2",-0.000489601519696806
"FAM205C",-0.000490209733293057
"DCUN1D5",-0.000491010353107027
"EIF2AP3",-5e-04
"KHDC1-AS1",-5e-04
"MIR635",-5e-04
"NHSL3",-5e-04
"RPL18AP9",-5e-04
"RPL18P5",-5e-04
"RPS2P4",-5e-04
"RTP5",-5e-04
"SNORD15B",-5e-04
"CCDC88C",-0.000505249691997399
"PHGDH",-0.00050539131352912
"SETD7",-0.000507800476294983
"PIK3CG",-0.000519128686185384
"LINC00842",-0.000522881148409556
"HLA-C",-0.000523211484730979
"LRSAM1",-0.000526272852792234
"TRAPPC6B",-0.000530671123997734
"ZNF816",-0.000535445180847296
"FLNA",-0.000537587485510531
"KIF16B",-0.000537652021175011
"CFAP97D2",-0.000538461538461538
"CSF2RBP1",-0.000538461538461538
"DLGAP1-AS6",-0.000538461538461538
"IQSEC3-AS2",-0.000538461538461538
"MTCL2",-0.000538461538461538
"RPL23AP25",-0.000538461538461538
"RPSAP47",-0.000538461538461538
"SLC30A6-DT",-0.000538461538461538
"USP34-DT",-0.000538461538461538
"PP12613",-0.000538956315814912
"NRROS",-0.000538960262455098
"ZNF638",-0.000544796106939878
"AKT1",-0.000546377341073037
"CHI3L1",-0.000555598499905475
"DRAM1",-0.00055769652472228
"TAMM41",-0.000562948954210545
"ANGEL1",-0.000569284641437878
"NLRP4",-0.000569301887349815
"MYO9B",-0.000578288623416814
"DUSP2",-0.000583755218752692
"MACROD1",-0.000590243497956674
"ERI3",-0.000594229666793134
"GSPT1",-0.000598434438144629
"RPL17P36",-6e-04
"ADGRE5",-0.000607936501075719
"AKAP1-DT",-0.000615384615384615
"C19orf84",-0.000615384615384615
"CLCN3P1",-0.000615384615384615
"DLGAP1-AS3",-0.000615384615384615
"LINC02072",-0.000615384615384615
"LOC105373429",-0.000615384615384615
"LOC124904917",-0.000615384615384615
"RPL23AP3",-0.000615384615384615
"RPL32P6",-0.000615384615384615
"RPL36AP41",-0.000615384615384615
"RPL7AP53",-0.000615384615384615
"RPS6P25",-0.000615384615384615
"STPG4",-0.000615384615384615
"TP53TG3",-0.000615384615384615
"HEBP1",-0.000615477544715395
"LINC02725",-0.000625
"LOC124907726",-0.000625
"ENHO",-0.000632990370270886
"TSEN2",-0.000647313309447017
"ASZ1",-0.000648521527001557
"FADD",-0.000651642205956586
"NEK8",-0.000653294785492852
"ACADSB",-0.000671296063661823
"TMIGD2",-0.000671944260752836
"ASXL2",-0.000675447163261513
"FKBP1B",-0.000689903637903997
"CPNE8-AS1",-0.000692307692307692
"CSGALNACT2-DT",-0.000692307692307692
"ELOBP1",-0.000692307692307692
"H4C16",-0.000692307692307692
"LINC01526",-0.000692307692307692
"LINC01907",-0.000692307692307692
"LINC02356",-0.000692307692307692
"LINC02863",-0.000692307692307692
"LINC02947",-0.000692307692307692
"LOC100128059",-0.000692307692307692
"LOC101928965",-0.000692307692307692
"LOC124903183",-0.000692307692307692
"LOC124904411",-0.000692307692307692
"LRRC51",-0.000692307692307692
"MYL11",-0.000692307692307692
"NFILZ",-0.000692307692307692
"PLA2G10JP",-0.000692307692307692
"PPIAL4D",-0.000692307692307692
"PSMB3P2",-0.000692307692307692
"RPL17P9",-0.000692307692307692
"RPL19P2",-0.000692307692307692
"RPL31P61",-0.000692307692307692
"RPS7P14",-0.000692307692307692
"SNORA49",-0.000692307692307692
"SNORA59B",-0.000692307692307692
"SORL1-AS1",-0.000692307692307692
"SYNGAP1-AS1",-0.000692307692307692
"CLIC4",-0.000697261402260114
"MATN4",-0.000700652138790057
"TEX14",-0.000704600466988399
"ZMYND11",-0.000706581427090045
"KRT18P43",-0.000725604487187503
"USO1",-0.000731704581234137
"NSMCE3",-0.000735860567819823
"LOC105369250",-0.000769230769230769
"LOC105379699",-0.000769230769230769
"LOC107985074",-0.000769230769230769
"RNU1-27P",-0.000769230769230769
"SNORA23",-0.000769230769230769
"TLR7",-0.000783826078922059
"BEX5",-0.000785254949718539
"PIGQ",-0.000793786744610801
"URB2",-0.000797500285829943
"INO80C",-0.000797915479066718
"SLC2A8",-0.000804566860414217
"TRGV5P",-0.000806545317078822
"RNASE6",-0.000809577526768697
"RIPK1",-0.000810207686569419
"LOC124904146",-0.000818181818181818
"LINC01396",-0.000821330826671129
"CPQ",-0.000823888861248542
"SUDS3",-0.000831318361742537
"LINC02432",-0.000838559400460681
"NBPF11",-0.00084361140449544
"CCR12P",-0.000846153846153846
"DPRXP4",-0.000846153846153846
"EFCAB10-AS1",-0.000846153846153846
"H2AC25",-0.000846153846153846
"H2BP3",-0.000846153846153846
"KBTBD6-DT",-0.000846153846153846
"LINC01624",-0.000846153846153846
"LOC105372435",-0.000846153846153846
"LOC105378268",-0.000846153846153846
"LOC124906839",-0.000846153846153846
"MIR342",-0.000846153846153846
"PSME2P3",-0.000846153846153846
"RPL7AP78",-0.000846153846153846
"RPS27AP11",-0.000846153846153846
"TRAJ17",-0.000846153846153846
"TRAV39",-0.000846153846153846
"ZNG1F",-0.000846153846153846
"BISPR",-0.000846155840328908
"CASP7",-0.000849733228249677
"USP44",-0.000855468688463266
"HDAC8",-0.000855542271799906
"NCBP2L",-0.000858412740235818
"AURKAIP1",-0.000874748790348544
"GATA3-AS1",-0.000875
"LINC01342",-0.000875
"LOC107984709",-0.000875
"ECSIT",-0.000886313727279268
"CCZ1",-0.000890129468570083
"TMEM69",-0.000894809538771285
"ZNF182",-0.000902451327407027
"LINC01612",-0.00090590922796796
"CCDC15-DT",-0.000909090909090909
"IGHV4-30-2",-0.000909090909090909
"LINC03105",-0.000909090909090909
"LOC100131785",-0.000909090909090909
"LOC124901661",-0.000909090909090909
"OR7E36P",-0.000909090909090909
"PPIAP45",-0.000909090909090909
"RPL31P63",-0.000909090909090909
"RPS14P10",-0.000909090909090909
"SPMIP2",-0.000909090909090909
"TMEM252-DT",-0.000909090909090909
"IPCEF1",-0.000910067044719956
"AGA-DT",-0.000923076923076923
"CACNA1C-AS1",-0.000923076923076923
"CIMAP2",-0.000923076923076923
"CLCA4-AS1",-0.000923076923076923
"DUTP6",-0.000923076923076923
"ESRG",-0.000923076923076923
"IGHV1-69D",-0.000923076923076923
"IGHV4-59",-0.000923076923076923
"LINC02803",-0.000923076923076923
"LOC101926907",-0.000923076923076923
"LOC101929698",-0.000923076923076923
"LOC107985688",-0.000923076923076923
"NQO2-AS1",-0.000923076923076923
"RPL23AP57",-0.000923076923076923
"RPS11P2",-0.000923076923076923
"SNX30-DT",-0.000923076923076923
"SPMIP1",-0.000923076923076923
"VESTAR",-0.000923076923076923
"ZFX-AS1",-0.000923076923076923
"IQCF1",-0.000931286695170999
"HOXA2",-0.000946435869466906
"SPINT2",-0.00094921314674782
"LINC01637",-0.000978074783539048
"TPRA1",-0.000982848113721822
"WDR5B",-0.000996703627294533
"LRIG2",-0.00099962113961572
"CEACAM21",-0.000999714728537916
"GNG5B",-0.001
"LINC00563",-0.001
"LINC02042",-0.001
"LOC105370689",-0.001
"LOC107984888",-0.001
"LOC124904434",-0.001
"MIR1244-3",-0.001
"MRPS18CP7",-0.001
"PIK3CD-AS1",-0.001
"PIK3IP1-DT",-0.001
"RPL34P1",-0.001
"RPL34P5",-0.001
"RPS23P1",-0.001
"RUSF1-DT",-0.001
"ZNF699",-0.00100667839836474
"WIZ",-0.00100679136646461
"FMO4",-0.0010091162826286
"UNC45A",-0.00101031882797772
"ARRDC2",-0.00101641698603429
"SERPINF1",-0.00102340959772325
"HOXC6",-0.0010556346161534
"MTRFR",-0.0010638896088096
"WDHD1",-0.00106622038250083
"STAP1",-0.00107050232696368
"CFAP184",-0.00107692307692308
"EDDM13",-0.00107692307692308
"IGLC6",-0.00107692307692308
"IGLV5-37",-0.00107692307692308
"LOC100294145",-0.00107692307692308
"LOC100422526",-0.00107692307692308
"LOC105375130",-0.00107692307692308
"LOC124900656",-0.00107692307692308
"RPL13AP20",-0.00107692307692308
"RPS8P9",-0.00107692307692308
"SMIM35",-0.00107692307692308
"ZNF691-DT",-0.00107692307692308
"ANKRD44-IT1",-0.00108333333333333
"HISLA",-0.00108333333333333
"LINC03052",-0.00108333333333333
"MTCO1P55",-0.00108333333333333
"RPL5P9",-0.00108333333333333
"RPS24P17",-0.00108333333333333
"RPS3AP21",-0.00108333333333333
"RPS4XP3",-0.00108333333333333
"SNORA80D",-0.00108333333333333
"TMT1B",-0.00108333333333333
"PLA2G15",-0.00108858738938745
"YY1AP1",-0.00109661483616709
"STARD4",-0.0010996279550985
"PRB3",-0.00111020397762491
"HAL",-0.00111725152188576
"COA1",-0.00112612413288395
"SLC16A7",-0.00112860717988297
"MGAT4D",-0.00112948426571613
"ATP6V1B2",-0.00113464960272553
"ZSCAN2",-0.00114109001587009
"SRP14",-0.00114576622987399
"FHL1P1",-0.00115384615384615
"LINC02696",-0.00115384615384615
"LOC124906529",-0.00115384615384615
"MIR1244-4",-0.00115384615384615
"PSPHP1",-0.00115384615384615
"RNU1-3",-0.00115384615384615
"RNU6-917P",-0.00115384615384615
"RPL18P11",-0.00115384615384615
"SCARNA6",-0.00115384615384615
"TBC1D22A-DT",-0.00115384615384615
"TRBV7-7",-0.00115384615384615
"CYP4F3",-0.00115736165579813
"FBXO10",-0.00116492368643145
"LINC01036",-0.00116572077337514
"ASS1P1",-0.00116666666666667
"BMP2K-DT",-0.00116666666666667
"CLEC20A",-0.00116666666666667
"CT45A11P",-0.00116666666666667
"DNAJA2-DT",-0.00116666666666667
"EEF1A1P3",-0.00116666666666667
"EEF1B2P7",-0.00116666666666667
"EIF2AP1",-0.00116666666666667
"FMNL1-AS1",-0.00116666666666667
"GVINP2",-0.00116666666666667
"H3P32",-0.00116666666666667
"H3P34",-0.00116666666666667
"HEATR9",-0.00116666666666667
"HLCS-AS1",-0.00116666666666667
"HPYR1",-0.00116666666666667
"IGHV3-65",-0.00116666666666667
"IGHV3-69-1",-0.00116666666666667
"IGKV3D-20",-0.00116666666666667
"KRT18P4",-0.00116666666666667
"LINC00298",-0.00116666666666667
"LINC01085",-0.00116666666666667
"LINC01352",-0.00116666666666667
"LINC01992",-0.00116666666666667
"LINC02128",-0.00116666666666667
"LINC02513",-0.00116666666666667
"LINC02576",-0.00116666666666667
"LINC03060",-0.00116666666666667
"LINC03122",-0.00116666666666667
"LOC100421387",-0.00116666666666667
"LOC100996792",-0.00116666666666667
"LOC105369344",-0.00116666666666667
"LOC105370169",-0.00116666666666667
"LOC105370174",-0.00116666666666667
"LOC105371430",-0.00116666666666667
"LOC105374254",-0.00116666666666667
"LOC105375523",-0.00116666666666667
"LOC105375798",-0.00116666666666667
"LOC107985579",-0.00116666666666667
"LOC124900731",-0.00116666666666667
"LOC124902606",-0.00116666666666667
"LOC124902629",-0.00116666666666667
"LOC124903670",-0.00116666666666667
"LOC124904115",-0.00116666666666667
"LOC124905202",-0.00116666666666667
"LOC441711",-0.00116666666666667
"MIR3613",-0.00116666666666667
"MIR598",-0.00116666666666667
"MRPS21P5",-0.00116666666666667
"NACAP5",-0.00116666666666667
"NETO1-DT",-0.00116666666666667
"OR6R1P",-0.00116666666666667
"PKD1-AS1",-0.00116666666666667
"PPIAL4E",-0.00116666666666667
"PSMB3P1",-0.00116666666666667
"RN7SL638P",-0.00116666666666667
"RNU2-11P",-0.00116666666666667
"RNU6-8",-0.00116666666666667
"RNU6-878P",-0.00116666666666667
"RNU7-140P",-0.00116666666666667
"RNVU1-27",-0.00116666666666667
"RPL13AP18",-0.00116666666666667
"RPL18AP11",-0.00116666666666667
"RPL18AP13",-0.00116666666666667
"RPL19P17",-0.00116666666666667
"RPL23AP78",-0.00116666666666667
"RPL26P11",-0.00116666666666667
"RPL26P33",-0.00116666666666667
"RPL29P1",-0.00116666666666667
"RPL36AP48",-0.00116666666666667
"RPL6P22",-0.00116666666666667
"RPL7P52",-0.00116666666666667
"RPLP0P8",-0.00116666666666667
"RPS2P21",-0.00116666666666667
"RPS3AP44",-0.00116666666666667
"RPS4XP22",-0.00116666666666667
"RPS6P21",-0.00116666666666667
"SCMH1-DT",-0.00116666666666667
"SLC25A28-DT",-0.00116666666666667
"SNORA79B",-0.00116666666666667
"SPATA13-AS1",-0.00116666666666667
"TOP6BL",-0.00116666666666667
"TRAV9-1",-0.00116666666666667
"GRID2",-0.00118041971288584
"CDC20-DT",-0.00118181818181818
"LOC105378353",-0.00118181818181818
"MIR339",-0.00118181818181818
"PPP4R1-AS1",-0.00118181818181818
"TRDV3",-0.00118181818181818
"PSMC3IP",-0.00118332225736707
"IGHV3-64",-0.00119025008409021
"S100A14",-0.00120417954664774
"RAD51AP1",-0.00120935590244009
"RHNO1",-0.00121713321717343
"STX2",-0.00122102385153213
"KLHL23",-0.00123076923076923
"LINC01765",-0.00123076923076923
"LINC03112",-0.00123076923076923
"LNCAROD",-0.00123076923076923
"RNU6-94P",-0.00123076923076923
"RPL21P97",-0.00123076923076923
"SLCO5A1-AS1",-0.00123076923076923
"GOSR1",-0.00123797601192513
"ZNF99",-0.00124364581274651
"TRAV25",-0.00125384009953796
"NCSTN",-0.00126766766960751
"MIR5195",-0.00127272727272727
"ENY2",-0.001273518298454
"WRAP73",-0.00127991476407091
"NR1H3",-0.00128905470613781
"ZNF835",-0.00128956797873107
"TRPC1",-0.00129271494902904
"DDB1",-0.0013036529745552
"CCL3L1",-0.00130769230769231
"DHCR7-DT",-0.00130769230769231
"LINC01800",-0.00130769230769231
"LOC124902027",-0.00130769230769231
"MTNAP1",-0.00130769230769231
"RPS15AP12",-0.00130769230769231
"RPS8P10",-0.00130769230769231
"TRBV12-5",-0.00130769230769231
"PSG3",-0.0013094085887948
"COMMD6",-0.00131859832586726
"CLYBL",-0.00132567536721584
"MORC2-AS1",-0.00133333104056414
"RPL7AP81",-0.00133333333333333
"RPS16P7",-0.00133333333333333
"SREBF2",-0.00133658450585896
"GABRA2",-0.00133735884829913
"VN1R5",-0.00134194089247064
"WDR35",-0.00135196237726105
"CD1B",-0.00136363636363636
"HAR1B",-0.00136363636363636
"RPS20P6",-0.00136363636363636
"TSPOAP1",-0.00136371437329411
"CCDC38",-0.0013773803469835
"TRBV11-1",-0.00138347786769104
"CHMP3-AS1",-0.00138461538461538
"DCTN6-DT",-0.00138461538461538
"ELOBP2",-0.00138461538461538
"HK2-DT",-0.00138461538461538
"LOC102723692",-0.00138461538461538
"MIR3671",-0.00138461538461538
"NAIPP3",-0.00138461538461538
"RNU1-2",-0.00138461538461538
"RPL24P6",-0.00138461538461538
"RPL34P26",-0.00138461538461538
"RPS13P8",-0.00138461538461538
"SLC12A9-AS1",-0.00138461538461538
"PLD4",-0.00138759291678762
"UQCRB",-0.00139284252232043
"LOC101927560",-0.0014
"RPL23AP65",-0.00141666666666667
"SH2D6",-0.00144028372909344
"ANKRD33BP1",-0.00145454545454545
"COX6CP7",-0.00145454545454545
"LINC01644",-0.00145454545454545
"LOC105376387",-0.00145454545454545
"LOC107986742",-0.00145454545454545
"MIR3648-2",-0.00145454545454545
"SNORA77",-0.00145454545454545
"ST6GALNAC4P1",-0.00145454545454545
"TIAM1-AS1",-0.00145454545454545
"TP53TG3E",-0.00145454545454545
"FAR2P3",-0.00145834122774148
"PARAIL",-0.00146153846153846
"RPS25P3",-0.00146153846153846
"SNHG25",-0.00146153846153846
"TPT1P3",-0.00146153846153846
"EIF3I",-0.00146210413355672
"GPER1",-0.00146636960345438
"TAF5L",-0.00146799160767734
"CDC5L",-0.0014767974224794
"RELCH",-0.00148701655224699
"SLC22A5",-0.00148816081478677
"TP53RK",-0.00148959875109685
"TAF1B",-0.00148982306508957
"TAP1",-0.00149446160712777
"ATXN3",-0.00149614452115552
"CATIP",-0.0015
"EEF1A1P47",-0.0015
"EEF1A1P8",-0.0015
"LINC00945",-0.0015
"LOC101930100",-0.0015
"LOC124904136",-0.0015
"MIR548E",-0.0015
"MIR7848",-0.0015
"REELD1",-0.0015
"RN7SKP9",-0.0015
"RPL10P4",-0.0015
"RPL24P5",-0.0015
"RPL36AP45",-0.0015
"SNORD46",-0.0015
"ARHGAP8",-0.00150796181041588
"TSGA13",-0.00152019500331446
"ANKRD49",-0.00152306971067916
"ABO",-0.00152862198774036
"ZC3HAV1",-0.00153151135791913
"CHML",-0.0015338908182893
"FAM200C",-0.00153846153846154
"FIRRM",-0.00153846153846154
"LOC124907760",-0.00153846153846154
"LOC157273",-0.00153846153846154
"MPDU1-AS1",-0.00153846153846154
"RPL23P8",-0.00153846153846154
"RPS3AP49",-0.00153846153846154
"SLC9A3R1",-0.00154624152897477
"SMCR8",-0.0015652871054621
"OXSM",-0.00156937926758026
"PIGBOS1",-0.00157037822543568
"SLC5A6",-0.00157283808051906
"IGKV1-33",-0.00158333333333333
"MAPDA",-0.00158333333333333
"LIPE-AS1",-0.00159591314150782
"LINC01841",-0.0016
"LOC124904145",-0.0016
"KRT73-AS1",-0.00161538461538462
"RPL7AP64",-0.00161538461538462
"VAV2",-0.00161898378192581
"MATR3",-0.00161936909771972
"CKAP2LP1",-0.001625
"DRICH1",-0.001625
"EEF1A1P31",-0.001625
"ELN-AS1",-0.001625
"EZHIP",-0.001625
"IGKJ3",-0.001625
"LINC01257",-0.001625
"LINC01811",-0.001625
"LOC100421165",-0.001625
"LOC100422024",-0.001625
"LOC105371401",-0.001625
"LOC124904138",-0.001625
"LOC284798",-0.001625
"MIR3926-1",-0.001625
"RIGI",-0.001625
"RPL17P8",-0.001625
"RPL21P29",-0.001625
"RPL36AP51",-0.001625
"RPL9P14",-0.001625
"S100A11P9",-0.001625
"SNORA5A",-0.001625
"TUBAP14",-0.001625
"VN1R110P",-0.001625
"IL26",-0.00162506289988773
"LOC103344931",-0.0016336435506195
"ADCK2",-0.00163552419930832
"SIGLECL1",-0.001646553896191
"HNRNPF",-0.00164860511351712
"SORCS2",-0.00165152622437025
"GALR1",-0.00165230000971025
"IL25",-0.00166375352458877
"RNASE8",-0.00166500432125473
"CCDC88B",-0.00167808243860084
"C19orf25",-0.00168051121847882
"FAM98A",-0.0016812830573806
"OAT",-0.00168725267824431
"RPL27P11",-0.00169230769230769
"RPS18P2",-0.00169230769230769
"RPS2P40",-0.00169230769230769
"SNORA7B",-0.00169230769230769
"ZNF580",-0.00169810514908007
"CATIP-AS1",-0.0017
"H3C13",-0.0017
"LINC03104",-0.0017
"LINC03125",-0.0017
"LOC124906280",-0.0017
"PDCD6IP-DT",-0.0017
"RNF212B",-0.0017
"RPL27AP4",-0.0017
"SPECC1-DT",-0.0017
"TMEM14B-DT",-0.0017
"DNMT3L-AS1",-0.00170667950866822
"ADORA3",-0.00171140851935838
"HS6ST1",-0.00171562438055149
"FAM234A",-0.00172028340076671
"GEMIN6",-0.00172097563958255
"SMAD7",-0.00172251113759256
"RNF135",-0.00172293137226461
"LINC02033",-0.00172727272727273
"DLX4",-0.00173241775335405
"TRBV6-6",-0.00173557000279972
"IGHV1-18",-0.00174146080059128
"RIMBP3B",-0.00174273981681772
"EVA1C",-0.00174319395418003
"FBXO25",-0.00174784204497005
"LILRB1",-0.0017498727359563
"BCL6-AS1",-0.00175
"BICRA-AS2",-0.00175
"BLTP3B-DT",-0.00175
"BRAFP1",-0.00175
"CDH12P3",-0.00175
"CEACAM7",-0.00175
"DDHD1-DT",-0.00175
"DIP2A-IT1",-0.00175
"EEF1A1P24",-0.00175
"FAM27C",-0.00175
"GRM7-AS1",-0.00175
"H2BC26",-0.00175
"HRG-AS1",-0.00175
"HYI-AS1",-0.00175
"LINC01397",-0.00175
"LINC02526",-0.00175
"LINC02721",-0.00175
"LINC02954",-0.00175
"LINC03129",-0.00175
"LOC100133252",-0.00175
"LOC100887080",-0.00175
"LOC105374171",-0.00175
"LOC105376314",-0.00175
"LOC107985936",-0.00175
"LOC110467523",-0.00175
"LOC124902204",-0.00175
"LOC391674",-0.00175
"MIR3667",-0.00175
"MTND4P35",-0.00175
"POU2F1-DT",-0.00175
"PRODHLP",-0.00175
"RN7SKP106",-0.00175
"RNU2-1",-0.00175
"RNU6-403P",-0.00175
"RNY1",-0.00175
"RPL15P13",-0.00175
"RPL21P12",-0.00175
"RPL22P13",-0.00175
"RPL23AP84",-0.00175
"RPL31P39",-0.00175
"RPL34P7",-0.00175
"RPL35AP3",-0.00175
"RPL37P5",-0.00175
"RPL5P32",-0.00175
"RPS13P1",-0.00175
"RPS2P50",-0.00175
"SNORA74B",-0.00175
"SNORD100",-0.00175
"TNFRSF10B-AS1",-0.00175
"TRBV11-3",-0.00175
"TRBV12-1",-0.00175
"GPA33",-0.00175642547252786
"TRADD",-0.00175808354847853
"ARF4-AS1",-0.00175998205891521
"TMEM14EP",-0.00176144054529814
"HNF1A-AS1",-0.00176327510290264
"SLU7",-0.00176358238480332
"TRGC1",-0.00176486733474426
"KAT6A",-0.00176814138109203
"RNU6-5P",-0.00176923076923077
"RPL7AP12",-0.00176923076923077
"TRBV13",-0.00176923076923077
"TRBV14",-0.00176923076923077
"ZNF892",-0.00176923076923077
"MTPN|LUZP6",-0.00177962353086889
"UBN2",-0.00178561507752609
"LOC644169",-0.0018
"RPL7AP73",-0.0018
"ECE1-AS1",-0.00183333333333333
"NHERF2",-0.00183333333333333
"NBEAL2",-0.00183778044932098
"TAAR8",-0.00183987591256616
"EIF4A1P7",-0.00184615384615385
"LASP1NB",-0.00184615384615385
"LINC01814",-0.00184615384615385
"LINC01943",-0.00184615384615385
"LOC107987423",-0.00184615384615385
"RPL13P2",-0.00184615384615385
"SNORA80E",-0.00184615384615385
"DNASE1L1",-0.00184911857432007
"SIX3-AS1",-0.00185536402740711
"ZCCHC4",-0.0018559620684504
"ZNF232-AS1",-0.00185780485088691
"CRYM",-0.00187165129437599
"IGLV2-14",-0.00187395722152734
"DDC",-0.00189495756282694
"CCDC187",-0.001902589474748
"LYRM2",-0.00190538525429397
"PCDH18",-0.00191849177737469
"LOC101927609",-0.00192307692307692
"LOC124903372",-0.00192307692307692
"RPS3P1",-0.00192307692307692
"ANKRD22",-0.00192534621282466
"SNIP1",-0.00192647390471237
"SPINK2",-0.00193124331436356
"ATP1B2",-0.00193260686246037
"WASL-DT",-0.00193617867872759
"RNF6",-0.00194979205603983
"CDK8",-0.0019638652830923
"HEXD",-0.00196489837848198
"CCDC6",-0.00196618424986628
"ZNF107",-0.00197432469861325
"TREML4",-0.00198109471516378
"HSD17B1",-0.00198538910159759
"C15orf39",-0.00198724076607823
"MID1",-0.00199311553635718
"HLA-DRB1",-0.00199732751671344
"ZBED10P",-0.00199766295257489
"OLMALINC",-0.00199968998748568
"SPATC1",-0.00199978324492889
"ATP5MGL",-0.002
"CPEB2-DT",-0.002
"GLYR1P1",-0.002
"HSPE1P28",-0.002
"LINC00604",-0.002
"LINC01169",-0.002
"LINC01259",-0.002
"LINC02088",-0.002
"LINC03047",-0.002
"LOC100289230",-0.002
"LOC100420587",-0.002
"LOC101927143",-0.002
"LOC105372180",-0.002
"LOC107984172",-0.002
"LOC107986374",-0.002
"LOC124900711",-0.002
"LOC124901656",-0.002
"LOC124904611",-0.002
"MARCHF10",-0.002
"NEK2-DT",-0.002
"RN7SL75P",-0.002
"RNA5S13",-0.002
"RNU6-176P",-0.002
"RNU6-2",-0.002
"RPL10P18",-0.002
"RPL13AP2",-0.002
"RPL23AP4",-0.002
"RPL23AP48",-0.002
"RPL30P10",-0.002
"RPL7AP37",-0.002
"RPLP2P4",-0.002
"S100A11P5",-0.002
"SCYL2P1",-0.002
"SNRPCP7",-0.002
"SPRR2F",-0.002
"TRAJ39",-0.002
"TRIM64B",-0.002
"TUBAP15",-0.002
"KDELR2",-0.00201193509063846
"SRGAP1",-0.00201853236531802
"TCEA2",-0.00202630472134298
"NUP188",-0.00203663315829989
"ZNF346",-0.00204119391088279
"EML6",-0.00204332266447301
"RAF1",-0.00204903435603116
"HEG1",-0.00205246199749481
"PDZD4",-0.00206268238828023
"MTMR9",-0.00206602713719571
"FAM30A",-0.00207692307692308
"IFT70B",-0.00207692307692308
"LOC124906209",-0.00207692307692308
"MAPKAPK3",-0.00207716485135848
"BTRC",-0.00207771439548217
"TRIQK",-0.00208752870963147
"ZDHHC15",-0.00209114729723448
"TMEM67",-0.00210978996302362
"TXNDC12",-0.00211218389556987
"MDM4",-0.00211797098079792
"ZDHHC16",-0.00211872885463325
"CDK14",-0.00212048308185365
"TTC22",-0.00213481870192138
"ANXA2R-AS1",-0.00214347742476222
"CDV3",-0.002151905711864
"IFITM9P",-0.00215384615384615
"LIAT1",-0.00215384615384615
"RPL10P17",-0.00215384615384615
"RPL7AP11",-0.00215384615384615
"RPS6P10",-0.00215384615384615
"IGHV1-2",-0.00215618524353021
"ARPC4",-0.00216525469356859
"XCL2",-0.00216618386705055
"RPS6KB1",-0.00216825777456636
"MRPS9",-0.00216831754279915
"LMNTD2",-0.00217553008874138
"OGN",-0.00217710710723475
"FBXO24",-0.0021817395615834
"SYP",-0.00219125876317529
"HAGHL",-0.00221060113752886
"ACVR2B",-0.0022250742832209
"LAIR2",-0.00223076923076923
"RPL21P11",-0.00223076923076923
"RPS12P2",-0.00223076923076923
"RPS20P17",-0.00223076923076923
"MTNR1B",-0.00223388036352908
"LILRB2",-0.0022364140271204
"IARS1",-0.00223720293272035
"AK5",-0.0022551426100379
"ARPC1B",-0.002257097180862
"BTN3A2",-0.00226374023147735
"RAB20",-0.00226628249466552
"GNB1L",-0.0022708874258561
"EIF3H",-0.00227333526538694
"ABCB4",-0.00227385855495561
"LOC101060067",-0.00228571428571429
"ERF",-0.0022869276235881
"SLC27A3",-0.00229274487821921
"NUDCD3",-0.00229860439220727
"LSP1P4",-0.0023
"RPS2P51",-0.0023
"RPL22P16",-0.00230769230769231
"ZBTB44-DT",-0.00230769230769231
"STEAP3",-0.00231747399283545
"BIK",-0.00231960600553528
"GOLGA8J",-0.00232357509838553
"BAHD1",-0.00232653424585931
"RNF114",-0.00232709098381332
"CHST13",-0.00233697864395082
"WDR11-DT",-0.00234426487302249
"TDRKH-AS1",-0.00235269764763347
"EFL1",-0.0023557917728642
"SLC6A5",-0.00235927989475916
"CD200R1L",-0.00236039275078276
"SNORC",-0.00236714229870054
"CTSA",-0.00237164066725083
"C18orf21",-0.00237517650148246
"LINC02914",-0.00238329566474071
"RPL31P10",-0.00238461538461538
"LOC100996385",-0.00239081896272737
"GOLGA8O",-0.0023987184081964
"C15orf61",-0.00240395462456566
"CORO1C",-0.00240617794487807
"THAP3",-0.00242154331744378
"TEDC2-AS1",-0.0024256175932119
"CACNA1I",-0.00242802622885804
"RPL23AP5",-0.00242857142857143
"APOL1",-0.00244479398528312
"IGLV4-60",-0.00246153642341057
"BLTP3B",-0.00246153846153846
"KGD4",-0.00246153846153846
"RPL11P2",-0.00246153846153846
"RPL23AP79",-0.00246153846153846
"RNF40",-0.00246233807671632
"RPTOR",-0.00247849230256206
"UFM1",-0.00248097497204542
"LOC645433",-0.00248198981074221
"PP2D1",-0.00249116853122872
"SMC1A",-0.00249315348786023
"ZNF493",-0.00250183288303671
"EEF1AKMT2",-0.00252102622311102
"CKAP2-DT",-0.00253846153846154
"LILRB4",-0.00253846153846154
"SPMIP6",-0.00253846153846154
"KCNA3",-0.00257041230600547
"LRRC20",-0.00257690138982709
"AP1AR",-0.00258511298057561
"FAM24B",-0.00258996014313666
"SLC13A5",-0.00259271279319836
"HYLS1",-0.0025942708426672
"NDOR1",-0.0026063380794219
"ZNF761",-0.00261021161064027
"RPL18P4",-0.00261538461538462
"RPS19P7",-0.00261538461538462
"ENKD1",-0.00261667322337545
"ZBTB25",-0.00262427614160812
"LINC00449",-0.00263625725599628
"LCT-AS1",-0.00263636363636364
"LOC124902026",-0.00263636363636364
"MIR7847",-0.00263636363636364
"RPL31P17",-0.00263636363636364
"SCARNA14",-0.00263636363636364
"SCARNA3",-0.00263636363636364
"SNORA28",-0.00263636363636364
"SNORD94",-0.00263636363636364
"WAPL-DT",-0.00263636363636364
"TAB2",-0.00264091713279382
"NCAPG2",-0.00264452361416013
"VPS72",-0.00265634040956336
"ESRRA",-0.00265758782660374
"FAF2",-0.00266153669406495
"MAP4K3-DT",-0.00266425853623172
"LOC100132249",-0.00266666666666667
"RPL30P16",-0.00266666666666667
"RPS2P8",-0.00266666666666667
"LDHA",-0.00267381722348023
"VSIG2",-0.00268345000382902
"BRCC3",-0.00268617835584489
"MIR3648-1",-0.00269230769230769
"MTX1LP",-0.00269230769230769
"SNAPC1",-0.00269384427997301
"SDSL",-0.00269934506765364
"UTP15",-0.00271761178822775
"LINC00642",-0.00272727272727273
"LOC101929538",-0.00272727272727273
"NAP1L1P3",-0.00272727272727273
"RPL12P40",-0.00272727272727273
"RPL18AP16",-0.00272727272727273
"RPS12P18",-0.00272727272727273
"SNORA80A",-0.00272727272727273
"SFTPC",-0.00272930126421783
"LOC100996583",-0.00275
"LOC101928932",-0.00275
"MUC12-AS1",-0.00275
"RPL13P11",-0.00275
"RPS23P9",-0.00275
"NIPSNAP2",-0.00276162861712251
"BRD10",-0.00276923076923077
"NAIPP1",-0.00276923076923077
"RPL10P13",-0.00276923076923077
"RPL10P8",-0.00276923076923077
"RPL34P31",-0.00276923076923077
"RPS15AP6",-0.00276923076923077
"RPS4XP7",-0.00276923076923077
"RPSAP54",-0.00276923076923077
"ZMYM6",-0.00277031342348491
"CRNKL1",-0.00278233384796285
"S100G",-0.00278485153525983
"SSR1",-0.00278723226416834
"TRAV29DV5",-0.00278865910133155
"MTHFR",-0.00279793835737525
"ATP5A1",-0.00279854965785478
"SLC25A24",-0.00281295651318216
"GSTM2",-0.00281315209916413
"MYO15A",-0.00281395941746436
"LOC101929270",-0.00283333333333333
"RBM39P1",-0.00283333333333333
"RPL11P3",-0.00283333333333333
"RPL23AP89",-0.00284615384615385
"SNX24",-0.0028463973656598
"SYCN",-0.00285468736348936
"STAG2",-0.00285792179073428
"SYT7",-0.00285826729108525
"GPM6B",-0.00285964174373453
"STAMBP",-0.00286343475421434
"ZNF683",-0.00286897983450015
"ZNF239",-0.00287485983401099
"FASTKD3",-0.00289342996302468
"SEC24B-AS1",-0.00289843011969092
"UBXN2A",-0.00290331636193584
"EIF4A1P4",-0.00290909090909091
"MYO16-AS1",-0.00290909090909091
"MTCO1P40",-0.00291666666666667
"RNVU1-18",-0.00292307692307692
"RPL13AP22",-0.00292307692307692
"RPS15P5",-0.00292307692307692
"CNNM2",-0.00293809710256052
"OR7G3",-0.00294827763644667
"AGO2",-0.0029495881195183
"SLC34A2",-0.00295836369467387
"RABGGTB",-0.00296513687969907
"IL23A",-0.00296684940519019
"PLEKHJ1",-0.00296901586863878
"KLHL24",-0.00298685961146413
"MISP3",-0.00298721887841106
"SPCS3",-0.00298802638069245
"C12orf60",-0.00298972380392202
"ALDH2",-0.00299301590469637
"HBG1",-0.00299464849267411
"TAF13",-0.00299598553639383
"LACTB2-AS1",-0.003
"LOC102723663",-0.003
"RPS12P7",-0.003
"RPS4XP11",-0.003
"CKAP5",-0.00301332378416939
"USP16",-0.00301337861645007
"VPS37C",-0.00301565038407053
"OPA1",-0.00301773424649371
"ZNF827",-0.00302422177765455
"OPRL1",-0.00302648628837173
"NAP1L4P3",-0.00302844272267796
"TMEM107",-0.00302914789918474
"ZNF397",-0.00303294095315611
"PRPF3",-0.00303339901005053
"LPAR5",-0.00304854795065593
"LITATS1",-0.00307692307692308
"LOC101928373",-0.00307692307692308
"RNU1-1",-0.00307692307692308
"RPL22P2",-0.00307692307692308
"RPL36P12",-0.00307692307692308
"TPSAB1",-0.00307692307692308
"TRBV30",-0.00307692307692308
"LOC105377663",-0.00308333333333333
"PAXIP1",-0.00309036612672657
"RPSAP73",-0.00309090909090909
"SCUBE1",-0.00309245981810169
"RAB11FIP4",-0.00310800421440895
"ZNF616",-0.0031092601013698
"BMP10",-0.00311770844239286
"RRBP1",-0.00311856638733442
"OR2B2",-0.00311908318366722
"GXYLT1",-0.00312046504111929
"ANAPC15",-0.00312643353398283
"HMG20A",-0.00313578728211124
"OR4E2",-0.00313665543623813
"SP8",-0.00314174040868601
"IGKV2-28",-0.00314285714285714
"ACTMAP",-0.00315384615384615
"LOC124900193",-0.00315384615384615
"SHLD2",-0.00315449561798706
"LRRC23",-0.00315651926601287
"XRCC3",-0.00316146108763667
"FGFR1OP2",-0.00316486785900776
"EEF1GP5",-0.00316666666666667
"XG",-0.00316666666666667
"OTULINL",-0.00317001884935649
"MTCO2P2",-0.0032
"PHLDA1-AS1",-0.0032
"SCAANT1",-0.0032
"GBP2",-0.00320368767782884
"HENMT1",-0.00320417709431477
"PDCL3",-0.00321123221457605
"CLC",-0.00321530229092887
"CDC42EP4",-0.00321623956353381
"PIGS",-0.00321715256770271
"FAM174C",-0.00321772848434165
"C1QC",-0.00322124401333649
"MIR646HG",-0.00323076923076923
"TMA7B",-0.00323076923076923
"TRBV6-1",-0.00323076923076923
"TRAV34",-0.00323736445328616
"NLRP11",-0.00323889498140684
"PLA2G4C",-0.00324526965390566
"CFHR3",-0.00324845095758168
"CHMP1A",-0.00325406191062749
"NOPCHAP1",-0.00326365996291941
"DISC1FP1",-0.00327010582231692
"GGNBP1",-0.00327316915356946
"SIGLEC9",-0.00328383443102662
"EPS15",-0.00329381421213613
"GRP",-0.00329456259952638
"DEGS2",-0.00329495514418466
"LINC01393",-0.0033
"IFITM3",-0.00330676374130082
"LINC02218",-0.00330769230769231
"MIR3609",-0.00330769230769231
"PTBP1",-0.00331326517178754
"ARF1",-0.0033214917768154
"CPD",-0.00332234856077557
"PDE12",-0.00332237238566416
"RABL6",-0.00332673814495574
"ADCY10",-0.00333272805223983
"RPS2P31",-0.00333333333333333
"CST1",-0.00333975384836637
"C11orf54",-0.00334235364657334
"RTL10",-0.00335669821650694
"RPL8P4",-0.00336363636363636
"ATRN",-0.00336471734095393
"PRDM12",-0.00336604534602202
"HLA-A",-0.0033700792531481
"RHPN1",-0.00337147010159033
"LINC02487",-0.00337190934877452
"SIRT2",-0.00338260642967228
"KDSR-DT",-0.00338461538461538
"SNORA19",-0.00338461538461538
"RPL17P6",-0.00338465805393163
"CYTL1",-0.00339402683712365
"OPN3",-0.00340000365209302
"VPS18",-0.00343865120056555
"DYRK4",-0.0034470284853852
"STX18-AS1",-0.00344727553719839
"ROGDI",-0.00345007343986537
"MED17",-0.00346022867509299
"CTBP1-DT",-0.00346153846153846
"BORCS7",-0.00347238400221755
"TCTN2",-0.0034830517991427
"MIR3681HG",-0.00349386352333029
"PTPN4",-0.0035155978099822
"GTF2F2",-0.0035211466744162
"LILRA2",-0.00353015647206528
"FAM174B",-0.003532817110677
"NDUFV2",-0.00353470242811805
"DNAJB11",-0.00353692550069604
"LOC124904613",-0.00353846153846154
"LYSET",-0.00353846153846154
"UGT2A1",-0.00353871912071883
"SHH",-0.00355329516603308
"C6orf201",-0.00355998496723041
"HEATR1",-0.0035606952720857
"LINC02873",-0.00356635329747235
"TMEM268",-0.00357168847022088
"PYCARD-AS1",-0.00357738806778952
"WNT8A",-0.00358056226600486
"LINC00294",-0.00358501577469491
"C15orf40",-0.00360257533386964
"ZNF707",-0.00360259390304142
"IGHV4-4",-0.0036044512848967
"ITPKB-IT1",-0.00361538461538462
"MSANTD7",-0.00361538461538462
"MAP1LC3B2",-0.00362052071844227
"AOAH-IT1",-0.00362218238177444
"BOLA2P3",-0.003625
"DPEP2NB",-0.003625
"FRMD6-AS1",-0.003625
"GRAMD4P3",-0.003625
"LINC01281",-0.003625
"LINC01819",-0.003625
"LINC01918",-0.003625
"LINC02090",-0.003625
"LINC02652",-0.003625
"LOC101929614",-0.003625
"MIR7845",-0.003625
"RNVU1-31",-0.003625
"RPL10AP4",-0.003625
"RPL21P4",-0.003625
"RPL21P88",-0.003625
"RPL35AP17",-0.003625
"RPL7P29",-0.003625
"RPL9P28",-0.003625
"RPS10P11",-0.003625
"RPS13P3",-0.003625
"RPS27P27",-0.003625
"RPS2P15",-0.003625
"RPS8P5",-0.003625
"RPSAP74",-0.003625
"STXBP5",-0.00363168443997381
"CHST7",-0.00363524181072125
"CYLC1",-0.00363600986101531
"FBXW10",-0.003646304346565
"LY96",-0.00364705607829528
"ARL3",-0.00365310467576459
"APRT",-0.00365902235377662
"ZSCAN29",-0.00366513789769704
"HDHD3",-0.00367761133676082
"EMSY-DT",-0.00369230769230769
"TRAV2",-0.00369230769230769
"UPRT",-0.00369293920886671
"LINC01191",-0.0037068601185604
"SDF2L1",-0.00371152298458488
"QRICH2",-0.00372424831611051
"GBA3",-0.00373431669889771
"TSPAN17",-0.00374577977188823
"RXRB",-0.00376411971659489
"KLHDC8A",-0.00376720378246017
"BLTP3A",-0.00376923076923077
"HSPA8P8",-0.00376923076923077
"LINC02481",-0.00376923076923077
"SAXO4",-0.00376923076923077
"PRXL2C",-0.0037701896107931
"HOXB9",-0.00377359365120021
"TMEM92",-0.00377622525252748
"NTNG1",-0.0037771384011954
"CDC34",-0.00378128047776222
"CLEC14A",-0.00378491417121669
"TMCO3",-0.0037945551774702
"RNA5S1",-0.0038
"TMEM184C",-0.00380887855776908
"ZDHHC8",-0.00381139289237902
"ATP4A",-0.00381262550891025
"C14orf93",-0.00383287890408854
"RPS26P31",-0.00383333333333333
"DCBLD2",-0.00383813124055967
"ARHGAP27P1-BPTFP1-KPNA2P3",-0.0038822773966675
"OBI1",-0.00388729211993744
"C21orf58",-0.00389047475635398
"IGKV5-2",-0.00391665713021084
"MIR142HG",-0.00392307692307692
"RPL19P6",-0.00392307692307692
"METTL21A",-0.00393675553210211
"EAF2",-0.0039589595026475
"ELP6",-0.00396432733821235
"STAM-DT",-0.00396481392887188
"TRD-AS1",-0.0039691046048639
"TRBV6-5",-0.00396929062083592
"RPS7",-0.00396981643063592
"TRIR",-0.003970677279347
"SYT3",-0.00398824641186385
"PODXL",-0.00399470975374248
"EEIG1",-0.004
"LOC102723878",-0.004
"LOC124902114",-0.004
"MRPL19",-0.00400241640707537
"TNFRSF18",-0.00400857394365402
"RGS11",-0.00401199910904418
"NEMP1",-0.00401675106074495
"LINC00921",-0.00401897080229415
"TREX2",-0.00402394917433983
"MHENCR",-0.00402537660142571
"RAD21",-0.00403291358992138
"MSH4",-0.00403857256369423
"MEG3",-0.00403914603643829
"C11orf91",-0.00404522210704403
"TRBV3-1",-0.00406811130733363
"CLEC2L",-0.00409085711871648
"TAFA1",-0.0040927262384198
"RPN2",-0.00409835620131737
"GMFG",-0.00410175923774879
"XK",-0.00410734121878194
"RPL26P19",-0.00411255456971675
"NACC2",-0.00412396400360816
"AP2B1",-0.00413458374883194
"SOX15",-0.00417072832155823
"ECRG4",-0.00417548969818565
"GABRP",-0.00417979220515573
"PEX5L-AS2",-0.00418021444263061
"RNASE3",-0.0041804042324059
"TRAV13-2",-0.00418530535728824
"KRTAP4-5",-0.00419570991243656
"CCNJ",-0.00422775528946709
"ARSL",-0.0042310727372478
"TNNI3",-0.00424256908546957
"BACE1",-0.00424751313883961
"SAMD1",-0.00424788403926015
"KIR3DL2",-0.00425
"LOC101927020",-0.00425
"LOC124904137",-0.00425
"SNORA22",-0.00425
"OSBPL10",-0.00425091515265236
"DTYMK",-0.00425456546690967
"SLC9B2",-0.00425917830727633
"HERC4",-0.00426633393203504
"FARSB",-0.00428243049998594
"ATOH8",-0.00428656672868582
"SLC2A1-DT",-0.00428951605038882
"EBF4",-0.00429389716460211
"TRAV23DV6",-0.00430729652359974
"ADAM10",-0.00430916111752914
"ZNF675",-0.00434349329882941
"HEXA-AS1",-0.00434688367917139
"TPT1P5",-0.00435012937012047
"EDN2",-0.0043596797024606
"EIF4A3",-0.00436316124400773
"UBL5",-0.00438976088411503
"LINC01278",-0.00439536503873706
"PWWP2A",-0.00439557995093806
"WDR73",-0.00440232650263376
"CCT4",-0.00440546051331555
"DDX20",-0.00441225736616127
"TMEM156",-0.00441925510245146
"COX5B",-0.00442576720393059
"SPDYE12",-0.00443192372589163
"OGDH",-0.00444288304193573
"ZNF649-AS1",-0.00444649603803882
"FOXN1",-0.00444874268784982
"CCL3",-0.00445863062463608
"FCGR1CP",-0.00446153846153846
"RUNX3",-0.00446390535415109
"TBC1D10A",-0.00447259697305994
"AKT2",-0.00448463974252921
"ACO1",-0.00450259907470099
"TRIP12",-0.00451315457953885
"B3GALT6",-0.00452619917067766
"NME8",-0.00454603866084545
"ATP9A",-0.00455622955818174
"SCRN1",-0.0045578263697559
"ATP6V1C1",-0.00456098006954966
"STN1",-0.00457450592704716
"THEM5",-0.00457510306906732
"BAP1",-0.00459223605916289
"TYK2",-0.00459737155552576
"MTERF4",-0.00459820940306938
"UBE2H",-0.00460039818932823
"GCDH",-0.00460144351830436
"TAB1",-0.00461119218898759
"RPS7P3",-0.0046136784937483
"CHMP5",-0.00461592764283736
"TBXA2R",-0.00461688433573008
"JARID2",-0.00462019824863338
"PGBD1",-0.00462140973232658
"FCGBP",-0.00462503437925659
"LTBP2",-0.00462782573216817
"MORN3",-0.00462970993051601
"RSPH14",-0.0046458460113884
"LCLAT1",-0.00465120113944279
"PANK3",-0.00465750506402785
"PROZ",-0.00465817619805271
"FERMT2",-0.00466341185852087
"ANKRA2",-0.00466774804967963
"NME2",-0.00468785222737891
"TMEM127",-0.00469313158125882
"REX1BD",-0.00469465104155558
"FDPS",-0.00470658111091457
"GNGT2",-0.00471867150433444
"ART4",-0.00472036266331191
"ND6",-0.00472517675248501
"CWF19L1",-0.00472754462928972
"SYT11",-0.00473335376887807
"TMEM199",-0.00473834361534704
"CD22",-0.00474593484495993
"ANKRD36BP1",-0.00475202040654299
"LINC00323",-0.00475793438000052
"OTOS",-0.00478752390333689
"CFAP58-DT",-0.00479160515235529
"WNT7B",-0.0048062080983526
"NCOA6",-0.00480933523032649
"SVOPL",-0.00482076111712124
"SIGIRR",-0.00482557873387849
"IGHG1",-0.00484369127356604
"ARB2A",-0.00484615384615385
"RPS2P35",-0.00484615384615385
"TRAV10",-0.00484615384615385
"ZNF75D",-0.00484677438075041
"DEPDC1B",-0.00485910248670461
"DYRK2",-0.0048835415682067
"CCR5",-0.00491285969733087
"RNF216",-0.00492645113466249
"FAM171A1",-0.00493320894129673
"RABGAP1L-DT",-0.00494645814309002
"H2BC9",-0.00495349271806712
"STRN3",-0.00496570162360994
"GPT",-0.00497538515702002
"ZNF814",-0.00498962153339236
"RPL27P4",-0.005
"ZNF366",-0.00500691937330447
"ANK1",-0.00500694323328985
"SPOP",-0.00500764729025669
"CDK13",-0.00501621935936395
"MTCH2",-0.00502592157384343
"LMO4",-0.00504306059814629
"DHODH",-0.00504903730482161
"ZNF846",-0.00505080465145333
"MIER2",-0.00505920585693815
"KRT24",-0.00505926308446932
"RPL7AP70",-0.00506151529540332
"TLCD4-RWDD3",-0.00506173337299549
"SPIRE1",-0.00506378453006357
"SCRN2",-0.00506402162954307
"FOXP3",-0.00507460467424502
"LOC124904009",-0.00507692307692308
"RPS3P6",-0.00507692307692308
"RPS23",-0.00507696992977363
"ACD",-0.00508098544200476
"SNX2",-0.00510117326882554
"LINC02880",-0.00510373835278166
"PON3",-0.00511354752992978
"HLA-B",-0.0051217887071567
"MARCHF3",-0.00512563839502683
"HTR3B",-0.00512836428364066
"SLC38A10",-0.00513202270118337
"CLEC18C",-0.00513350515975294
"MARCKS",-0.00513869508848369
"SPATA33",-0.00514260827409432
"RPS2P48",-0.00515384615384615
"DEFB118",-0.00516859390051039
"PUS10",-0.00517600094687943
"LINC02021",-0.00517833547310292
"JAKMIP2",-0.00518813421504213
"POSTN",-0.00519643976192457
"GPS1",-0.00520582838332277
"DNAJA2",-0.00521193985562795
"EIF2AK3",-0.00522360138147443
"CDH2",-0.00522505303999836
"TRBV5-6",-0.00523000507105486
"BCORL1",-0.00525256466529921
"PEX5",-0.00525719249791683
"SEMA4B",-0.00526099790490147
"AP5S1",-0.00526477790114505
"PROK1",-0.00527623505808028
"RSBN1L",-0.00527655562487404
"DHRS4L2",-0.00528003959324067
"PAFAH1B2",-0.00529756129541137
"TRBV7-2",-0.00530769230769231
"ZNG1A",-0.00530769230769231
"MFF",-0.0053095829563636
"EPM2A",-0.00531194677948249
"ACTN4",-0.00532377239012489
"BAZ1A",-0.00533443107292811
"THRB",-0.00533745031842426
"COX10-DT",-0.00533898797495519
"ARF4",-0.00534201734189953
"MIR769",-0.00534764345075089
"PSMG3",-0.0053830277464156
"TRAV20",-0.00538461538461538
"RAD9A",-0.00540802043511599
"ARAP1",-0.00540928293305171
"KIF5B",-0.00541668382422163
"LINC00863",-0.00542048678305339
"OTOG",-0.00543847268515904
"STPG1",-0.00544408982412454
"SLC41A1",-0.00545149690671967
"OR1E3",-0.00545218946008585
"PJA2",-0.00545456595083305
"VPS33B",-0.00545517362142145
"SRSF6",-0.00548069688398948
"REEP6",-0.00548672695927207
"ZDHHC19",-0.00549262493973274
"TASP1",-0.00551000128613004
"TADA2B",-0.00551930134525196
"MRPL57",-0.00552271866103674
"CNTD1",-0.00553129105957731
"ACR",-0.00553133882827709
"PHLDB3",-0.00553466319623923
"SULF2",-0.00553725131369752
"LINC03078",-0.00553846153846154
"ING3",-0.00554852834734075
"FFAR2",-0.00554884017011107
"NXPH4",-0.00555781325002174
"TCTA",-0.00556879424084062
"ACTA1",-0.00558453119257663
"DCAF16",-0.00558543285694923
"MC3R",-0.0055882109822655
"SERPINA7",-0.00559484155963748
"PPFIBP2",-0.00560015470416325
"SDHC",-0.00560102345480167
"ALG3",-0.00561214088483586
"OR2L13",-0.00561464939122681
"TMLHE",-0.00562317514858914
"NGB",-0.00562763958303575
"MYBPH",-0.00562845765941968
"METTL13",-0.00562868714010082
"FCER2",-0.00563994632910827
"ZNF653",-0.00564875518764539
"RYR2",-0.00566197985958299
"MYSM1",-0.00566210817333341
"PNPLA8",-0.0056625325803917
"ABHD11",-0.00566369993666659
"ERMAP",-0.0056739253596731
"IL17A",-0.00567808566597717
"RLIG1",-0.00569230769230769
"MED20",-0.00569508088519096
"STON1",-0.00570653867432596
"WDR20",-0.00571531027833942
"ZNF681",-0.00571926284522372
"NEK3",-0.00574669823147881
"CYB561D1",-0.00575166407827813
"TATDN1P1",-0.00576298479465599
"C16orf54",-0.00576331122175142
"RPL18P13",-0.00576923076923077
"TTC39C-AS1",-0.00576923076923077
"LIX1L",-0.00579358207310617
"SERINC5",-0.00581259138695201
"FANCI",-0.00583325847366331
"DMRTC1B",-0.00584568682539229
"FANCM",-0.00586255844275309
"AFF3",-0.00586300641085891
"PPP4R2",-0.00587979038590075
"EBF2",-0.00588716709520282
"CTTNBP2NL",-0.00588800570239445
"CHRNA3",-0.00588933632002288
"CCDC85B",-0.00589015910779883
"LINC02677|LASTR",-0.00589085160484284
"SBDS",-0.00593682500983205
"ZNF232",-0.00593908677979315
"UBE3B",-0.0059391157952781
"OPCML",-0.00597425957168927
"ANXA11",-0.00598374400703128
"METTL9",-0.00599054791481068
"RPL10P15",-0.006
"SLC35D2",-0.00600315571496
"LINC01269",-0.00600473720095227
"ARFGEF2",-0.00600522776498873
"C11orf65",-0.00601175316658582
"NAGA",-0.00602340971634631
"DHRS1",-0.00603457064153904
"NFU1",-0.0060358885019857
"MYLPF",-0.00604869902403042
"NMNAT3",-0.00605089574720905
"ZNF440",-0.00605178455209966
"MAP2K1",-0.00605193435038516
"EIF4G2",-0.00605427660409506
"LRRC14B",-0.00607119378491031
"PEAK3",-0.00607692307692308
"MIIP",-0.00608225809450458
"KLHL21",-0.0060923350075686
"DNAJC1",-0.0060988037458638
"CFHR2",-0.00610530546904185
"CITED2",-0.00610739847891016
"TNFRSF11A",-0.00610993331753126
"GDPD3",-0.00611433639553716
"POLG",-0.00612030980406018
"TMC5",-0.00612101234757975
"WDR24",-0.00612923861505442
"ZHX1",-0.00614503092643878
"H4C12",-0.00615064548053217
"TMEM43",-0.00615089393457895
"ZNF141",-0.0061527872216989
"RPL27P6",-0.00615384615384615
"PAGE2B",-0.00615549625372478
"NFKB2",-0.0061713187435345
"KCNH2",-0.00618078327373662
"HLA-DMB",-0.00618713353802417
"MAP1LC3B",-0.00622108503034189
"KIAA1109",-0.00623161663283241
"OR4K17",-0.00625126272972184
"RDH16",-0.0062564371820783
"CA2",-0.0062576369984476
"IKZF2",-0.00626080653113864
"PLET1",-0.00626690103953124
"PPP1R16B",-0.00626804274026037
"RPL31P7",-0.00627318275111044
"LRRFIP1",-0.006276333766049
"MGA",-0.00629778456223761
"RIPOR3",-0.0063055944954997
"LINC02772",-0.00630769230769231
"TMEM91",-0.00631921683141118
"PLPP1",-0.00633005102160849
"CNBD2",-0.00635922475665942
"C9",-0.00636678655283554
"COQ10B",-0.00637969094420699
"MERTK",-0.00638868234631049
"RPS15P2",-0.00643064050411557
"SMCHD1",-0.00643468126994013
"SERGEF",-0.0064403175383776
"LOC124902559",-0.00646153846153846
"YAE1",-0.00646708360633334
"KDSR",-0.00646769625455526
"SPO11",-0.00649157967621671
"ERLEC1",-0.00649698274150289
"HBG2",-0.00649863399836649
"APBA2",-0.00651489274157463
"IFNA2",-0.00652509944664698
"KRT8P36",-0.00653050254739185
"CARMIL2",-0.00656030267216719
"NSMAF",-0.00657665746274513
"FBXO45",-0.00657813810676129
"CRYGD",-0.00659125828032881
"RPL28P5",-0.00661538461538462
"SCARNA5",-0.00661538461538462
"GJC2",-0.00661890760132161
"MMEL1",-0.0066234869674115
"CYP27B1",-0.00662760146002756
"RSU1",-0.00664350354970802
"VASN",-0.00664405838718841
"GLIPR1L1",-0.00667637311292762
"PKM.1",-0.00668012524618433
"MGAT1",-0.0066844354167527
"SLFN14",-0.00669170859656918
"ENTR1",-0.00669582795767935
"GINS2",-0.00670441362125995
"BAZ1A-AS1",-0.00670640534935497
"FAN1",-0.00674201333744196
"LINC01215",-0.00674506228804835
"MFSD2A",-0.00674979594342464
"HCFC2",-0.0067612103274231
"ZNF443",-0.0067685246125117
"LOC729870",-0.00676923076923077
"SSBP1",-0.00677135636044502
"MRPL27",-0.00677351653710168
"TSTD1",-0.00678014766582757
"FKBP4",-0.00679884414649649
"XCL1",-0.00681090390460926
"TOP3B",-0.0068174609507289
"MPHOSPH9",-0.00682423972238477
"NGF",-0.00683052345106989
"ORAI3",-0.00683129848321484
"BNC1",-0.00683796900940346
"RPS27AP5",-0.00685554172385505
"DCP1B",-0.00687397082780816
"TTLL1",-0.00688800083983549
"SLC22A8",-0.00688835982157307
"KLHDC2",-0.00689462304085187
"NCKIPSD",-0.00690235861434279
"GGT5",-0.00690495214645419
"TSSK3",-0.00691667877126647
"PEX3",-0.00695513438498246
"FCHSD2",-0.00698935938870294
"WDR82",-0.00699565270005814
"RPL10AP2",-0.007
"LINC01237",-0.00700696803132851
"SLC13A3",-0.00700839783260778
"PI16",-0.00701483778357162
"SIDT1",-0.00701894376811056
"OGFOD3",-0.00702346035554683
"GMEB2",-0.00703091989003302
"UBE2G1",-0.00703637448976955
"LRFN1",-0.0070520875873268
"MBTPS2",-0.00705687870284196
"USP2",-0.00705811213069819
"RNU1-28P",-0.00707692307692308
"HGF",-0.00709544730151731
"SPACA1",-0.00709785510631866
"NPIPA1|NPIPA2",-0.00709865792058524
"PCED1A",-0.00710331827917233
"LRRC37B",-0.00711271900648377
"UBR3",-0.00712125848774267
"COPZ2",-0.00712751929124668
"GNA11",-0.00714286575125106
"RPL5P28",-0.00715659681584549
"CAND1",-0.00715715674219877
"ZNF575",-0.00715833413422283
"FEM1A",-0.00716002862993561
"NDUFAF8",-0.00716948459231492
"FAAH2",-0.00717717735642133
"GIP",-0.00718354206041253
"LRRC75A",-0.00719250244484996
"AKR7A2",-0.00720583954974274
"R3HDM2",-0.00721174062009388
"HSD17B7",-0.00722338876700192
"SUGT1",-0.00722882474920117
"BST1",-0.00723041646643565
"KCNH3",-0.00724900556075541
"HS3ST2",-0.00728194767858459
"FUOM",-0.00728737435837028
"TRAPPC10",-0.00729600470456017
"SNRNP48",-0.00730104396246845
"TCP1",-0.00730735245852325
"APH1A",-0.00731068121391271
"STK19",-0.00732213549033806
"C3AR1",-0.00732615096777791
"PPP1R3C",-0.00732907945616647
"LOC101929140",-0.00733375366865545
"MLLT3",-0.00734185072058979
"SH3RF2",-0.00734231335180873
"CENPL",-0.00734884442163359
"COX6C",-0.00735257956114732
"SS18L2",-0.00736790356636969
"ZBED4",-0.00737895374619186
"ORM2",-0.0073883137952923
"MYL7",-0.00739285930549562
"RPLP0P2",-0.00741073348562425
"RNF19A",-0.00742917754398571
"CDH17",-0.00743855303019414
"SNHG11",-0.00746523261361274
"NTPCR",-0.00746857878572381
"RPS16",-0.00748376714953409
"BVES",-0.00748835802034795
"PKIA",-0.00749939165131119
"ENTPD6",-0.00752133950624394
"SSR2",-0.00753650580896799
"FBXW5",-0.0075380112972241
"SNORD17",-0.00753846153846154
"LINC01482",-0.00754235922144808
"HGD",-0.00754354937345482
"IFNA8",-0.00754509242759537
"KRT8P15",-0.00757142315782477
"TFAP2E-AS1",-0.00761538461538462
"LONP2",-0.00761644175396758
"PIK3R5",-0.00762253940109596
"MSX1",-0.00762448591656249
"NCOA5",-0.00763389656924019
"MRPL53",-0.00764023017814426
"EEFSEC",-0.00764285265293496
"GTSF1",-0.00764916217884845
"CST13P",-0.00764967573078756
"C1orf74",-0.0076510376470211
"ELANE",-0.00765498222283637
"FNDC3A",-0.00766973534615586
"CCDC83",-0.00767701153561351
"TRBV11-2",-0.00769230769230769
"TMEM42",-0.00770697153046463
"DLX1",-0.0077070166735411
"PFN1",-0.00770929583410459
"CBLL1-AS1",-0.0077202518927014
"DCAF17",-0.00773818755808229
"CACNA2D1",-0.0077414544553691
"TM7SF2",-0.00774576738045526
"PLEKHG3",-0.00775397615392682
"TP53BP1",-0.00775821517575765
"ECT2",-0.0077633936757431
"TCFL5",-0.00776771086952049
"RPS12P29",-0.00776923076923077
"DHX32",-0.00777650513061886
"PIP4K2A",-0.00778281574986983
"RAB39A",-0.00778326502211071
"DPP10-AS3",-0.00779397762029443
"C1QA",-0.00779463082194266
"IER3",-0.00779539667104691
"VN1R2",-0.00779895025830646
"PYCARD",-0.00781964121737
"ETV2",-0.00786362627047609
"MECR",-0.00786979908320642
"LINC00479",-0.00787371613660248
"OGFRL1",-0.00788917360123821
"MRPS10",-0.00790759482188023
"FAM102A",-0.00791093918338176
"SGMS1",-0.00791311580039824
"NSMCE4A",-0.00792624030887197
"ARSG",-0.00793124306981842
"MIB2",-0.00794562199891342
"ANKRD9",-0.00795211209991509
"ZNF138",-0.00795647370354998
"AP2S1",-0.00796114536581733
"CLCN4",-0.00796451796518053
"UNC13B",-0.00796726587561264
"CFAP161",-0.00798078111581247
"LINC00339",-0.00798344756516905
"LBH",-0.00798673228516503
"LINC02217",-0.00798762963209043
"RPL21P119",-0.00799373290414781
"MIR4485",-0.008
"MTMR9LP",-0.00800586339321664
"GPRASP1",-0.00800669197262117
"ATRIP",-0.00800723022637235
"SMUG1",-0.00801528165661126
"NDUFB8",-0.00801909183052805
"ACSS1",-0.00802216379073536
"C4A",-0.00802376364365451
"WNT16",-0.00804064307782597
"GABRD",-0.00805034574685553
"GTF2E1",-0.00805572945456765
"TRIP11",-0.00807919426257347
"SUCO",-0.00808131815374844
"HOXA9",-0.00809219750365443
"M1AP",-0.00812101954849663
"USP46",-0.00812335298457883
"LINC02482",-0.00814655572151522
"LOC100652758",-0.00814982905672649
"TBP",-0.00815822291616445
"PITHD1",-0.00818629440439782
"NKAIN1",-0.00820088608400558
"IL1B",-0.0082101788756215
"ZNF106",-0.00821524271625047
"COPA",-0.00821627742966034
"DSTYK",-0.00821890874562465
"PDE4DIPP6",-0.00822422626808521
"TRMT44",-0.00822480308668688
"C9orf72",-0.00823469344509734
"GPKOW",-0.00824677248903686
"LRPAP1",-0.00824819096801554
"ALCAM",-0.00825386357325519
"MAPT",-0.00828754255786664
"AKAP13",-0.00830832689772394
"MPL",-0.00831793450862588
"LRRC8C-DT",-0.0083380509696527
"KRT12",-0.00833931046774374
"GPR174",-0.00835129931876969
"NEUROD4",-0.00835896394709687
"SCAI",-0.00836319043714335
"ASB1",-0.00836863953542774
"BANP",-0.00836943426373201
"CLSTN1",-0.00837709397713309
"CD2",-0.00840367888495848
"TRMT10B",-0.00841340553961307
"THSD1",-0.00843187695567483
"UBA6-DT",-0.00843481877858632
"RPL5P34",-0.00843965226002704
"RPL34P16",-0.00846153846153846
"SLC2A10",-0.00846856016477882
"TAF15",-0.00848099969831506
"CEP57",-0.0084839350438807
"OR3A2",-0.00849361134956724
"SLC28A3",-0.00851019510035473
"LOC403312",-0.00852543028354003
"RAN",-0.00854578941729227
"HBS1L",-0.00855415505907413
"C3orf62",-0.00857780508157571
"UBE2R2",-0.008581730452071
"H4C7",-0.00858513300801267
"FXR2",-0.0085923837584904
"SOS2",-0.00860107297537713
"PRSS33",-0.00860174077073095
"GABPA",-0.00860180206106005
"DPH2",-0.00861826008455612
"ZIK1",-0.0086326182388745
"CERK",-0.00863565841650103
"FBXW7",-0.00863849585527383
"EDIL3",-0.00865340135250802
"AGTRAP",-0.00866233049430003
"TRAV8-1",-0.00869221271059508
"GZMA",-0.00869582252432314
"ADCY3",-0.00869606898205418
"OPN1LW",-0.00871066842621317
"ADGRG5",-0.00871990824444926
"CAPN1-AS1",-0.00872136041489131
"DDX5",-0.00872281340257379
"FRS3",-0.00874189336354291
"TRAT1",-0.00875763717324232
"RPL10P3",-0.00876923076923077
"RPL10P6",-0.00876923076923077
"RRAS",-0.0087740651790112
"OXCT1",-0.00878244015627569
"TRIM22",-0.00878338152054839
"SLC24A5",-0.00878628811501831
"ATXN7L3B",-0.0087962913820603
"NETO1",-0.00880373878356752
"CELSR1",-0.00881016514136327
"RAMAC",-0.00881689586314047
"KCTD3",-0.00883391579514619
"ABCC6",-0.00885269279344761
"AGGF1",-0.00885903188719978
"DNAJC4",-0.00886094819529592
"HSD17B8",-0.00886327823618966
"ERI1",-0.00886607668692398
"KIAA1191",-0.00889790885102985
"NBPF12",-0.00892474701852378
"RPS6",-0.00893489438348462
"VPS26A",-0.00894513422202054
"EPDR1",-0.00895163393676383
"PRR15",-0.00895651895557281
"FBXL13",-0.00898125733411304
"INKA2-AS1",-0.00898362119020646
"PPP4R3C",-0.0089855906199201
"GFPT1",-0.00899778062747643
"CARF",-0.00901080801938868
"HCST",-0.00901298916855245
"RNF181",-0.00901640174574069
"SMPD5",-0.00902352761693372
"PLXNC1",-0.00903011952489133
"GSTK1",-0.0090301802474386
"CTNND2",-0.00904023111319187
"PHF19",-0.00904893584165379
"UBE2D2",-0.00905367106087398
"CABP5",-0.00906153856707943
"ACE2",-0.00906586030085145
"SC5D",-0.00907553004172446
"SPAG5",-0.00907830469179167
"TTF2",-0.00909445491624969
"LPIN2",-0.00910346004730086
"RTRAF",-0.00910814348793465
"REG1A",-0.00912602868537931
"SPC25",-0.00912701269838692
"MYH3",-0.00913619812413148
"LSM5",-0.00913873832874385
"ZNF461",-0.00915218874872734
"LGMN",-0.00915647469804734
"RNF187",-0.00916035065202634
"TSPY14P",-0.00916172699300333
"C5orf52",-0.00918562044218071
"ADGRL4",-0.00919872911376755
"PPM1J",-0.00920567916652293
"CKS2",-0.00921960021689539
"APPL2",-0.00922844047766908
"GRK5",-0.00923992127858234
"VTI1B",-0.00924095721744833
"GNPDA1",-0.00924180333814183
"OR5AP2",-0.00924961475926811
"SAMD10",-0.00926172787863905
"EPHA5",-0.00926687107146067
"ZNF740",-0.00928941471448832
"MYCNUT",-0.00928998468357101
"AVEN",-0.00929385702025392
"TPPP3",-0.00930491959883317
"EEF1DP1",-0.00930769230769231
"SLC12A6",-0.00931856806607367
"CEP41",-0.00932066936975477
"LYVE1",-0.00932521081115695
"S100A5",-0.00932762500114769
"PKMYT1",-0.00932977167395392
"LTN1",-0.00933834154394394
"HNRNPA0",-0.00933941016526883
"CD84",-0.00934567871348276
"PTGS1",-0.00934573115091188
"RTN3",-0.00934986163678296
"EPHB1",-0.0093650506036773
"LRRC32",-0.00937225785087734
"MARK2",-0.00938652043354437
"PNOC",-0.00938671957959131
"ZMAT3",-0.00939464514487756
"SPNS3",-0.00939532865217815
"MAVS",-0.00942779530534122
"KDM4A",-0.00942779686852586
"SPTSSA",-0.00945454916283641
"MOB3C",-0.00945998257300513
"TRDV1",-0.00946027008921198
"PABPC4",-0.00946937276521526
"ANXA5",-0.00953327896905688
"CMTM2",-0.00955910216218515
"IFI27",-0.00956549790571534
"BICC1",-0.00956807167407561
"OTUD3",-0.00957887330532524
"ELAVL4",-0.009579736161188
"MC2R",-0.00958310336551263
"SLC25A13",-0.00958526030233455
"ZNF197",-0.00959743405352747
"RFX6",-0.00960173164861611
"TMEM168",-0.00964478328857541
"HCN1",-0.00965861689626067
"KCNF1",-0.0096586274368953
"INPP5D",-0.00965878175619147
"PTGER2",-0.00966946234134887
"TSPAN4",-0.00967294471844004
"ARHGDIB",-0.00968158590100256
"TIGIT",-0.00968183748087232
"ZMAT1",-0.00968254412176756
"CRYGN",-0.00968378179643114
"ANKRD13C-DT",-0.00969230769230769
"BORCS6",-0.0097208524628068
"ADD3",-0.00972324460865693
"PIGK",-0.00976110808601745
"OSM",-0.00976122031947215
"RPL21P53",-0.00976923076923077
"TRBV7-9",-0.00976923076923077
"PMFBP1",-0.00977433829731443
"TXNDC17",-0.00977929124351048
"TTC39A",-0.00981494735465637
"VBP1",-0.00982483227052368
"GFI1",-0.0098248696190789
"MEF2D",-0.00983436022628104
"PICALM",-0.00985020198111473
"ACLY",-0.00985369454332586
"IGHV3-33",-0.00986563258536571
"ARHGEF16",-0.00986650227268351
"OR51E1",-0.00986787323397242
"B3GNTL1",-0.00989570236517352
"TMEM163",-0.00990327710278882
"IFNB1",-0.0099154697578326
"ZBTB41",-0.00992223793580007
"HHATL",-0.0099295298292478
"CATSPER1",-0.00993196215667911
"HOXC13",-0.00993808191244595
"CPNE9",-0.00993965799971572
"ITGA2",-0.00994269056717592
"SERHL",-0.00994358540897444
"SYTL2",-0.00995310681821072
"C2CD3",-0.00995936645522093
"SSBP3",-0.00998570144775314
"COL9A3",-0.00998600049301485
"ZSWIM9",-0.0099873290377998
"HSPA14",-0.0100074280019995
"PARD3B",-0.0100232100598001
"ATP6V1C2",-0.0100626111423714
"MRPL28",-0.0100797233693679
"RPL7P1",-0.0100861673156275
"SH2B2",-0.0100927383450494
"EIF1AX",-0.0100969843899266
"ELF1",-0.0100997101318233
"BANF2",-0.0101054050688379
"ARRDC1",-0.0101082354552756
"NDC1",-0.010121897450008
"FAM76A",-0.0101325090993515
"LINC00853",-0.0101475675841085
"TRPV2",-0.0101657549356905
"ZC3HC1",-0.010203005469248
"CLEC7A",-0.0102351417395269
"ZNF396",-0.010247879243698
"WDR97",-0.0102647984885157
"TSEN15",-0.0102669504999887
"FBXO16",-0.0102688339429587
"IGHA1",-0.0102730222542737
"ABI3BP",-0.0102739454860312
"DCP1A",-0.01027529798492
"CD8A",-0.0103049932595231
"NCKAP1L",-0.0103059341103371
"SNAPC3",-0.0103088881435956
"WIF1",-0.0103214730921446
"DTD1",-0.0103597298526587
"KIAA0100",-0.0103741311378131
"ABTB3",-0.0103846153846154
"PEG10",-0.0104003831322703
"XKRX",-0.0104114771700716
"CDADC1",-0.010427162905938
"GSC",-0.0104476542249763
"LINC01550",-0.0104500966305051
"FER",-0.0104522903223128
"TMEM183BP",-0.010454154984477
"PKD2L2",-0.0104622610697462
"LINC00113",-0.0104644742384536
"TFB1M",-0.010465262090438
"RAB3C",-0.0104703033146923
"IKBKE",-0.0104712207006225
"WDR5B-DT",-0.010485706362786
"ADAMTS1",-0.0104920984423103
"LRRC2-AS1",-0.0105053050598931
"LINC00334",-0.0105070506538559
"MYCN",-0.0105106888695656
"TM9SF4",-0.0105243699888884
"NARS2",-0.010541018972665
"PHKA1",-0.0105596323811219
"WDR41",-0.0105823477986825
"GJA10",-0.0105882802630959
"ARFIP1",-0.0105937968668724
"RAB29",-0.0106045771221387
"BTF3",-0.0106116843316443
"DERL3",-0.0106150052044406
"CDKN2B-AS1",-0.0106365430429456
"KMT5A",-0.0106406990725989
"ADAMTS8",-0.0106503087707531
"EMC6",-0.0106516635433564
"RIDA",-0.010665890537867
"PRKG2",-0.0106711329553576
"DCBLD1",-0.010674054508924
"TULP3",-0.0106830689715821
"TMEM106A",-0.010690609881602
"SMIM12",-0.0106926475139773
"LIX1",-0.010694627233713
"ORC1",-0.0106971535639598
"SERHL2",-0.0107063678538543
"MLN",-0.0107101513535675
"SLC6A16",-0.0107342192620187
"MCM5",-0.0107527855924601
"WDR1",-0.0107533716899974
"CSN3",-0.0107647433325441
"EDN1",-0.0107662088734854
"RHOB",-0.010793756603576
"FAM107B",-0.0107975332573992
"PARP10",-0.010809314337279
"EEF1B2P3",-0.0108095633517284
"UBALD1",-0.0108138137047991
"OR10A4",-0.0108395993316316
"EBAG9",-0.0108443860372434
"FOCAD",-0.0108486415906322
"BRD7P2",-0.0108580628590675
"CDC123",-0.0108992463809439
"GRPEL1",-0.0109101755196402
"CCDC88A",-0.0109138272356424
"CCDC177",-0.0109310030216532
"CSTB",-0.010939106200238
"NAIF1",-0.0109494750158076
"PTGFR",-0.0109580836809801
"RAPGEF5",-0.010979671934764
"TSPAN10",-0.0109803522918677
"IMPG2",-0.0109813855714812
"POLR2E",-0.0109948061648923
"SIAE",-0.0109949040324698
"ESPN",-0.0110058199647475
"MSTN",-0.0110062548554235
"F11-AS1",-0.0110069535414983
"DNPH1",-0.0110125467693803
"TLR2",-0.0110343106058007
"RPL36",-0.0110591104575535
"SMAD5",-0.0110774878561317
"EIF2A",-0.01108104879787
"RD3",-0.011089811576417
"PHKG1",-0.0111100548207874
"F2RL3",-0.0111163696971123
"NOL8",-0.0111180293268649
"TFAP2A",-0.0111225833026643
"CNBD1",-0.0111264017390066
"HIVEP3",-0.0111346663751777
"LINC00326",-0.0111510910724402
"ZNF783",-0.0111705937891086
"JAKMIP3",-0.0111712528379409
"ADAM20P1",-0.0111887990248174
"PCNA",-0.0111900505227263
"MPLKIP",-0.0112046370398779
"GRK3-AS1",-0.0112123788040733
"RIPK2",-0.0112366283186538
"KRT32",-0.0112368134695559
"FNIP1",-0.0112426835954858
"MSL3",-0.0112477081286534
"MRPL39",-0.0112613043621844
"LINC02715",-0.0112757144368862
"C9orf16",-0.0112827671947202
"CTDSP1",-0.0112835708489444
"SIGLEC5",-0.0112840834583507
"IZUMO2",-0.0112947064033442
"TBR1",-0.0113061555096013
"NIT2",-0.0113132601562825
"SMAD4",-0.011320444244926
"PTDSS1",-0.0113401506416257
"XDH",-0.0113499521346467
"VSNL1",-0.011353016532678
"TCEAL5",-0.0113587706480017
"H4C1",-0.011361566261451
"VPS41",-0.0113636797587706
"PSME2P2",-0.0113645924719622
"TBX18",-0.0113726404504293
"INTS12",-0.0113730022837506
"SCNM1|TNFAIP8L2-SCNM1",-0.0113769318689484
"IGHD",-0.0113816395221705
"ZNF91",-0.0113920473677867
"WDR78",-0.0113965884125347
"KLK5",-0.0114436838159487
"C8orf33",-0.0114642115423551
"NELL2",-0.0114655294775549
"LRRC27",-0.0114699089205993
"NOM1",-0.0114820506282012
"CAV2",-0.0114866184750878
"RUNX1",-0.0114918370014795
"CLPP",-0.0114918852454696
"CADM1",-0.0114996410098505
"COQ7",-0.011526006925411
"NAAA",-0.011532407772224
"AKAP10",-0.0115858466426443
"CCDC136",-0.0115954645778604
"CXCL17",-0.0116196452349958
"TMEM238",-0.0116352686053727
"RLF",-0.0116372487431195
"SLC14A2",-0.0116386384297342
"CSNK1D",-0.011639271696438
"RPS6KA5",-0.0116394237490026
"ESCO1",-0.0116574785372256
"SLC25A46",-0.0116636534261776
"NOMO1",-0.011667557773885
"CDR1",-0.0116677234173131
"RHCE",-0.0116802730322842
"ZC3H7B",-0.0117090763748097
"LINC01960",-0.0117126938068266
"LINC01224",-0.0117139425506183
"NKX3-2",-0.0117231155822996
"SNX11",-0.0117242981634426
"IAPP",-0.0117519622448232
"USP41",-0.0117570738909965
"TC2N",-0.0117608518280993
"AGL",-0.0117832880109621
"AIMP1",-0.0117886263715777
"ASCL3",-0.0117930504391926
"RAB33B-AS1",-0.0117944662129435
"MVD",-0.0118068164691343
"TRAF6",-0.0118068801458548
"PLA2G4F",-0.0118125079742135
"EME1",-0.0118199451755277
"PACSIN1",-0.0118219525079169
"THTPA",-0.0118266772826239
"IL9",-0.0118280377538991
"DARS2",-0.0118445027684406
"GUCY2F",-0.0118621320587187
"MTREX",-0.011864564765503
"JADE3",-0.0118661049409937
"PKNOX2",-0.0118825905176015
"ZNF236",-0.0118926852764873
"EFEMP2",-0.0119051765451874
"GATD1-DT",-0.0119126364101762
"FBLN1",-0.0119386413058354
"CCDC186",-0.0119474971040064
"DCUN1D1",-0.0119567111947598
"FOXM1",-0.0119743423795617
"MIF4GD",-0.0119841207086406
"POLR2H",-0.0119868975119874
"C11orf58",-0.0119892726586559
"ADD2",-0.0120353150560631
"OTOR",-0.0120412654536186
"SPINK13",-0.0120438791847906
"DHFR",-0.0120492647436688
"BICRA",-0.0120603289427275
"LINC02210",-0.0120633312577526
"TMBIM4",-0.0120640526852996
"TIPARP",-0.0120782252237219
"NME4",-0.012093129117586
"WDR3",-0.0120978801611632
"TMEM220",-0.0120984134996365
"RND3",-0.0121006120360563
"DYRK1B",-0.0121215296828939
"GCNT1",-0.0121367565883696
"IFITM5",-0.0121413030089181
"LOC254896",-0.0121417622336825
"MCM3AP",-0.0121587411701269
"ASIC4",-0.0121618090870902
"SNRK",-0.0121812779875191
"CD69",-0.012182614624141
"SLC38A5",-0.0122185676888222
"RPL26P4",-0.0122291709811177
"CKAP4",-0.0122326543388552
"RFXANK",-0.0122328241302599
"ATPSCKMT",-0.0122930586084811
"RAB33B",-0.0122974479347347
"POLR2J2",-0.012304065371069
"GAS7",-0.0123199474586415
"CCZ1B",-0.0123213854602971
"FZD7",-0.0123285449820392
"COX6A1",-0.0123417569093386
"KRT18P68",-0.012347439530541
"ADHFE1",-0.0123505190471529
"HINT1",-0.0123521938730623
"C1orf52",-0.0123573698987161
"EVA1A",-0.0123681494807801
"STARD10",-0.012369011601899
"ASPA",-0.0123693789926683
"LRP8",-0.0123765813723441
"EPM2AIP1",-0.012387193802223
"AHCYL1",-0.012405304352747
"PMS2",-0.012414667040302
"C6orf136",-0.0124175221232386
"NOTCH2NLR",-0.0124300947097397
"PLPBP",-0.0124567146945681
"FBRSL1",-0.0124635903052208
"NRAP",-0.0124649661645916
"BNIP2",-0.0125062489288845
"TUBA1B",-0.0125084768689079
"C1orf159",-0.0125205756557991
"ZSCAN5B",-0.0125349556876574
"FLJ46284",-0.0125404545481218
"LRRIQ1",-0.0125573054931653
"EDAR",-0.0125832220981184
"FBXO4",-0.0126139905306385
"GMCL1",-0.0126211026557127
"SUN3",-0.0126348253970235
"RBIS",-0.0126413793752048
"MED6",-0.0126579420764542
"ZNF45",-0.012666691971711
"MLC1",-0.0126688920817463
"IRX5",-0.0126881141234828
"RASGRP3",-0.0126914305506482
"CORIN",-0.0127134844727267
"CDH13",-0.0127184344898566
"KRT8P21",-0.0127201307102363
"SLBP",-0.0127203485340439
"ISCU",-0.0127264590767811
"LRRC6",-0.012780003302417
"ATP7A",-0.0127970787833827
"VMA21",-0.0128035662204941
"PRKRIP1",-0.0128082461078215
"RNF121",-0.0128090829175741
"HPCA",-0.0128142704344311
"BMPR2",-0.0128230168477175
"CDAN1",-0.0128368509407943
"RPS2P20",-0.0128461538461538
"TRBV12-4",-0.0128461538461538
"MIR12136",-0.0128461538461538
"CYP2C8",-0.0128497011613831
"TCTN1",-0.012856638322882
"GK2",-0.0128660331764357
"TSN",-0.0129000017294486
"CTNND1",-0.0129035665352
"THAP12",-0.0129093892387906
"IGLC3",-0.0129230769230769
"FUT4",-0.0129269205072295
"PLS3",-0.0129329546451962
"MAG",-0.0129384115489365
"MCM6",-0.0129748200084275
"AIP",-0.0129770432243773
"KDM6B",-0.0129951780035208
"MOCOS",-0.0130416511915546
"WFDC5",-0.0130605075071334
"TMEM161B-DT",-0.013074275911846
"NDUFC1",-0.0130748516674454
"LACRT",-0.013075405889766
"HMGXB3",-0.0130883180074444
"TSPO2",-0.0131051254359525
"NTN1",-0.013110503759347
"PABPC1L2B",-0.0131114941254723
"LPGAT1",-0.0131265824103553
"ANKRD29",-0.0131331823091961
"ZNF702P",-0.0131418969450336
"TRBV12-3",-0.0131538461538462
"ECE1",-0.013169900937472
"CD83",-0.0131818457883298
"SCPEP1",-0.0131902943575558
"TNFRSF13C",-0.0131980577365002
"LOC728506",-0.0132049786275035
"RRAS2",-0.0132216862631862
"PAK6|BUB1B-PAK6",-0.0132281862130281
"IRF2BP1",-0.0132371131558791
"AK9",-0.0132466482359584
"C1orf50",-0.0132497822398648
"NOTCH4",-0.0132557312783778
"KLF7",-0.013279331316628
"PEMT",-0.0132802092828444
"ZNF287",-0.0132885481891733
"MIA2",-0.0133002155843775
"CYP8B1",-0.0133061541067917
"PKD2L1",-0.013307889904053
"STK4",-0.0133113650557089
"SHROOM3",-0.0133164301778442
"ITLN1",-0.0133206026270623
"BAIAP2L1",-0.0133496842842603
"PSMB8-AS1",-0.0133601554023986
"ATP6V0A4",-0.0133742733536614
"DNTT",-0.013374990391196
"KLHL22",-0.0133856262823689
"RAB36",-0.0133932959154347
"CRISPLD2",-0.013395096172681
"LOC122319436",-0.0133995657736774
"FTCD",-0.0134047522998631
"NICN1",-0.0134073157541524
"ETFBKMT",-0.0134145368970317
"SLCO4C1",-0.0134150108209329
"CSE1L-DT",-0.0134249401494628
"PI3",-0.0134291768653223
"IGSF3",-0.013433032696985
"SPON2",-0.0134406195383101
"BLCAP",-0.0134425293882699
"TAF1A",-0.0134720086595254
"ERO1LB",-0.0134767746639808
"EXOG",-0.0134833815840766
"ZNF80",-0.0134839048095942
"B4GALT2",-0.0134859109856897
"UBE2Z",-0.0134874341903369
"PLD6",-0.0134936140114189
"PRKCG",-0.0135026577054599
"S1PR1",-0.0135029610316817
"HIPK2",-0.0135141427111303
"MSS51",-0.0135144306683777
"TIMD4",-0.0135160738307785
"DMXL1",-0.0135267885497643
"H4C11",-0.0135285691153401
"MFSD14B",-0.0135530148751026
"ZNF446",-0.0135536984947851
"IDH3A",-0.0135539042162261
"LOC731157",-0.0135781016954093
"ZNF697",-0.013608751753936
"PRF1",-0.0136232108175156
"AHCYP5",-0.0136410359120083
"TMEM181",-0.0136623009958847
"EXOC5",-0.0136768480920344
"RAPGEF1",-0.0136789187628375
"SMPDL3B",-0.0136814533899326
"MRPL9",-0.0136836630358628
"EIF3LP3",-0.0136870218072249
"TEX2",-0.0137107540854063
"PEBP1",-0.0137156619659973
"TRBV5-1",-0.0137209432083029
"C4orf36",-0.0137300557270225
"A3GALT2",-0.013755051081244
"TMED5",-0.0137690651300027
"TNFRSF19",-0.0137720573502241
"LOC101928651",-0.0137789151691141
"ILKAP",-0.0137871811060165
"EDDM3B",-0.0137927920602495
"TTLL12",-0.0138014689207489
"CYB561A3",-0.0138131634216567
"MFSD11",-0.0138131913293872
"MAP3K13",-0.0138176922662869
"FOXN4",-0.0138182326821871
"TMED3",-0.0138375430646187
"ZNF558",-0.0138556331110396
"IKBKGP1",-0.0138618479884653
"FCGR2B",-0.0138734172228725
"MOCS3",-0.0138779322611565
"TPP1",-0.013896437671121
"SPDL1",-0.0138973768732767
"TXK",-0.0138981272621832
"C9orf57",-0.0139042606299178
"RPL31P4",-0.0139147211754331
"TRIM37",-0.0139147576697356
"TBC1D31",-0.0139305170014139
"AKR1B10",-0.0139492878790133
"PDCD5",-0.0139545628093001
"COA6",-0.0139640337470946
"ATP6V0A2",-0.0139697104506928
"SPICE1",-0.0139735125210748
"PRLHR",-0.0139764540724629
"TNFRSF21",-0.0139881342886888
"TNIP3",-0.0139887294085369
"LMBRD1",-0.0139972637540152
"NDUFB1",-0.0140074534675319
"CDH4",-0.0140265374179654
"GNLY",-0.0140287170498275
"ABCD3",-0.0140323523504919
"DIPK1A",-0.0140333667208221
"GRIK3",-0.0140398382438603
"MIR155HG",-0.0140437456060735
"ZNF286A",-0.0140450949383502
"OGFOD2",-0.0140756481435365
"BAK1",-0.0140760852736343
"TSG101",-0.0140928966339804
"MLLT1",-0.0140946448364693
"LINC01833",-0.0140969707148875
"ZNF512",-0.0141001974056192
"GLRA2",-0.0141419799169731
"HSBP1",-0.0141449078474699
"THPO",-0.0141692910302374
"FGF13",-0.014184846105886
"BECN1",-0.0142012721181755
"GABRG1",-0.0142031282772056
"LINC00540",-0.0142064015543225
"PROKR1",-0.0142071230424717
"RMND1",-0.014214341807312
"SMAP2",-0.0142298075511682
"RPH3A",-0.0142447424483878
"GAB3",-0.0142482032627529
"MUC13",-0.0142608223494809
"LIM2",-0.014269954172585
"SLC30A6",-0.0142778025439093
"MATK",-0.0142811360095037
"ADGRE2",-0.0142939893848438
"AGPAT2",-0.0143013109880128
"ALKBH1",-0.0143086395911229
"CCDC179",-0.0143143996509263
"CER1",-0.014318604095032
"CYCSP3",-0.0143351802734237
"TFF3",-0.0143517884130317
"NUBP1",-0.0143518709284949
"SAP130",-0.0143551078302437
"CAMKK2",-0.0143700272720307
"NR1H4",-0.0143761744332329
"MED11",-0.0143772162568
"ARHGEF28",-0.0143826589482263
"MRPL4",-0.0143929307749914
"MYOM1",-0.0143932976274801
"APOA2",-0.0143977411713695
"TMEM89",-0.0144166819060731
"OLFM2",-0.0144244633464775
"NOG",-0.0144256483034524
"H4C4",-0.0144401614797306
"SLC6A3",-0.0144549438563304
"CD6",-0.0144613064866236
"RPS8P1",-0.0144615384615385
"MACROD2",-0.0144707966633208
"PRSS35",-0.0144776432567107
"ZNF337",-0.0145067172754946
"MAP3K4",-0.0145091742863981
"TEPP",-0.0145330333680252
"APOC4",-0.0145349830324635
"ZNF37A",-0.0145376414176842
"CSH2",-0.0145376769757215
"CON_sp|HBA_HUMAN|",-0.0145382403251836
"RPS3AP26",-0.0145557922492405
"RPL23P6",-0.0145667944352299
"C11orf97",-0.0145793279251298
"CNOT11",-0.0146237078069599
"STK31",-0.0146413853784746
"USP19",-0.0146421953091202
"MESD",-0.0146520878890695
"TNFRSF12A",-0.0146533584805587
"LY86",-0.0146547087125561
"CBWD1",-0.0146571295929288
"LINC01555",-0.0146601608014308
"EGFLAM",-0.0146910734332578
"GABRA6",-0.0146911621514843
"IGHG3",-0.0147020852765355
"LTC4S",-0.0147032770991093
"PDPR",-0.0147124950365778
"RBM26-AS1",-0.0147218333411846
"USP14",-0.0147245477430248
"UQCC5",-0.0147692307692308
"OSBPL8",-0.0147699141568413
"LIPT2",-0.0147703835388238
"HOXD10",-0.0147731513679512
"C1orf174",-0.0147979161558306
"OLIG3",-0.0148048727352971
"FAM199X",-0.0148071984430069
"ABCA4",-0.01481243125268
"RAB3IP",-0.0148220150633539
"RPS6KC1",-0.014832491425359
"LSM14B",-0.0148335926851313
"SLC22A6",-0.0148435405005507
"YIF1A",-0.0148560308952173
"TRIM21",-0.014861666477069
"MTMR14",-0.0148648526502398
"AMELY",-0.0148658101489531
"DNAJC14",-0.0148773918901079
"SLC10A3",-0.0149063370732011
"N4BP2L1",-0.0149232385492687
"LETM2",-0.0149337309809791
"PRSS8",-0.0149411621571449
"ZDHHC17",-0.0149463638390278
"CD1A",-0.0149466888086815
"ARMC7",-0.0149554853936557
"SNRPD3",-0.0149720935843341
"WARS2-AS1",-0.0149849610158699
"SIGLEC14",-0.015
"RPS8P4",-0.0150034315298893
"KNCN",-0.0150080372566505
"CD3G",-0.0150085853240168
"PNPO",-0.0150145633806968
"RPS6KA3",-0.0150148132523697
"FAM124A",-0.0150157878220779
"ZSWIM7",-0.015021903874677
"NT5E",-0.0150274190420684
"TMUB1",-0.0150291794217042
"ZNF547",-0.0150447512772292
"AVP",-0.0150654824277009
"TMEM79",-0.0150667088427602
"HMMR",-0.0150741506910683
"H2BC8",-0.0150749085997923
"OR10A5",-0.0150772011103127
"ATG2B",-0.0150897486567234
"PSME4",-0.0150997245693907
"CCT7",-0.0151465333070156
"CASK",-0.0151472730530588
"B3GNT5",-0.0151497321640631
"MINK1",-0.0151664036846614
"CLCN5",-0.015180763711549
"LIN9",-0.0151836424151835
"MS4A1",-0.0151896192560122
"ZYG11A",-0.0152117613664602
"SLC3A1",-0.0152571224660201
"ZNF467",-0.0152767218539537
"PET100",-0.0152774811412961
"LHB",-0.0152828168508952
"LRRC4B",-0.0153131809306655
"SLC6A1",-0.0153255351278371
"LAMTOR1",-0.0153330671079924
"SF3B3",-0.0153342886909166
"ZWILCH",-0.0153374007818544
"HSD3B1",-0.0153469661273224
"UNC13A",-0.0153581437811618
"WBP4",-0.0153588167715824
"GALNT12",-0.0153640936689354
"NFATC2",-0.0153767468607508
"LRRC57",-0.0153802109422302
"CRYGA",-0.015383980488452
"CCL4",-0.0153986503624913
"RGPD6",-0.0153989273023747
"PIN1",-0.015424435795882
"CON_sp|ANXA5_HUMAN|",-0.015426977432984
"NTNG2",-0.0154357366294018
"CA3",-0.0154578811007562
"TBC1D2",-0.0154686097725298
"CIDECP1",-0.0154732511793882
"ELFN1",-0.0154795425351175
"EVI2B",-0.0154874082867061
"FAM43B",-0.0154931211350159
"CWH43",-0.0155008526668952
"ABCB5",-0.0155140474176494
"METAP1",-0.0155407848873874
"SP140L",-0.0155508945220315
"LAMB2",-0.0155523188074731
"EPX",-0.0155557187792863
"CD36",-0.0155635912229623
"RPL34",-0.0155677607251086
"RBBP4P3",-0.0155677944257793
"COA3",-0.0155815628336441
"PAXBP1-AS1",-0.015590310594595
"GTF2H1",-0.0155973773156072
"OR7A17",-0.0155991630803945
"TMEM64",-0.0156051468542304
"TBL2",-0.0156087192177092
"DUSP14",-0.0156133597266764
"TIMP2",-0.0156183181904539
"TDRD1",-0.0156205485660016
"RPL18AP7",-0.0156245388765011
"ABCA13",-0.0156294736255112
"GGTA1",-0.0156396969059886
"PARVB",-0.015661370319131
"GLUD1",-0.0156722911361208
"GTPBP2",-0.0156846994072983
"CALML3",-0.0157065469732056
"ERVK3-1",-0.0157194155948528
"CREB3L4",-0.0157291847097689
"PRRX2",-0.0157327421003988
"OSBP",-0.015742816197066
"CBLN1",-0.0157450066095579
"C8B",-0.0157528322066918
"ACP7",-0.0157600963546445
"OBP2A",-0.0157704378436249
"OR6A2",-0.0157727315201698
"EXTL3",-0.0157742264490029
"TMOD3",-0.0157773806852016
"LOC339966",-0.0157801098315673
"LOC100130357",-0.0158324109616658
"CEP152",-0.0158326876408563
"THAP5",-0.0158330899609549
"PHACTR1",-0.0158398798005794
"REPS1",-0.0158613764468706
"RHEBL1",-0.0158631497421806
"PDXP",-0.0158736029651271
"IMMP2L",-0.0158883587811785
"H1-8",-0.0158889221044047
"RIOK2",-0.0159180502291405
"TBC1D8B",-0.0159416301717262
"KRT8",-0.0159419720874642
"BRINP3",-0.0159424955815611
"KCNE1",-0.0159464386188237
"NOL11",-0.0159466256684648
"UBXN6",-0.0159520758032167
"ATRAID",-0.0159605981677085
"CPSF3",-0.0159861302710644
"ZFYVE16",-0.0159950303438083
"XPNPEP2",-0.0160353843155512
"YIPF3",-0.016036320618464
"ZKSCAN5",-0.0160412121306916
"KTN1",-0.0160520358755418
"FOLR2",-0.0160521339234419
"UCN",-0.0160555618735557
"CAMK4",-0.0160744373689334
"CNKSR3",-0.0160939080213237
"MRPL10",-0.0161191675925568
"FHDC1",-0.0161200134573482
"ZNF525",-0.0161343037551778
"FAM187B2P",-0.0161362443763043
"RPS13P2",-0.0161473752722189
"RSAD2",-0.0161574367563051
"ZC3H12C",-0.0161619315555979
"RNF103-CHMP3",-0.016168649588939
"CORO1A",-0.0161700083115353
"ZNF444",-0.0161952419779031
"MPO",-0.0161999078115788
"SNHG27",-0.0162204483235771
"SLF1",-0.0162374502642254
"TET3",-0.016249824263606
"ARHGAP30",-0.01625354839765
"H2AC19",-0.0163076923076923
"YTHDF3",-0.0163137443413665
"TBC1D20",-0.0163366549974661
"FBXO8",-0.0163389632940844
"GBF1",-0.0163433710918228
"SYMPK",-0.0163613642799104
"ASTN2",-0.0163656403305057
"SNRNP27",-0.0163681623866216
"CFAP46",-0.0163878748100037
"PLK1",-0.0163957917372657
"LOXL3",-0.016463483595247
"HDAC11-AS1",-0.0164649182311516
"TNFSF11",-0.0164712277136464
"ELOA2",-0.0164730631374157
"ADTRP",-0.0164757407501631
"SSTR5-AS1",-0.0164785144656054
"USP48",-0.0164854772022532
"METTL2A",-0.0164875249085666
"STAM2",-0.0164990935044416
"POLR2K",-0.0165127125353796
"SCAMP1-AS1",-0.0165145719034881
"KCNA5",-0.0165287430511748
"BPESC1",-0.0165353814368023
"DSC1",-0.0165400264492139
"ZNF189",-0.016550479994843
"GP1BA",-0.016551424544131
"CLEC12B",-0.0165516518723301
"DRD2",-0.0165726808739998
"FAAP24",-0.0165735265435343
"TREML1",-0.016595976122041
"SOX6",-0.0166050125453989
"PVT1",-0.016622374298799
"TOX",-0.0166334807206683
"TMEM150A",-0.0166336907157324
"VPS37B",-0.0166407206941636
"GAB2",-0.0166431890622837
"ITGA8",-0.0166503503621127
"PDPK1",-0.0166576827122142
"MRPL54",-0.0166834295382877
"NLRP5",-0.0166839962526543
"BLOC1S4",-0.0167001764259582
"CLIP4",-0.0167167603790683
"RPL5P1",-0.0167461254994025
"CENPH",-0.0167471842728619
"GCM1",-0.0167483038196674
"PARP11-AS1",-0.0167518724834156
"LCMT2",-0.0167576820208446
"TMCO1",-0.0167609984122487
"GNPDA2",-0.0167738622209156
"GJB6",-0.0167776087074352
"EPHA5-AS1",-0.0167851252099342
"SH3GL3",-0.016794183638164
"WIPI2",-0.0168096752786235
"SLC7A7",-0.0168185400386501
"NOS1AP",-0.0168206699863247
"G6PC3",-0.0168309542281152
"GNB1",-0.0168310806488861
"SORT1",-0.016838741869735
"MAP2K2",-0.0168418550885029
"LPCAT1",-0.0168578289344242
"PHOX2A",-0.0168668672349224
"KIF21A",-0.0168803600964133
"COX17",-0.016893741789328
"RNF133",-0.0169113436605216
"AP3B1",-0.0169204983830261
"ARHGEF7",-0.0169327689761792
"SYNM",-0.016946066635199
"ABCC3",-0.016970724924762
"UBE2N",-0.0169741111514738
"ILRUN",-0.0169753095995873
"GTPBP10",-0.016976978457581
"TCN1",-0.0169826387451279
"VPS33A",-0.0169847661097649
"RALA",-0.016996504739683
"ELP4",-0.0169965746322643
"MYO1F",-0.0170029653695704
"SNN",-0.0170159959630709
"DPYSL3",-0.0170276659067476
"PDSS2",-0.0170287002389753
"CDHR5",-0.01703038668944
"TRIM32",-0.0170369789136099
"CASQ1",-0.017043732556389
"TMEM200B",-0.0170877436898629
"ITK",-0.0170889787696934
"RLN2",-0.0171114921925441
"SCLT1",-0.0171171743662381
"PITX1-AS1",-0.0171215301079658
"ZNF347",-0.0171259283144248
"WDR76",-0.0171292879967744
"WNT9B",-0.0171339968715086
"SALL1",-0.0171342194056593
"ERGIC3",-0.0171496309711989
"ELP5",-0.017150275953496
"PCBP2",-0.0171779267706331
"HSPA13",-0.0171829061810552
"TBC1D25",-0.0171845221561352
"UBE2NL",-0.0171991903526205
"PAX8",-0.0171994643580083
"DPP3-DT",-0.0172106658893471
"C20orf141",-0.0172608339844344
"ST6GALNAC5",-0.0172651888995098
"PAK6-AS1",-0.0172676031495509
"FGFR3",-0.0172813344203095
"MRM3",-0.0172859793522938
"LYG2",-0.0173047800710219
"GPBAR1",-0.0173068348534724
"TEKT5",-0.0173104256320333
"CDHR2",-0.0173176001707846
"CLEC4C",-0.0173276109968413
"ZNF511",-0.0173317690785186
"DPP7",-0.017356424110618
"RNF20",-0.017356526996503
"BRAP",-0.0173938505758901
"USE1",-0.0173997906580924
"CXXC5",-0.0174018225971583
"AGR3",-0.0174192704262586
"BABAM1",-0.0174274195407945
"SIGLEC1",-0.0174795904384897
"IMMT",-0.0174824863403911
"POLR2G",-0.0174855343643283
"ZNF703",-0.0174894934433086
"SLC16A4",-0.0174955024481781
"COL6A5",-0.0174962969142797
"MAP2K4",-0.0175056413256158
"GDF3",-0.0175113970991111
"NPAS1",-0.017513066845672
"SMC3",-0.0175619093269685
"DEPTOR",-0.0175638577862579
"DECR2",-0.0175680046528471
"DNAJB6P4",-0.017596983084923
"ZNF254",-0.0175984420628448
"LINC02893",-0.0175987340975827
"CPLANE1-AS1",-0.0176133266439724
"JPT2",-0.0176307896800599
"CACNG4",-0.0176329650851197
"PHETA1",-0.0176437557247687
"VWA5B2",-0.017686859604865
"CCDC194",-0.0176972321435542
"RNF216P1",-0.0177006686856504
"POLR2J",-0.0177070024231773
"UCHL5",-0.0177083110440044
"HTR7P1",-0.0177267686856164
"SLC39A5",-0.0177304580120612
"ZNF546",-0.0177390606135065
"CHSY1",-0.0177598672066411
"PAXBP1",-0.0177688330559533
"TMEM147-AS1",-0.0177705456938891
"RHBDD1",-0.0177825487474268
"FAM131A",-0.0177945118752701
"LINC01249",-0.0178080097762638
"ARTN",-0.0178208643059993
"PROSER2",-0.0178277685176566
"CUL1",-0.0178302938713895
"OR1L4",-0.0178319108203331
"RNF44",-0.0178591376530264
"TWNK",-0.0178734713738415
"IFTAP",-0.0178890058643365
"CCT8L2",-0.0179223834158433
"BCL11A",-0.0179427864882721
"SEPTIN10",-0.0179584359545235
"AMIGO2",-0.0179662434145812
"PECR",-0.0179722909053276
"SKAP1",-0.0180003793424799
"RASGRF2",-0.01800638758685
"TAS2R1",-0.018028530480454
"INSL6",-0.0180303928164578
"MRGPRX3",-0.0180319479635679
"TPK1",-0.0180424704028839
"MGST1",-0.0180450423021254
"FAM3A",-0.0180525455207557
"CHRD",-0.0180689514066716
"HNRNPC",-0.0180824218904657
"RIOK1",-0.0180859670845455
"TMEM203",-0.0180873038610583
"PEX12",-0.0180970821293932
"PCSK5",-0.0181383375761679
"APLF",-0.018145583179798
"MDS2",-0.0181617111475747
"IKBKB",-0.0181742632748457
"WDSUB1",-0.0181786256563161
"SPSB2",-0.0181833738849037
"MLST8",-0.0181870058311523
"TTC3",-0.018199248387228
"ST6GALNAC2",-0.0182048656125969
"C14orf119",-0.0182378484517543
"KRT15",-0.0182480230019944
"H2BC13",-0.0182671473348817
"LYPD3",-0.0182876107972663
"ARR3",-0.0182996815805791
"ZBTB1",-0.0183073665558452
"SP7",-0.0183133192040075
"NPFFR2",-0.0183173698202451
"ZNF225-AS1",-0.0183191512237469
"NWD2",-0.0183449479706059
"SGCB",-0.0183590164012953
"MNX1",-0.0183642118155768
"FCGR3A",-0.0184050263200229
"GNG5",-0.0184201636264032
"LOC392555",-0.0184393673503838
"PTGES",-0.0184520813658662
"CLCNKA",-0.0184608753313566
"RPP30",-0.018475488547989
"TMEM97",-0.0184770869588028
"WISP1",-0.018492256674094
"MSR1",-0.0184932478509254
"DGKI",-0.0184993910997691
"ZCCHC2",-0.0185037605643568
"BBS4",-0.0185115624749956
"RPL9P7",-0.0185168017324453
"PPP1R42",-0.0185200566052013
"SLC38A7",-0.0185332170165252
"SPDYE4",-0.0185333243629737
"LCE1C",-0.0185399549847673
"FKBP8",-0.0185412809288386
"GBP3",-0.0185447344086678
"SRP9",-0.0185653429699893
"ANKRD26",-0.0185705104244992
"SDC1",-0.0185771024837616
"EEF1AKMT1",-0.0186001936237916
"TGFBRAP1",-0.0186075350574668
"ELOA",-0.0186104525971408
"RPL37A",-0.0186284817919515
"INHBC",-0.0186429482170926
"SPECC1L",-0.0186663239311445
"MRPL14",-0.0186718133719256
"RFK",-0.0186864834571895
"RASAL3",-0.0186892284651226
"LOC646938",-0.0186906260411011
"ENTPD2",-0.0187056682712666
"IL20RB",-0.0187260888873808
"MASTL",-0.0187294071839243
"ASCL2",-0.0187294494809762
"ID4",-0.0187365010251458
"VILL",-0.0187523434088284
"UBTD2",-0.0187573793030241
"SERPINA11",-0.0187798905969906
"COX4I2",-0.0187833520453063
"ACP6",-0.0187863366240071
"CFI",-0.0187910425915187
"SWI5",-0.0187965769819871
"MTO1",-0.0188056701498535
"MAP4K2",-0.0188060009270165
"YDJC",-0.0188081557228313
"NEUROG3",-0.0188254995672457
"GRM2",-0.0188296034410689
"NCOA4",-0.0188422697492313
"TINAG",-0.0188562387378765
"ZNF425",-0.018857057973092
"ACBD4",-0.0188572317661996
"CCNA2",-0.0188614363055815
"OTUD7B",-0.0189055162391058
"SEL1L",-0.0189194848107211
"ARMC12",-0.0189241905624003
"NPAP1",-0.0189354190790993
"GLI1",-0.0189395392791409
"RPL34P18",-0.0189699024265633
"SLC22A14",-0.0189873424386389
"FJX1",-0.0189889541761228
"ALG10B",-0.018996217694251
"ZNF26",-0.0189980454076328
"HSPA8",-0.0190056940312846
"MTMR7",-0.0190158257987086
"C1orf198",-0.0190346682503768
"C6orf118",-0.0190537506299977
"DDX19B",-0.019057901531488
"RPL23AP74",-0.0190769230769231
"KRT18P6",-0.0190989978456919
"FNDC10",-0.019103117417317
"DCLK2",-0.01911123268526
"TFIP11-DT",-0.0191191968055613
"ATP6V0E2-AS1",-0.0191259215327876
"BFAR",-0.01912656262097
"SLC25A24P1",-0.0191299765885704
"GPR63",-0.0191518309747549
"DDHD1",-0.0191595949815609
"PXYLP1",-0.0191675948222259
"RBM24",-0.0191772863071418
"ATP5F1D",-0.0191779824388249
"TOMM70",-0.0191804852197595
"TUBB6",-0.0191997826095439
"IFNGR1",-0.0192682969642414
"SPINT1",-0.0192713348597286
"ECPAS",-0.0192717746961505
"DUBR",-0.0192809221764588
"PNPLA3",-0.0192853016975859
"SPG11",-0.0192902918449194
"ZNF618",-0.0192915863472205
"RAB3D",-0.0192928794086952
"RPL7AP80",-0.0193076923076923
"WFIKKN2",-0.0193099072884273
"ADAT2",-0.0193129308818555
"ATP13A3",-0.0193136321588866
"EIF4E",-0.0193596329345734
"FBXW11",-0.0193764762576242
"WARS1",-0.0194001303144974
"DOHH",-0.0194206933836505
"JAK1",-0.01942378961376
"PTPRG",-0.0194510974052206
"CD52",-0.0194850696274225
"METTL26",-0.0195054236979929
"FRMPD1",-0.0195119626093456
"LINC02907",-0.0195137963695249
"UVRAG",-0.0195179424608274
"MRPL38",-0.0195307538170963
"SLC25A38",-0.0195312562668103
"ADCY5",-0.0195331646563967
"HOXC9",-0.0195431376125315
"NKAP",-0.0195740299284288
"UBXN2B",-0.0195783071695341
"IKZF3",-0.01958000195136
"MOSPD3",-0.0195902416840173
"TRIM61",-0.0196118326127349
"SLC18A2-AS1",-0.0196153846153846
"ARNTL2",-0.0196251735031424
"SLC7A10",-0.0196309326422507
"PLGRKT",-0.0196787368196485
"L3MBTL2",-0.0196910810755313
"TMEM41B",-0.0197034408290573
"NACA2",-0.0197347616075551
"APOOL",-0.0197399836599941
"RNF207",-0.0197521590037111
"EMC3",-0.0197643497502658
"IGKV6D-41",-0.0197709089244666
"ZNF81",-0.0197798345480065
"SLC7A6OS",-0.0197892706800923
"ARVCF",-0.0198200490241852
"FOXK2",-0.0198377237006891
"CARD8",-0.0198405875224553
"NDUFA8",-0.0198517860834174
"MAPK9",-0.0198541957335721
"HORMAD1",-0.0198592759291272
"ABTB1",-0.0198625989855969
"AMBP",-0.0198735027675419
"HOXA6",-0.0198739715462459
"RNU12-2P",-0.0198804932539716
"IRF9",-0.0199008601533238
"CORO2A",-0.0199015118795769
"FOXO1B",-0.0199234385604132
"INTS4",-0.0199586110144591
"UHRF1BP1",-0.019970818127341
"WNT10A",-0.0199951852304751
"RPL10P12",-0.02
"CXCL12",-0.0200064089560761
"HSD17B14",-0.0200293393010371
"SRP54",-0.0200446193025809
"PPP2R2B",-0.0200513506016833
"LTA4H",-0.0200516609146304
"RNFT2",-0.0200900071399292
"SCT",-0.0201217806702015
"MRPL20",-0.0201240424777415
"HHIP",-0.0201332953664078
"AAGAB",-0.0201498480110091
"RPS18P12",-0.0201538461538462
"COPS4",-0.0202443736143755
"PMPCA",-0.020246919712338
"CCDC25",-0.0202512445777412
"TMX3",-0.0202724011399261
"KRT19P3",-0.0202843227823397
"SOWAHA",-0.0202876144891459
"BPIFB6",-0.0202923342026082
"MLH1",-0.0202972716384489
"STEAP4",-0.0203092964404274
"RNF41",-0.0203451399445447
"ANKRD1",-0.0203673094806506
"ZNF227",-0.0203685904321612
"SPOCD1",-0.0203771669705004
"DCPS",-0.0203784895309514
"MAPRE1",-0.0203841440276348
"AACS",-0.0203842382932368
"TRPC5OS",-0.0203966830774701
"RP9",-0.0203984389967223
"RGS14",-0.0204043086414992
"BZW1",-0.0204072938673213
"PPM1L",-0.0204241615172575
"AGK",-0.0204535692967216
"S100A16",-0.0204606276193675
"MIPEP",-0.0204647151118895
"PMM2",-0.0204653171908671
"IPO8",-0.0204743767732293
"PSRC1",-0.0204976217608227
"LTA",-0.02050650347278
"ESYT3",-0.0205091283225127
"GPR108",-0.0205276384691438
"FAM98C",-0.0205281415935938
"CAT",-0.0205333554417864
"MYOZ3",-0.0205429523903335
"LINGO1",-0.0205592279751026
"DAZAP2",-0.0205678196800827
"CSNK1G3",-0.0205737164198433
"TUBA1A",-0.020575222775283
"INA",-0.0205797583565962
"TANGO6",-0.0205813744175891
"LCMT1",-0.0206001743710166
"ADCK1",-0.0206233972693403
"ST3GAL5",-0.0206259807953191
"FPGS",-0.0206371570153286
"TFPI",-0.0206427890902497
"CDSN",-0.0206463419529221
"RAB3GAP2",-0.0206466047072783
"EPS8L3",-0.0206666475472443
"ANKRD19P",-0.0206737297067079
"ACTR10",-0.0207104019812561
"SPATA31D3",-0.0207405576804899
"DPY19L4",-0.0207489222920163
"CCNE2",-0.0207686148665434
"METTL5",-0.0207744734757959
"TMEM54",-0.0207877624147079
"ZNF696",-0.0207880463882092
"TESPA1",-0.0208279106493997
"MYBL2",-0.020829637714506
"AHCTF1",-0.0208331991046498
"GTF2B",-0.0208789653987832
"TERB2",-0.0208836357195334
"FBXO36",-0.0209114197189275
"TPTE2",-0.0209252369773913
"PTER",-0.0209350374929026
"PRSS38",-0.0209425167069865
"ERCC8",-0.0209461711369791
"RPL36AP37",-0.0209803626985388
"DHRS4",-0.0210231608183162
"PRKCI",-0.0210375810077683
"TGFBR2",-0.021075601228602
"FABP7",-0.0210816615387144
"U2AF1L4",-0.0211006738348337
"THAP4",-0.0211470802829259
"LOC100129138",-0.0211484239054442
"CHIA",-0.0211835515135482
"CYLD",-0.0211855170579223
"TMEM177",-0.021204014799759
"SCNN1A",-0.0212094443654786
"SLC35E4",-0.021214931654229
"KCNK13",-0.0212274598163659
"OR4C15",-0.0212415250328357
"ARHGAP20",-0.0212416921801791
"ZBTB32",-0.0212479751816893
"CFAP210",-0.0212799090568614
"KCNJ10",-0.0212806777910761
"HDDC3",-0.0213053098529554
"SLC25A18",-0.0213205688748557
"GRIN2B",-0.0213391511259005
"CCT3",-0.0213453417739149
"CCNB1IP1",-0.0213584783590732
"MIF",-0.0213612174105886
"CMAS",-0.0213675798242384
"PGAM2",-0.02137207876277
"BMP8A",-0.0213779475814363
"KRT17",-0.0213799436616768
"CDA",-0.0213882769806762
"TMEM130",-0.0213901476633785
"GPR17",-0.0213988094314394
"FEZ1",-0.021410723697421
"MID2",-0.0214123805451711
"IQGAP1",-0.0214185602237942
"IGKV4-1",-0.0214344271146797
"ZNF623",-0.0214348687498677
"LDLRAD4",-0.0214677937786632
"C20orf85",-0.0214910638732252
"GPC4",-0.0215113705914326
"RPS23P8",-0.0215218869389958
"RND2",-0.0215365709376363
"PLEKHA2",-0.0215368918479078
"ACKR1",-0.0215382463202495
"SMS",-0.021545906727838
"RPL7P10",-0.0215735691103713
"DLG4",-0.021597849570922
"TTLL6",-0.0216201710805583
"TGDS",-0.0216296340861715
"RNFT1",-0.021634340788973
"IL5",-0.0216671347147948
"OR10R2",-0.0216917403604029
"CUBN",-0.0217373883841121
"USP46-DT",-0.0217502292249659
"JAGN1",-0.0217815901124398
"MAP1LC3A",-0.0217879992574145
"RGPD1",-0.0217935102104117
"SH2D1A",-0.0218002825258388
"MAB21L4",-0.0218235734404389
"ARG1",-0.0218332910146562
"CFAP36",-0.021834239971452
"GPR158",-0.0218675765616992
"LHFPL3-AS2",-0.0218829431164812
"RUSF1",-0.0218910499220146
"EMB",-0.0218913897669729
"NAALADL1",-0.021916879619446
"RASD2",-0.0219253232737407
"APOBEC3F",-0.0219326744854625
"SLC9B1",-0.0219351154482385
"RPS16P1",-0.0219352604922181
"KRT27",-0.021968370688741
"RPS17P16",-0.021984854409869
"UBQLN3",-0.0219980015441773
"RPS3P3",-0.0220041498228253
"PMCH",-0.0220199994286104
"CCDC59",-0.0220340034267497
"ZNF567-DT",-0.0220378295571099
"NKAIN4",-0.0220387591783371
"KANK3",-0.0220688614400995
"CREB3L1",-0.022079561412062
"CHCHD6",-0.022080269909205
"XRRA1",-0.0220965705792539
"GCG",-0.0221012236180589
"MAP3K3",-0.0221297758092628
"CA9",-0.0221333476271186
"TFIP11",-0.022136507066
"SOX2",-0.0221546433375613
"CSRNP3",-0.0221639392428242
"TREH",-0.0222088415173074
"ATP6V1G1",-0.0222113086245485
"SNX10",-0.0222216679219766
"MIR1244-2",-0.0222307692307692
"COMMD4",-0.0222333448496624
"GLUL",-0.0222337567091703
"LCAL1",-0.0222357360392857
"ADH4",-0.0222412286639952
"MX2",-0.0222580228444144
"CAV1",-0.0222584514348631
"LINC00615",-0.0222847767031348
"RAB33A",-0.0222994826371878
"SLC24A2",-0.0222999043887022
"SLC22A25",-0.0223038751688627
"ADGRG3",-0.0223048878281406
"ADGRE1",-0.0223076923076923
"RS1",-0.0223103797651215
"CRTAP",-0.0223276204449719
"GNAZ",-0.0223499546169617
"ZNF224",-0.0223513593230169
"TMEM33",-0.0223571159073374
"CLRN1",-0.0223678698797164
"GLCE",-0.0223810447541675
"C1R",-0.0223968569754797
"KEL",-0.0224041326571085
"LPCAT2",-0.0224177189425038
"TUB",-0.0224318822551293
"RFNG",-0.0224449454445466
"ZNF442",-0.0224706265903599
"ADI1",-0.0224897295401897
"TEX55",-0.0225067255514189
"ANKRD6",-0.0225074637411286
"NAXD",-0.0225521104051696
"ZNF688",-0.022556410923454
"CFHR1",-0.0225659079910926
"CCDC58",-0.0225765155980867
"CHMP3",-0.0225781992965027
"SSBP4",-0.0225807343653249
"MANBA",-0.0225858865760519
"LGALS16",-0.0225950061789604
"SLC25A53",-0.0226122846993277
"SYNJ2BP",-0.0226158042883359
"KCNU1",-0.022618218963925
"ESAM-AS1",-0.0226207692733249
"HEMK1",-0.0226220161086682
"SPIB",-0.022626136228853
"CPA5",-0.0226328886113528
"GSTM5",-0.0226446225801659
"RBM12B-AS1",-0.0226473410302223
"VAX1",-0.0226543289855669
"NAA15",-0.0226598922225327
"EPN3",-0.0226605211709813
"TICAM1",-0.0226625757219685
"C4BPB",-0.0226633093312713
"IQCF4P",-0.0226670789586532
"POLR2M",-0.0226924083929902
"CKMT1A",-0.0227049592589184
"TRAV26-1",-0.0227302610298201
"EPS8",-0.0227486516930996
"EOLA1",-0.0227493903867921
"OR13J1",-0.0227644816367363
"SARM1",-0.0227675636886821
"ARSK",-0.0227791488250423
"ADAMTS9",-0.0227995074282267
"EPHB6",-0.0228057197327508
"ST13",-0.022819980910063
"PTGER1",-0.0228208943371253
"DCK",-0.022821781210021
"TRAF3IP1",-0.0228220586155356
"MTMR6",-0.0228384549594415
"STAT1",-0.0228485491436991
"MRPS18A",-0.0228676132957307
"CHRNA9",-0.0229343772988203
"TSC1",-0.0229448335818723
"KIAA1522",-0.0229505354283456
"CBFA2T3",-0.0229558709786491
"PDZD11",-0.022959670969189
"R3HDM4",-0.0229710706154236
"KLC4",-0.0229729427584613
"KPNA2",-0.0229788975966801
"MPDZ",-0.0229839698308771
"HEXA",-0.0229917298746746
"NDRG3",-0.0229943597565191
"MST1",-0.0229969865183708
"NPIPB8",-0.0230149554455967
"WASHC2A",-0.0230164287633566
"ZNF689",-0.0230207038234932
"LINC02140",-0.023023828705699
"TMEM150B",-0.0230381145527183
"ANO10",-0.0230422923129713
"NCBP1",-0.0230606251081623
"CPLANE2",-0.023064460211081
"MIA2-AS1",-0.0230671042319992
"MIEN1",-0.0230671467524688
"SEPHS2",-0.0231503679377146
"CDX2",-0.0231622248049554
"CIB4",-0.0231628769612946
"IL13",-0.0231673506497812
"NAA38",-0.023172248952505
"FLT1",-0.0231767419754758
"MGAT5",-0.0231916769751857
"TTYH1",-0.0231916973509229
"BPNT1",-0.0232228288012966
"GZMM",-0.0232448573047025
"CYP2C9",-0.0232648417987516
"DNAJB3",-0.0232651948837379
"CBLN4",-0.0232780216384998
"SPRING1",-0.0232892387908478
"ZRANB3",-0.0233292995124019
"DCAKD",-0.0233352993239726
"CPZ",-0.023335374597197
"OVOL1",-0.0233499021774192
"PI4KAP2",-0.0233533726674314
"POMC",-0.023355221223424
"PHAX",-0.0233564913426649
"COX10",-0.0233566531103042
"HADHAP1",-0.0233768747420502
"ROCK2",-0.0233865887582177
"ACTL7A",-0.0233936207966164
"CBX8",-0.0234026225636519
"ADORA1",-0.0234039476944655
"C12orf76",-0.0234054698993962
"KRT75",-0.0234072145901383
"F9",-0.0234081568087876
"OR5P1P",-0.0234150969139062
"SLC31A1",-0.0234184204775939
"ENC1",-0.0234273736728307
"IKZF1",-0.0234293333645086
"MED9",-0.0234450155079643
"RASGRP1",-0.0234489878435421
"MSC",-0.0234626707083153
"SGPP2",-0.0234726275621732
"ZC3H12D",-0.0234839714763551
"PLXNA3",-0.0234920929159001
"GLIDR",-0.0235023686526682
"LINC01857",-0.0235384615384615
"SRPK1",-0.0235559751016722
"AIM2",-0.0235604564086188
"L3MBTL3",-0.0235629205184231
"KIF17",-0.0235696481377227
"LOC100533727",-0.0235762313211518
"LMX1B",-0.0236175818853386
"CDX4",-0.0236205323612682
"SHCBP1L",-0.0236290922758117
"LINC01353",-0.0236305620516449
"NDUFAF1",-0.0236367779444637
"SLC9C2",-0.0236440581297144
"EXOC5P1",-0.0236507023735462
"FLAD1",-0.023671735536748
"IMP3",-0.023672566381428
"ARAF",-0.0236740439813825
"ACADVL",-0.0236837175926755
"MICAL2",-0.0236910161188187
"TMED2",-0.0236953603518448
"CKM",-0.0237045732789994
"FBXO22",-0.0237125238302739
"FOXD4",-0.0237209167094346
"C2orf50",-0.0237248710386891
"RNF213-AS1",-0.0237281617358097
"RPP14",-0.0237326217140375
"ITGA9",-0.0237343456926124
"LINC00445",-0.0237353179631112
"MCM2",-0.0237441462303492
"PNO1",-0.0238014246843243
"GPX8",-0.0238066875307773
"ASCL5",-0.023809992181927
"STX8",-0.0238122639934195
"NRCAM",-0.0238158856327833
"MAPK10",-0.0238215336562416
"CDKL1",-0.0238304587492174
"ABCG8",-0.0238305625654992
"ELL2",-0.0238352852378487
"EXOC1",-0.0238420905712765
"RIPPLY2",-0.0238473658249937
"CLN5",-0.0238620230846485
"HTR2B",-0.0238662276212842
"NOLC1",-0.0238682601875282
"CALHM4",-0.0238785022788096
"EFCAB14",-0.0238838360289317
"KDM2B",-0.0238849917341603
"CREB3L2",-0.023895042564085
"TADA3",-0.0238992723977471
"KTI12",-0.0239101901404206
"DDX52",-0.0239190775138005
"CSTF2T",-0.0239201599837299
"IDO1",-0.0239233545968495
"GLP2R",-0.0239282114674768
"NCKAP1",-0.0239338322923212
"PDGFB",-0.0239343569124004
"CCDC28A",-0.0239365647248756
"TIMM13",-0.023943718046244
"SLC39A13",-0.0239495282304323
"HOXA5",-0.0239639552671433
"BRK1",-0.0239698193336012
"RPL7P28",-0.0239766536397195
"RAP2C",-0.0239804724592798
"MSTO1",-0.0239892217232208
"MBNL3",-0.0240183084646647
"CHRNB3",-0.0240184980618129
"AP3S1",-0.0240422016817831
"DLST",-0.0240506645500973
"SIPA1L1",-0.0240658596929477
"ODF1",-0.0240723679514162
"ZSCAN22",-0.02408237789872
"EIF4E3",-0.0240834048434583
"MORF4L1",-0.0240840842985407
"UXT",-0.0241055739248478
"ACTRT1",-0.024126007797993
"CAPS2",-0.0241267276689436
"TMC1",-0.0241449611509038
"ZNF354B",-0.0241513267013383
"DLC1",-0.0241547775535693
"SERPINE3",-0.0241593142627733
"HOXA3",-0.024168984030295
"UBLCP1",-0.0241722069704128
"DEFA4",-0.0241746664290636
"ZIC2",-0.0241751072820573
"GPATCH2L",-0.0241849837647089
"PPARD",-0.0241948527220713
"LYPD2",-0.0242162166412862
"RGS20",-0.0242196371195249
"RPF2P1",-0.024222336418033
"C1orf122",-0.0242268908343973
"EMC7",-0.0242356440811124
"UBTD1",-0.0242375261633516
"MIR181A2HG",-0.0242513848144669
"LYPD8",-0.0242545845654731
"NCR1",-0.0242614371166208
"MAPK8IP2",-0.0242768901232814
"PIGV",-0.0242829966247937
"CSPG4",-0.0242843229012099
"ZDHHC14",-0.0243011528739568
"NCLN",-0.0243186314574181
"MDFIC",-0.0243216674690546
"KCTD1",-0.024321789612017
"SULT4A1",-0.024333530832317
"TLR5",-0.024351481961952
"CYP1B1",-0.0243557023471182
"KIAA1614",-0.0243745069230106
"SAMM50",-0.0243746827857329
"SOWAHB",-0.0243767836053383
"EPB42",-0.0243785968766711
"HABP2",-0.0243969399946529
"SPAG17",-0.0244718039935604
"DISC1",-0.0244749621606463
"CDCA4",-0.024483557068339
"CHAD",-0.0244911231762109
"AEN",-0.0244989433932492
"DIPK1C",-0.0245042285513479
"KDM7A-DT",-0.0245102457806496
"ZNF319",-0.0245511128024037
"MAP2K5",-0.0245512371706965
"NACA3P",-0.0245682436697152
"KATNB1",-0.0245715281487164
"SEMA3F",-0.0245730279343268
"SAAL1",-0.0245815207585189
"SLC12A5",-0.0245834714138927
"SUGT1P2",-0.0246020094053039
"KIFC3",-0.0246082868723661
"LIPT1",-0.0246155696770923
"PIP",-0.0246162102072982
"COBLL1",-0.0246297397060566
"NCKAP5L",-0.0246356077357742
"SIL1",-0.0246513999497525
"FCRL3",-0.0246554901235982
"PPP1R13B",-0.0246558905504393
"LKAAEAR1",-0.0246653516159185
"CYP2A13",-0.0246700994101925
"MFSD8",-0.0246739394002957
"EVC2",-0.0246797661640858
"B4GAT1",-0.024687200851534
"CARD11",-0.0246894089404212
"NLK",-0.0247005862914293
"HEXIM2",-0.0247032104040527
"LINC02691",-0.0247059587443372
"AGMAT",-0.02471660248157
"HECA",-0.024722063583838
"FNDC7",-0.0247221330252942
"SPATA13",-0.0247319891323498
"HPX",-0.0247399289400131
"UTS2R",-0.0247466392977697
"ENTPD4",-0.0247540645817981
"MEP1A",-0.0247593274615553
"LTO1",-0.0247667138455078
"PLA2R1",-0.0247707968387247
"TMEM25",-0.0247948587501573
"LOC285626",-0.0248208156667298
"LCE2D",-0.02485075221159
"TMTC2",-0.0248542343387024
"KDF1",-0.0248665187327272
"LINC01750",-0.0248678187004497
"MRPL37",-0.024875277032538
"ZNF441",-0.0248791956651835
"CYP3A5",-0.0248799433812394
"PODN",-0.0248825061948186
"KCNC3",-0.0249001373901358
"TSHB",-0.0249003064869641
"WTAP",-0.0249067496816056
"SNORA12",-0.0249230769230769
"LOC112267986",-0.0249278432916015
"TIMM23",-0.0249323144991534
"XBP1",-0.0249392701577194
"ATE1",-0.024939464269833
"ENPP7",-0.0249446186522704
"LTBP3",-0.0249479633722627
"CHRM3",-0.0249764921546909
"LDHC",-0.024982484139902
"EXTL2",-0.0249861347652195
"SVIP",-0.0249878321178098
"SH3BP5L",-0.0249917599951727
"PHF24",-0.024992468125513
"LINC02610",-0.0249955106764975
"NUP155",-0.0250054722544678
"ACOT8",-0.0250280344249434
"DEFB123",-0.0250598148973363
"GAMT",-0.0251408234771795
"TRIM35",-0.025163066977337
"VKORC1",-0.0251864942489256
"PDE1C",-0.0252185849347962
"RBM28",-0.0252209522459389
"HMGB4",-0.0252247501674305
"C12orf10",-0.0252345480506388
"JOSD2",-0.0252414356310379
"ACTR1B",-0.0252417531387657
"ZBED3",-0.0252564424201609
"GNG8",-0.0252592533233554
"SRD5A1",-0.0252701171822403
"TFEB",-0.0252733169301455
"SLC6A4",-0.0252834491754391
"LSP1",-0.025292017165355
"ETF1",-0.0253041579903759
"SLC9A9",-0.0253394626100751
"MAP7",-0.0253601309165087
"INTS7",-0.0253664675658694
"MTMR3",-0.025382470524926
"ALG12",-0.0253825993568004
"CELA1",-0.0253862979025798
"NTS",-0.0253919135117344
"LINC01411",-0.0253942254850532
"SYNGR1",-0.0254046569518933
"NFATC1",-0.0254125758890699
"SKAP1-AS2",-0.025428441094582
"ITSN1",-0.0254558874443909
"PRSS22",-0.0254769523609755
"SNX25P1",-0.0255000036562292
"LILRB3",-0.0255034903412597
"FCAR",-0.0255455851778717
"JAK3",-0.025552948377751
"FAM110B",-0.0255720382227932
"PHOX2B",-0.0255807824725502
"CRCP",-0.0255849304159175
"FAM86C1P",-0.0255941794907892
"PTPRN",-0.025605917386707
"SPPL2B",-0.0256162785210596
"CC2D2A",-0.0256193920694645
"TNFRSF14",-0.0256462642146942
"ISG20",-0.0256636040531076
"ZNF234",-0.0256689521374958
"PSMD6",-0.0256714691283889
"SLC4A8",-0.02567742200766
"ACSM1",-0.0256826944243542
"TEX9",-0.0256914771719463
"GTF2A1L",-0.0256936023535588
"FBXL12",-0.0257007421033761
"CTSE",-0.0257135090831187
"FERD3L",-0.025726535601084
"PLXNA1",-0.0257357151592674
"FDPSP1",-0.025754076207174
"SDHAF1",-0.025755797893221
"APCDD1",-0.0257564252503312
"INCENP",-0.0257774823778344
"AMMECR1",-0.0258057344680498
"LOC349160",-0.025812928301189
"ABHD10",-0.0258304273979235
"BRD3",-0.0258338790518278
"IL18BP",-0.0258339453331979
"SLC22A31",-0.025835996889155
"CEP19",-0.0258474849709102
"SAPCD1",-0.0258856356669347
"CREBRF",-0.0258858697934244
"MAGI2-AS3",-0.0259004742424464
"RCBTB2",-0.0259094756703876
"SIX5",-0.0259171273677789
"ETHE1",-0.0259192754498702
"DFFB",-0.0259326292523364
"HOXD1",-0.0259332058090163
"SAMD8",-0.0259341078498344
"CD7",-0.0259482465371553
"SERPINA6",-0.0259499955356039
"FAM13B",-0.0259595109284278
"SCNN1B",-0.0259667751138553
"TEX49",-0.0259725122140608
"KIAA2013",-0.0259750710198894
"ESAM",-0.0259813839663725
"FXYD1",-0.0259988064394512
"ZXDB",-0.0260147669066602
"PSMF1",-0.026027425174757
"KBTBD2",-0.0260325171323507
"IRF6",-0.0260365824448703
"BHLHE23",-0.0260514405076865
"RPL22",-0.0260580251129314
"RNF122",-0.0260582210088908
"RENBP",-0.026062719743087
"DPY30",-0.0260909096438294
"HAPLN1",-0.02610173258275
"PSMD5",-0.0261110454762373
"MGST3",-0.0261149492065146
"LGR6",-0.026115904257538
"C8orf48",-0.0261486950915052
"UPK3BL1",-0.0261608959692384
"FOSL1",-0.0261789696132248
"CD5",-0.0261836458749578
"HSPB2-C11orf52",-0.0261893423224809
"MARK1",-0.026202981295243
"NUP210P1",-0.0262077065470985
"SYNPR",-0.0262150546850396
"BCO2",-0.0262429411848678
"TRIP13",-0.0262707826818391
"ZNF710",-0.0262822681949261
"ALDH1A3",-0.0262887386077975
"SLC15A3",-0.0262978224497178
"DAOA-AS1",-0.0263001554869344
"GPR143",-0.0263058860284928
"H6PD",-0.0263249283738715
"HOGA1",-0.0263269808220284
"TAOK1",-0.026339703583033
"LINC01980",-0.0263476612733426
"NBPF8",-0.026381177795204
"RPS14P1",-0.026383923435782
"ODAPH",-0.0263926092129347
"HMP19",-0.0263975026659958
"SCCPDH",-0.0264163344499457
"F11",-0.0264300142041554
"XPO1",-0.0264497339618222
"GPR45",-0.0264564774093269
"MFN1",-0.0264592349149569
"EGFL8",-0.0264689826592422
"GDF9",-0.0264946818394939
"AOC1",-0.0264979636964648
"COX8A",-0.0265035836468818
"GIF",-0.0265143054940566
"PTH2",-0.0265320477160618
"LOC101928728",-0.0265343969568521
"ZDHHC6",-0.0265405866041364
"FZR1",-0.0265489294129714
"SLC36A3",-0.0265600210177415
"AP3B2",-0.0265700841830901
"LOC284685",-0.0265721957982574
"NOS3",-0.0265804922871296
"RETNLB",-0.026584535100332
"FOLR1",-0.0265989488088864
"RAB24",-0.0265995093657456
"LINC00922",-0.026611676978914
"H1-2",-0.0266152402992762
"TNFRSF13B",-0.0266260977455168
"WDR54",-0.026639349502982
"SNX29",-0.026649052603488
"ZMYND10",-0.0266522991390123
"ARL6IP6",-0.0266609090527462
"GTF3A",-0.0266725431189013
"PRICKLE3",-0.0266808220088381
"ARMC3",-0.026681808960415
"RHOBTB1",-0.0267245945543399
"SMC2-DT",-0.0267383056933216
"MIS12",-0.0267510436500328
"CRLF2",-0.0267566425217426
"TAC3",-0.0267591169871215
"OR10H4",-0.026765827950014
"COX7A2",-0.0268125936653726
"PXDNL",-0.0268187189415056
"PRNT",-0.0268288502556393
"RNF7",-0.0268343278573434
"CASP4LP",-0.0268388705715974
"KIF2B",-0.0268395431239749
"ZNF765",-0.0268437360875696
"FAM229B",-0.0268511235035657
"TNF",-0.0268545157490906
"COL1A1",-0.0268647076105317
"TAF6",-0.0268647533742923
"PRR5",-0.0268702139985766
"AP1S3",-0.026877140215456
"CDC20",-0.0268986852168391
"YPEL4",-0.0269011488109555
"IL16",-0.0269042522062853
"CLNS1A",-0.0269071192251128
"PHF14",-0.0269152783075402
"NPAS4",-0.0269164065193036
"UPK3A",-0.0269299733142906
"CATSPERD",-0.0269473770601346
"ALK",-0.0269823591783793
"LHFPL3-AS1",-0.0270108446584452
"FBLN2",-0.0270141406460643
"FABP9",-0.0270271585470971
"VPS4B",-0.0270453309949465
"ATP6V0D1",-0.0270495100730372
"FTX",-0.0270568745115891
"KLHDC9",-0.0270572914654124
"LINC01003",-0.0270700428521843
"HPRT1",-0.0270800118864295
"SLC24A4",-0.0271104460197009
"SH3YL1",-0.0271348420220662
"COPB2",-0.0271542746633232
"SKA1",-0.0271546125823119
"ADK",-0.0271638575116344
"TMCO5A",-0.027164375469522
"MOB3A",-0.0271730567238451
"BEX1",-0.0271934707447988
"OR5D16",-0.027210605777414
"FOXF1",-0.0272174709865849
"RPIA",-0.027222648328107
"TATDN3",-0.0272260727531372
"NCF2",-0.0272324066098775
"ZNF430",-0.0272346297988813
"CLASP2",-0.0272574664903318
"USH2A",-0.0272597383285079
"GAPT",-0.0272687572316502
"TNPO3",-0.0272735901804189
"LAMA2",-0.02727469289995
"SFR1",-0.0272897692799461
"PRKAG3",-0.0273035148972217
"FABP2",-0.0273094537021563
"OTOP2",-0.0273107859360085
"RLIM",-0.027324774345391
"PIBF1",-0.027326667288894
"PLEKHO2",-0.0273272612836145
"HCP5B",-0.0273342080995409
"DIABLO",-0.0273366844077487
"TRIAP1",-0.0273395343720387
"CCDC198",-0.0273550097085078
"TMPRSS5",-0.0273822842771275
"COPS5",-0.0273825758004917
"MYB",-0.0273827027850476
"FGD5-AS1",-0.0274198995271436
"MAPKAPK5-AS1",-0.0274290408094073
"LINC00474",-0.0274621926434619
"PFN1P2",-0.0275003866578821
"GATA6-AS1",-0.0275053365695978
"NPY6R",-0.0275539452115331
"ICMT",-0.0275594255312005
"KRTAP12-2",-0.0275734957292655
"PKHD1L1",-0.0275775684216247
"GBA",-0.0276024490040403
"SLC29A3",-0.0276026475117945
"POU5F1P4",-0.027603110783379
"SERPINA13P",-0.0276061603071058
"PPP1R14D",-0.027607378015128
"RIMS2",-0.0276091680760877
"BTG4",-0.0276135438524333
"IL23R",-0.0276430925555862
"LOC645485",-0.0276779451539482
"C10orf82",-0.0276876404331995
"NYAP1",-0.0277023732643187
"HIST1H2BO",-0.0277253884616804
"CTC1",-0.0277632625882057
"PLG",-0.0277904803726547
"RELL2",-0.0277945786488958
"OR7D4",-0.0278327817681807
"EEF1A1P28",-0.0278369410714135
"HDX",-0.0278487759959926
"MIR7-3HG",-0.0278621096201146
"IL10RB",-0.0278644779298987
"ISG20L2",-0.027893356288495
"NDUFB3",-0.0278961965235772
"PRKAR1B",-0.0278979924597445
"RPS8",-0.0278993970761909
"DBH",-0.0279184485994589
"IMPG1",-0.0279254239793524
"ERAP2",-0.0279357319950024
"ADCY9",-0.0279420821572736
"WDR90",-0.0279521149364407
"HYKK",-0.0279676254594908
"CACNA1B",-0.028010216356696
"THRIL",-0.0280172588814018
"IFIH1",-0.0280361172762021
"LYSMD1",-0.0280370604873192
"LINC01102",-0.0280393675584758
"WDTC1",-0.0280444527246179
"RPL6",-0.0280460017420687
"SNHG31",-0.0280479303547806
"ARMCX1",-0.0280930615953775
"CFAP70",-0.0280973939486209
"CYB5D2",-0.0280994824663607
"RGP1",-0.0281024371059027
"ZAP70",-0.0281070010788481
"CFAP53",-0.0281071422229983
"TTC6",-0.028121179608311
"DOCK5",-0.0281298337983514
"BCLAF3",-0.0281728618589003
"USP29",-0.0281756957831671
"ELOB",-0.0281907525934696
"GPR166P",-0.0282132952880714
"HHIP-AS1",-0.0282258485277001
"OR5H1",-0.0282302138548012
"FAM122B",-0.0282556147790666
"GIMAP1",-0.0282673636861781
"WDR11",-0.0282781061142277
"KRR1",-0.0282809189977899
"TFB2M",-0.0282844688597021
"TMEM174",-0.0283046821670473
"ZNF439",-0.0283115435372983
"ABLIM2",-0.0283124043385238
"ANO3",-0.0283132791476715
"ZNF563",-0.0283266067425186
"CBX2",-0.0283269963757032
"SLC25A29",-0.0283310126025532
"CD4",-0.0283319442047692
"GAPDHS",-0.0283403627898543
"AQP2",-0.0283419376496159
"ZNF229",-0.0283754784424297
"PSME2",-0.028378266946699
"RPL13AP25",-0.0283846153846154
"N4BP3",-0.02839558483724
"MAL",-0.0283981565021046
"MPV17",-0.028404491829218
"ZNF507",-0.0284077316742617
"CERS5",-0.0284410686549675
"MAGEE1",-0.0284455945457281
"MMS22L",-0.0284638629611847
"FEV",-0.02850718076598
"EPOR",-0.0285373642269784
"ZNF417",-0.0285386465780336
"CXCR1",-0.0285386793969915
"GSE1",-0.028550283112756
"NBEAL1",-0.0285658891769399
"KISS1R",-0.0285766581428872
"PCDHGA12",-0.0285786152525735
"ARID4A",-0.0285811898082476
"UBE3A",-0.0285884521741281
"RAD51",-0.0286212909344765
"HINT3",-0.0286796509890423
"SPOCK3",-0.0286975379885199
"IDH3B",-0.0287029094034071
"NKX2-6",-0.0287161137273558
"GCC1",-0.0287284904668342
"RTCA",-0.0287312294561021
"SRI",-0.0287330394536708
"PAK1IP1",-0.0287393481058599
"MBOAT1",-0.0287629520251671
"LYZ",-0.0287680883816491
"SHISA7",-0.0288327452571649
"ZFX",-0.0288467765079202
"KIF3C",-0.0288584757748057
"CAND2",-0.0288621698142772
"SST",-0.0288636221708437
"DEFB127",-0.0288857029217793
"SNX20",-0.0288927256707029
"EFCAB10",-0.0289265728688664
"PAQR7",-0.028931010493002
"GPRC5D",-0.0289433367433036
"TRMO",-0.0289471563592619
"SPATA32",-0.0289483538826403
"NORAD",-0.0289537959784687
"TAF12-DT",-0.0289573088190983
"POLR3H",-0.0289601814830215
"HPS1-AS1",-0.0289748917521659
"FHL1",-0.0289937470592348
"KCNK3",-0.0289962059020117
"ADARB2-AS1",-0.029048268069916
"SLC22A13",-0.0290520755677534
"SEPTIN7P2",-0.0290740921334618
"OR5AK2",-0.0290924526365773
"ITGB7",-0.0290928488643637
"DUSP9",-0.029103095313695
"GOT2",-0.0291033612877768
"ZNF350-AS1",-0.0291048951519391
"RIIAD1",-0.0291346474570674
"SLC25A42",-0.0291373008022788
"TRIM2",-0.029147833955743
"RPS27L",-0.029156369325579
"G3BP2",-0.0291909805525126
"PSCA",-0.0291930392683437
"TUBG2",-0.0291980336899482
"AGAP2",-0.0292061213150243
"MTUS1-DT",-0.0292220291920824
"UTS2B",-0.029226573282638
"PURA",-0.0292327311105675
"TRIML1",-0.0292341500257192
"ZNF155",-0.0292346052433427
"ABCB7",-0.0292453177546181
"DELEC1",-0.0292457285279298
"GRHL3",-0.0292468567882429
"OR6M1",-0.0292566450689637
"ELOVL7",-0.0292655384371033
"MAGOHB",-0.0292665748154144
"UMPS",-0.0292746629626952
"PLEKHH2",-0.0292811604186863
"ASB10",-0.0292813215502538
"WISP2",-0.0292838363737255
"CRIP2",-0.0293033962969033
"HMGB1P46",-0.0293183826127352
"DKC1",-0.0293312498518275
"GPN2",-0.0293523758023172
"SIGLEC6",-0.0293560592912989
"WTIP",-0.0293830284150401
"STOX1",-0.0293976957351899
"DOCK8",-0.0294131553690914
"SPRY4",-0.0294268835298956
"C2orf73",-0.0294452130194913
"MRPL1",-0.0294483749742094
"SIRT7",-0.0294666097652471
"TMEM80",-0.029471487405939
"FCF1",-0.0294910382213836
"PALLD",-0.0294941933907625
"KCNIP3",-0.0295095947349436
"CPA3",-0.0295566179296424
"KIF4A",-0.0295625515329757
"ADAM7-AS2",-0.0295996362694328
"NOMO3",-0.029603457327969
"POLR2F",-0.0296235484249061
"GABRA1",-0.0296463462019655
"RPS19P1",-0.0296923076923077
"CAVIN2",-0.0296948919672229
"IGKC",-0.0297042423161319
"COQ5",-0.0297048732522886
"PYCR2",-0.0297112676410703
"EMC1-AS1",-0.0297224087883599
"ARL10",-0.0297798249094947
"EP300",-0.0297810554886502
"SMARCE1P3",-0.0297838969278015
"HHLA1",-0.0297931222696153
"TFF2",-0.0297996104927217
"UQCRC2",-0.0298048194723477
"DYNLL1",-0.0298365570969455
"TSC22D4",-0.0298393387480654
"XYLT1",-0.0298585261135931
"MRPS7",-0.02986525569005
"HSPA2-AS1",-0.0298692281473141
"OPRPN",-0.0298694058040931
"TAGAP",-0.0298788154071459
"TFAM",-0.0298812673638727
"ZNF195",-0.0299089740018215
"RCC2",-0.0299105315980035
"TGM1",-0.0299115553030552
"MFNG",-0.0299161536994694
"NDUFB7",-0.0299178575391147
"FPR2",-0.0299423755097292
"PTRHD1",-0.0299526176753142
"SLC35C1",-0.0299673725526469
"HNF4G",-0.0300167075035101
"ANKRD30BP1",-0.0300319469085846
"LINC03020",-0.0300450321379991
"DHCR24",-0.0300634839745177
"UGT2B17",-0.0300710552268666
"PSMC1P9",-0.0300802655234769
"TNFSF12",-0.0300805015891743
"CELF4",-0.0300895856228983
"RPL18AP6",-0.0301017291154403
"TMEM255B",-0.0301079620210066
"TRAPPC2",-0.0301118802317861
"ICAM1",-0.0301315274399215
"NYNRIN",-0.0301462653493289
"SPSB3",-0.0301581846964698
"ZNF876P",-0.0301687934741666
"C13orf42",-0.0301699982929415
"AP3S2",-0.0301766063834714
"PDIA3",-0.0301839739987732
"LOC100420423",-0.0301926097403407
"PSMB9",-0.0302040553946988
"FUNDC2",-0.0302166968115818
"NHLRC3",-0.0302279731270782
"NICOL1",-0.0302307692307692
"WNT7A",-0.0302389497316673
"NMD3",-0.0302430196624178
"EEF1B2",-0.0302458891083059
"ADCYAP1R1",-0.0302533399613177
"EPS8L2",-0.030297025974938
"FTCDNL1",-0.030304820815637
"FLJ36000",-0.0303066061065254
"BAG4",-0.0303077973960462
"MARCHF6",-0.0303123016965353
"LTF",-0.0303326009334472
"QTRT1",-0.030340613338659
"EPHA10",-0.0303409133216337
"TIFAB",-0.0303519849368858
"BRWD1-AS2",-0.0303705421916162
"H4C8",-0.03038598504804
"SLPI",-0.0303900187187928
"PRADC1",-0.0304043253815259
"PLCG2",-0.0304366007867979
"C12orf42",-0.030448114176878
"BRMS1L",-0.0304666983200026
"P2RX2",-0.0304780855272487
"HROB",-0.0304808633761001
"TNS2",-0.0304887395053768
"PACS2",-0.0304937602365351
"TMEM31",-0.0304959342779627
"RPL7AP58",-0.0305494181997332
"ZNF704",-0.0305502458193699
"ZNF275",-0.0305863297464511
"ABCB8",-0.0305954977247158
"WASHC2C",-0.030598471468715
"MICAL3",-0.0306071244117767
"COL2A1",-0.0306122980271915
"HRH4",-0.0306192168139347
"TMEM70",-0.0306448977291556
"SYPL1",-0.0306531407039641
"C1orf21",-0.0306668469783564
"HSD17B13",-0.0306715918037001
"SPATA31E1",-0.0306730338918317
"TTC39C",-0.0306777827689517
"STIM1",-0.0306860573344399
"RB1CC1",-0.0307035213378074
"SLC39A4",-0.0307533182564921
"CLDN2",-0.0307890003332393
"RAET1K",-0.0307938611057068
"IFIT3",-0.0308425007766103
"EIF3F",-0.0308466156312637
"TMEM86B",-0.0308665520973962
"PGAM4",-0.0308755345466171
"CCDC84",-0.0308813920299096
"CTNNA2",-0.0308832095485335
"GIMAP1-GIMAP5",-0.0308838884852567
"TFAP2C",-0.0308865417293495
"WWC2",-0.0308957501174959
"ABI2",-0.0309016885821689
"COX6B2",-0.0309042143631682
"NAIP",-0.0309284511476122
"SNAI3",-0.0309378263336629
"CD300A",-0.0309428235565321
"TTPAL",-0.0309628890052863
"CMAHP",-0.0309712583802851
"ADAM29",-0.030980552950009
"IL2RG",-0.0309838475916833
"CFAP300",-0.0309935757165024
"AMT",-0.0310012241948031
"PROP1",-0.0310183720991978
"ELOF1",-0.0310359570073271
"SNTA1",-0.0310509428420421
"GM2A",-0.0310801970578634
"AGR2",-0.0310922318830447
"LATS2",-0.031099094324295
"TPD52",-0.0311005006416529
"LINC02733",-0.0311123345760729
"KRT25",-0.0311260703059632
"H2AFJ",-0.0311262799764637
"IGHV3-53",-0.0311314992341742
"STIM1-AS1",-0.031142491607673
"ZBTB44",-0.0311738267586124
"OR4C3",-0.0311777560850913
"DCUN1D3",-0.0311783300967849
"AKAP7",-0.0311955193412621
"EPN1",-0.0312088723204753
"CCT5",-0.031213044621371
"XKR5",-0.0312255455105783
"ADH5",-0.0312420167424336
"FOXG1",-0.031261224072273
"FIS1",-0.0313569866504816
"LMOD3",-0.0313622042163287
"MRPS25",-0.0313676687956422
"VGLL1",-0.0313891232854757
"HNF1B",-0.0314005588916169
"CADM2",-0.0314037130493003
"CLEC1A",-0.0314123222550503
"TUFT1",-0.0314138882362226
"REG1B",-0.0314245047823306
"TERF1",-0.0314320582399257
"CD47",-0.0314351795944851
"PTPRN2",-0.0314380101079125
"REM1",-0.0314534585077671
"MIR4755",-0.0314731365071239
"LINC02667",-0.031474601487564
"TBX1",-0.031476158322837
"GALK2",-0.0314869955889211
"PLP1",-0.0314957248724938
"LINC02145",-0.0314965881962865
"CYB561D2",-0.0315220488530922
"TRBC1",-0.0315384615384615
"PCYT1B",-0.0315398915027566
"SESTD1",-0.0315462948208107
"FUT9",-0.0316049208153507
"LAMTOR2",-0.0316265211439593
"SLC35E1",-0.0316285593493514
"TMEFF1",-0.0316310264960975
"HMX2",-0.0316407971006701
"ITM2A",-0.0316469725533333
"AQP9",-0.0316785475550609
"LEMD1",-0.0317175930071238
"LOC101928764",-0.0317262623389388
"UNC13C",-0.0317474410955103
"NLRP9",-0.0317482587294697
"SLC10A2",-0.0317608176538943
"USP39",-0.0317632178383846
"ORC3",-0.0317798967483047
"HDAC2",-0.0317827624612902
"SMCP",-0.0317836169069924
"NAPSA",-0.0317940250457315
"BAX",-0.031822342395145
"BRS3",-0.0318241046423984
"TTL",-0.0318540837078753
"PRSS37",-0.031854529629448
"EIF1AD",-0.0318617507079068
"NMUR2",-0.0318689506497626
"TENT5C-DT",-0.0318771123523094
"NFATC3",-0.0319320089621464
"AGPAT3",-0.0319895441675861
"TMEM183A",-0.031993355648546
"PPIB",-0.0320175793651805
"CLEC4D",-0.0320184787992755
"TPCN1",-0.0320303588610703
"ACHE",-0.0320322897211159
"CFAP126",-0.0320478720754833
"ADD1",-0.0320610101294621
"CMPK1",-0.0320611069360899
"CLCA2",-0.0320726982211944
"RXRA",-0.0320782329289555
"ALDH3B1",-0.0320799674940753
"CTSG",-0.0320884128393648
"MATN3",-0.0321064792870817
"RIPK2-DT",-0.0321083897867582
"LATS1",-0.0321311308133258
"DNASE1L3",-0.0321372680513791
"ZFP82",-0.0321437500464583
"IQSEC1",-0.0321465888178361
"RUNX2",-0.0321587129989228
"BAMBI",-0.0321600650253421
"KCNMA1",-0.0321691812822882
"FTL",-0.0321859454246646
"PHOSPHO1",-0.0321863164098886
"HOXB8",-0.0321941027989585
"RSL24D1",-0.032217193570292
"DHRS2",-0.0322177251691352
"CLIC3",-0.0322334613760074
"SELE",-0.0322443993025302
"SYT5",-0.0322475755710322
"ZNF600",-0.0322581864334957
"NDUFV3",-0.0322807507084172
"SYN1",-0.0322964835395127
"HDGFL1",-0.0323063666835042
"AZGP1P1",-0.0323080423536137
"ZNF217",-0.0323114028712253
"RNF34",-0.0323195293263384
"ELP3",-0.0323255996570779
"MPC1",-0.032330689170717
"POLR3C",-0.0323519140790871
"TNFRSF9",-0.0323625440005129
"TENM3",-0.0323645753385306
"PXMP4",-0.0323988389571852
"MMP8",-0.0324201997259325
"MAN2A1",-0.0324220251617043
"HERC3",-0.0324282206382013
"CPEB1",-0.0324373744629379
"RABL3",-0.0324398273551536
"AP1G2",-0.0324443728614222
"DSG3",-0.0324575731777051
"LOC402192",-0.0324652282679576
"IL17C",-0.0325263450154186
"SLC39A8",-0.0325358440075221
"EXOSC10-AS1",-0.0325381608680383
"PLEKHM3",-0.032558980044034
"CHST10",-0.0325959827427153
"TRIM23",-0.0325989905413424
"SEPT10",-0.0326048074410396
"IGKV2D-30",-0.0326225995006628
"C5orf22",-0.0326292184078341
"LINC02285",-0.032642424328924
"EPHA3",-0.0326474459929509
"BHLHE22",-0.0326543308657844
"GREM1",-0.0326599198445431
"ZNF112",-0.0326792480363569
"TTR",-0.0326989098580219
"CCDC182",-0.0327202357917295
"RPL7AP74",-0.0327334312445213
"AVPR1B",-0.0327456366856764
"AIFM1.1",-0.0327603640134519
"KRTAP7-1",-0.0327632416278287
"DEGS1",-0.0327876462748727
"TENT5D",-0.0328142902061614
"PSENEN",-0.0328530493664995
"CCR2",-0.0328864253321148
"LINC00877",-0.0329044782315811
"RUNDC1",-0.0329184253698868
"DCTPP1",-0.0329260237221769
"C6orf58",-0.0329452735224267
"GBGT1",-0.0329503162880193
"GGT1",-0.0329587484124351
"ELF3",-0.0329643263695787
"LMO1",-0.0329646140388011
"CPLX2",-0.0329889471204367
"MTRF1",-0.0330170647666161
"DPPA4",-0.0330292830144779
"DLL4",-0.0330324665223119
"UNC80",-0.0330626903173988
"FCRLA",-0.0330964136392371
"USPL1",-0.0331532298657353
"GRAP2",-0.0331622441968248
"ERLIN1",-0.0331775904018499
"CMTM6",-0.033187409900047
"COL4A3",-0.0331897037135067
"C10orf53",-0.0332101320820321
"TCTN3",-0.0332405837343866
"PLSCR1",-0.0332509900741618
"CCDC43",-0.033254190259314
"PGLYRP3",-0.0332626340318178
"FOXD2",-0.0332868942196917
"CHST11",-0.0333112019854282
"SALL2",-0.0333119772845519
"LINC02908",-0.0333313589389189
"TUG1",-0.0333401200730979
"POU4F1",-0.0333609794386802
"MTMR11",-0.033384813990617
"TSSK6",-0.033411665763336
"LARGE-AS1",-0.0334190425391707
"COQ4",-0.0334251213552159
"UBE3C",-0.0334354925847474
"PATZ1",-0.0334374438316857
"VPS45",-0.0334480950864411
"SPINK4",-0.0334748471781754
"VPS51",-0.0334823244779404
"ACOX2",-0.033509047818393
"C1orf131",-0.0335249947827729
"ATP6AP2",-0.0335337951444142
"LEXM",-0.0335350210537104
"GPR15",-0.0335455588198008
"TRAF2",-0.0335538901877173
"POLR2B",-0.0335674503755277
"AP1M2",-0.0335685568836812
"NDUFA2",-0.0336218243853355
"TTC9",-0.0336252829970645
"C2CD2",-0.0336469845403556
"RCN1",-0.0336729518439845
"CAPRIN2",-0.033705927252011
"ADAM23",-0.0337318169055405
"MAP7D2",-0.0337335742821854
"DSG4",-0.033741734955095
"RAG1",-0.0337484053238759
"NUDT11",-0.033753932576927
"LOC105369595",-0.0337692307692308
"ANKMY2",-0.0337824883475908
"RNF151",-0.0337941744540087
"SLC30A4",-0.0338047835101421
"IFNAR2",-0.033823354273007
"TPD52L3",-0.0338409696862773
"JAM2",-0.0338422089288517
"PHF2",-0.0338566206093774
"ATP12A",-0.0338659918190558
"ZC3H12A-DT",-0.033887486138945
"RXFP4",-0.0338915145008115
"BPHL",-0.0339300659861096
"STAT4",-0.0339540753301019
"SHANK1",-0.0339662363073623
"HIBADH",-0.0339902009428261
"ROPN1",-0.0340090065408688
"ZNF213",-0.0340111923563091
"KLK1",-0.0340192060185685
"CD44",-0.0340203918225115
"LSM11",-0.0340420671672741
"DOT1L",-0.0340955723464821
"ZFP90",-0.0341006743523478
"ASB11",-0.0341009810443061
"GLS2",-0.0341083953242088
"HSPE1",-0.0341269705820543
"SYNGR4",-0.0341352235119002
"H4C3",-0.0341405379031686
"PTK6",-0.034153861637916
"MS4A3",-0.0341568117348266
"TPRKB",-0.0341596539632732
"AK6P1",-0.0341732593992026
"PADI1",-0.0341753858690621
"MB",-0.0341914378050124
"PDE8A",-0.0342095795408476
"LINC02303",-0.0342109993865476
"IL21",-0.0342116325880633
"TAS2R5",-0.0342243113745585
"NFE2L1",-0.0342279193754032
"ZNF184",-0.0342282051499531
"TRMT10A",-0.0342300565583423
"BAD",-0.0342453528839826
"CNTLN",-0.0342603832693227
"DBF4B",-0.0342714804947712
"LINC01206",-0.0342822412437807
"ADAM5",-0.0342986743227791
"KRT79",-0.0343232672625946
"ND3",-0.0343485330208401
"CRTAM",-0.0343674661799726
"PLA2G2F",-0.0343885162541263
"CRYBA1",-0.0344023058357926
"TRIM47",-0.034402397698922
"NKX2-5",-0.0344221009300759
"DONSON",-0.0344303945318246
"TMEM50B",-0.034440310583184
"SENCR",-0.0344478615535098
"ANXA2R-OT1",-0.0344554667112088
"MOGAT1",-0.0344554883309023
"VCF2",-0.0344615384615385
"GCM2",-0.0344650226976426
"TRAPPC4",-0.0344682349319057
"S100B",-0.0344793053983667
"C16orf74",-0.0344862646998636
"RPL23AP18",-0.0345039427881279
"CCDC114",-0.0345121891568535
"NR2F1",-0.0345139552471099
"NEUROD6",-0.0345430759295771
"MYADM",-0.0345619700154201
"RPA3",-0.0345791058953472
"LRRC7",-0.0345851964968866
"R3HCC1",-0.034598948892387
"COG2",-0.0346106277540234
"OR10H1",-0.0346193791189848
"ATP8B4",-0.0346271886542216
"ARPC1A",-0.03462948017407
"WNT5B",-0.034638322610817
"ZBTB11",-0.0346625613813221
"RPL17-C18orf32",-0.0346886279473469
"DENND6B",-0.0347162518604906
"BBOF1",-0.0347275416059833
"PYY",-0.0347313792825561
"EIF4BP3",-0.0347536866112998
"APRG1",-0.0347553403469688
"C8orf17",-0.0347659634699102
"TPST1",-0.0347778667053743
"IL31RA",-0.0347925657895783
"NOL10",-0.0347939284710311
"CNOT6L",-0.0348271904644811
"LSMEM2",-0.0348358932720023
"UCK1",-0.0348403575342584
"SLC51A",-0.0348404921006486
"TBPL1",-0.03484335036529
"LINC00619|LINC00840",-0.0348451083818367
"PMPCB",-0.0348528086192469
"IFITM2",-0.034858955700849
"DNAH5",-0.0348801138667654
"FBXO6",-0.0348804713186887
"SEPT4",-0.0349088129605048
"SLC25A3",-0.0349160304485461
"PEX19",-0.0349206589009897
"VRK3",-0.0349473765586696
"ZNF669",-0.0349497551779882
"UBE2Q2",-0.0349504188270837
"TEX13C",-0.0349566406069677
"LDHB",-0.0349672173110211
"CINP",-0.0349682945284417
"TMEM60",-0.0349898073950697
"CTLA4",-0.0350111437035426
"CIDEA",-0.0350197750990692
"SERPINB4",-0.0350223560039642
"LSM8",-0.0350289561651472
"KIF21B",-0.0350347325076422
"MST1R",-0.0350349281516125
"VPREB3",-0.0350674241257219
"SLC13A1",-0.0350953628504815
"CHIAP2",-0.0351035371449742
"SAMD4A",-0.0351073234985132
"JCHAIN",-0.035118949135862
"LINC01736",-0.0351200564076684
"HIGD1A",-0.0351376178410706
"PEX11B",-0.0351401565922648
"IMPA2",-0.0351479308742232
"ZSCAN25",-0.035175500505346
"MS4A6E",-0.0351789831474854
"NENF",-0.0351973784250707
"PDK4",-0.0352019211918705
"GDPD4",-0.0352065431861185
"PPIL4",-0.035220033703922
"KIAA0319L",-0.0352281204577674
"APBB1",-0.0352339918315356
"IQCF5-AS1",-0.0352490115225459
"PDZD2",-0.0352626974878843
"PCSK1N",-0.035270799133809
"LINC00221",-0.03528310549142
"SLC17A7",-0.0352873804344273
"BTAF1",-0.0353451486164679
"ATXN7",-0.0353522543721251
"LINC01539",-0.0353556310044523
"OR8D1",-0.0353574079698708
"SAMSN1",-0.0353822617588136
"SSTR1",-0.0354062660363582
"ITGAM",-0.0354108536258007
"ZNF34",-0.0354278480006181
"RNPEP",-0.0354368886903001
"TEP1",-0.0354639407152388
"ELOA-AS1",-0.0354780876443028
"HOXC4",-0.0354817479238811
"LOC102723996",-0.0354831389780116
"ZNF2",-0.0354831394837203
"SEMA4A",-0.0355345855373833
"C17orf80",-0.0355447222558296
"HDAC7",-0.0355517732912348
"PPIAP60",-0.0355566948863162
"NAPSB",-0.0355992587528529
"NUS1",-0.0356549518650181
"NPHP3-AS1",-0.0356825643080017
"SUCLA2",-0.0357013461939509
"CLSPN",-0.035712463820227
"KCNJ2",-0.0357161438318865
"SLC46A3",-0.0357381545082743
"MYLIP",-0.035745461641689
"MTMR10",-0.0357467019538189
"GAA",-0.0357632988133327
"SLC26A8",-0.0357872536557953
"PLEKHA3",-0.0357885960613884
"JRK",-0.035835678806368
"PDHA1",-0.035845085304131
"ST8SIA6-AS1",-0.035846443740435
"PCDHB8",-0.0358711391910537
"PRM3",-0.0358723154935927
"OR11G2",-0.0358972144155814
"STEAP1",-0.0359017584320456
"SOX1",-0.0359030543880182
"RPL36AP49",-0.0359436429534696
"AFM",-0.0359511948862531
"CRYGB",-0.0359517584851985
"CPB1",-0.0359522781987205
"KRT8P17",-0.0359662275323052
"CDK5R1",-0.0359687237593867
"C2orf69",-0.0359776903116419
"DSG2-AS1",-0.0359780313124469
"FEZF2",-0.0359848747820346
"RIC8B",-0.036006336178487
"MYO16",-0.0360079193724297
"ZNF706",-0.0360107806941476
"IL19",-0.0360258011853404
"CCDC102A",-0.0360387105225796
"TOMM22",-0.0360648151164979
"GPR25",-0.0360740167247729
"KAT6B",-0.0360773762949551
"CCDC148",-0.0360942664162727
"CPT1A",-0.0360981191395829
"RPL7P61",-0.0361072243578882
"IDO2",-0.0361087695106573
"NODAL",-0.0361093956765795
"EIF5AL1",-0.0361136563650832
"E2F2",-0.0361148959974091
"SPPL3",-0.0361189151501821
"EGFL6",-0.0361219054485988
"USP27X",-0.036142402900443
"LOC342443",-0.0361607881264954
"HOMER1",-0.0361662732425223
"FAM166A",-0.0361786418755213
"NCAPD2P1",-0.0361976504384041
"HMGCL",-0.0362034660721865
"PTPN22",-0.0362073896962494
"COP1P1",-0.0362189556352277
"LMNB2",-0.0362398558691701
"FEM1B",-0.0362609109824344
"OR5D3P",-0.0362732064646885
"APOBR",-0.0362859007859569
"PPP1R11",-0.0362906814865279
"TMEM170A",-0.0363054915623219
"RPL7",-0.0363318126650769
"ARL4A",-0.0363363712764225
"CRAMP1",-0.0363826959677262
"RAX",-0.0364021672634362
"C20orf204",-0.0364034259509787
"NOXRED1",-0.0364058697593854
"BASP1",-0.0364087767440679
"SLCO1C1",-0.0364153878055854
"SERF1B",-0.0364460646390586
"UBAC2-AS1",-0.036450215230637
"PDSS1",-0.0364596659856134
"DSE",-0.036465380415681
"SLC25A11",-0.0364816014854785
"ACTL6A",-0.0365075834965441
"ALG9",-0.0365415538308115
"NAA16",-0.0365475389583225
"MKNK1",-0.0365785312253889
"BRD8",-0.0365807743481158
"TIMM22",-0.0365897592471144
"HAUS4",-0.0365954962337867
"KLK11",-0.0365956847680791
"SLIRP",-0.036606576987681
"AQP5-AS1",-0.036609960734074
"GADD45GIP1",-0.0366229589263266
"GIPC1",-0.0366293466190997
"APOBEC3B",-0.0366572479713008
"GCSAM",-0.0366672072110644
"UBE2D4",-0.0366774177005978
"IQGAP2",-0.0367214984063802
"APBB1IP",-0.0367305217190996
"DERL2",-0.0367471204505899
"C1QL1",-0.036748220060336
"TACSTD2",-0.0367706642388471
"EPCAM",-0.0367749233824746
"HTR1D",-0.0367894395801429
"VEGFB",-0.0368403523155633
"IGKV1D-16",-0.0368425329809258
"IL27RA",-0.0368576709803084
"FKBP9",-0.0368602057663895
"EPHA6",-0.0368603930383739
"SPACA4",-0.036860868618624
"ZNF527",-0.0368714694281437
"ESX1",-0.0368816580431886
"ATP5H",-0.0368820739462977
"SPATA19",-0.0368899377708357
"MRE11",-0.0368988602171767
"NAT2",-0.0369170293042405
"RAB39B",-0.0369188847061893
"PRDX5",-0.0369363923861077
"ATP5PBP2",-0.0369458898142838
"RLN1",-0.0369523545279273
"LPAR3",-0.0369673184877131
"UNC119",-0.0369910952700872
"IL17F",-0.0369921600935109
"AGPS",-0.0370029773449915
"UCKL1",-0.0370438349824058
"LCN15",-0.0370547923015945
"PDCL",-0.0370632902480123
"TGFBR3",-0.0370648977393686
"SPINK6",-0.0371128683937626
"EGR4",-0.037116389148411
"HOXD9",-0.0371199083686645
"ADCY6",-0.0371390609964225
"TMEM258",-0.0371540834622518
"DSCR10",-0.0371776908132233
"LGALS7",-0.03719241554672
"SLC22A1",-0.037208150042889
"CCL25",-0.0372175537432358
"CEBPE",-0.0372332025807075
"ING5",-0.0372392174859453
"RNF185",-0.0372403992844985
"TWIST2",-0.0372495942292331
"TAAR6",-0.0372691636051282
"ST6GALNAC4",-0.0372707298394062
"SMU1",-0.037272503284042
"GPC3",-0.0372791473032545
"C19orf18",-0.0372821928504458
"GALNT5",-0.0372892556588139
"SLC25A23",-0.0372922512274798
"ENDOD1",-0.0372986408740865
"C16orf45",-0.0373156921983902
"PCDHB2",-0.0373217401886866
"ACRBP",-0.0373380638535182
"LINC01883",-0.037358005188433
"F10",-0.0373757890044962
"AJUBA",-0.0373999147922605
"RNU4ATAC",-0.0374615384615385
"IL24",-0.037462482706286
"LINC02790",-0.0374831725762403
"HDAC5",-0.0375004858294024
"HACE1",-0.03750305189066
"CYB5D1",-0.0375049808437407
"PANX2",-0.0375050915627108
"NSMF",-0.0375460164828729
"H2AC18",-0.0375528974474548
"POLR3G",-0.0375847552080732
"LRMP",-0.0375897063643112
"MMP9",-0.0376118075208311
"TRIM59",-0.0376389927042919
"CZIB",-0.0376734914482948
"TESK2",-0.0376805537519198
"PPP1R37",-0.0376862386367322
"CALHM3",-0.0376867759759536
"RNF219",-0.0377080684936377
"EPOP",-0.0377399404683092
"DACT1",-0.037744385621891
"CDKN2C",-0.0377651568825124
"PDK2",-0.0377910740910548
"LINC03031",-0.0378661843818282
"CNOT4",-0.0378669106602759
"TFPI2",-0.0378686972016031
"MLXIPL",-0.0378807855129274
"AP5M1",-0.0378999969890766
"GJD3",-0.0379038495008808
"RNF126",-0.0379101774650304
"GPR18",-0.0379613115317851
"IKBIP",-0.0379769535254953
"IGHV2-70",-0.0380165856277323
"C3orf70",-0.038063296511025
"CHRNB4",-0.0380701032909737
"JAM3",-0.0381172253168365
"AMMECR1L",-0.0381178489047442
"GNA12",-0.0381261795285591
"TMEM38A",-0.0381347207969099
"GRB7",-0.0381455627292549
"FAM3B",-0.0381591271912557
"WASIR1",-0.0381699383727119
"YWHAQ",-0.0381701706786193
"APLP2",-0.0382137328289263
"PEPD",-0.038217753158957
"CCDC169",-0.0382312094192498
"SLC12A2-DT",-0.0382463993976472
"SLX1A-SULT1A3",-0.0382584447668433
"LOC645853",-0.0382732817429225
"RRH",-0.0382799789896841
"TMEM94",-0.0382939888902133
"C5AR2",-0.03830252377421
"SEBOX",-0.0383336867007349
"ACOX3",-0.0383606565542402
"SPIN4",-0.0383641499451153
"SLC25A5",-0.0383724527689835
"SMANTIS",-0.0383846153846154
"RPL21P28",-0.0383846153846154
"TMF1",-0.0384054774682388
"CLEC16A",-0.0384221482239366
"EIF3K",-0.0384519847025955
"STX12",-0.0385121147326269
"SPATA12",-0.0385338084935369
"FABP4",-0.0385413590097016
"C12orf40",-0.0385452948459717
"WDR83",-0.038551970148646
"ZBTB24",-0.0385529627807468
"NAT8",-0.0385624848972559
"NSDHL",-0.0385642885152831
"KCNC4",-0.0385759365923164
"TMEM51-AS1",-0.0385801592150451
"GINS3",-0.0385890588653422
"KRT82",-0.0386006198487139
"GEMIN4",-0.0386167118093818
"TSTD3",-0.0386724053067147
"SLC35A2",-0.0387423376876561
"RGS13",-0.0387479548295413
"KRT8P25",-0.0387629962598117
"SEC14L1",-0.0387937096249336
"TLR4",-0.0388292591105507
"OR5P3",-0.0388515915482516
"GJA3",-0.0388918239478208
"LRRC29",-0.0389035178971162
"SFXN3",-0.0389263641757724
"PHF3",-0.0389580076932002
"FYB",-0.0389596429833553
"URB1-AS1",-0.0389683405958643
"ECEL1",-0.0389763407269102
"LOC149844",-0.0389895733974725
"SYN3",-0.0389964003997545
"UBXN10",-0.0389990285303125
"ZNF181",-0.0390144114010554
"ERO1A",-0.0390329105984713
"ZNF341",-0.0390333205036633
"BPIFB2",-0.0390529200519294
"COMMD3-BMI1",-0.0390579197380898
"EHF",-0.0390595852607993
"ACACA",-0.0390616403944413
"CHRM1",-0.0390667893498652
"BARHL1",-0.0390789054608823
"ALG1L3P",-0.0390904651678854
"LOC101928682",-0.0391149729536675
"STX16",-0.0391326678392644
"ST8SIA4",-0.0391414786434972
"IRAK4",-0.0391484486514859
"CACNA1S",-0.0391657048456679
"LAMA3",-0.0391762923722433
"KAT2B",-0.0391767777349424
"DNASE1",-0.0391787648162733
"RAI2",-0.0391880972310003
"CLUAP1",-0.039189154743106
"GRIN3B",-0.0391958095443513
"NKAPD1",-0.0392397209023922
"TMEM250",-0.0392400763320237
"RIPOR2",-0.0392649552918665
"WARS",-0.0392849654216744
"NPAS3",-0.0392999017427582
"DPP9",-0.0393294106420349
"LOC102723536",-0.0393336983019088
"BMPR1B",-0.0393417494378264
"CWC15",-0.0393417654339946
"SORBS1",-0.0393461926923999
"SIPA1",-0.039348983207942
"PSMA2P3",-0.0393507065182985
"EMCN",-0.0393584374348852
"SLC35F5",-0.0393584980990153
"RNASEH2C",-0.0393599907429557
"KLRB1",-0.039361065910822
"CD38",-0.0394100363801933
"RPL7P9",-0.039420115119393
"LINC02808",-0.0394223759223724
"PCDHGB6",-0.0394530198870025
"AKR1C1",-0.0394714651144759
"GLB1L2",-0.0394924855906965
"PHF5A",-0.0395345776351198
"TIMM10B",-0.039543127016306
"C14orf39",-0.0395499701778615
"CMC4",-0.0395545960403573
"NR2F6",-0.0395613297645431
"FAHD1",-0.0395829716978493
"NDUFA3",-0.0395889365065609
"PHYHIP",-0.0395949727532958
"CNNM3",-0.0395983786108464
"NUDT9",-0.0396200171457851
"GOLPH3L",-0.0396301667324366
"ETV3",-0.03963366226869
"LIMS2",-0.03964329467751
"LRP2",-0.0396596363623545
"B3GAT1",-0.0396801738317691
"ADIPOR1",-0.039695006950913
"DERA",-0.0397165471514555
"MOB3B",-0.03976041411424
"VPS50",-0.0397757069014576
"KCNA4",-0.0397875351743973
"IBTK",-0.0397912413754588
"MAGEA10",-0.0398073612361088
"CIP2A",-0.0398540221371466
"DDX59",-0.0398602961105249
"IGKV1-8",-0.0398641591912216
"SH3PXD2A",-0.039883548811727
"RHOH",-0.0398956533001047
"TUBB4A",-0.0399068369977408
"DAZ2",-0.0399337639582811
"SEMA6A",-0.0399618579541114
"PDC",-0.0399653614093241
"IPO13",-0.0399710542015185
"EAPP",-0.0399719411339139
"IL36RN",-0.0399957923482836
"PTK7",-0.0399967695242754
"FAM120A",-0.0400137493253938
"SUV39H2",-0.0400209817125368
"STYX",-0.0400246403596302
"TMEM260",-0.0400301825088104
"COMMD8",-0.0400477473550628
"MAST1",-0.0400541302792239
"NRIP3",-0.0400808238135667
"SLC25A25",-0.0400903020258917
"HPCAL1",-0.0401250783656007
"PTRH1",-0.0401421922938841
"MAT1A",-0.040149654605075
"NPSR1",-0.0401663316530084
"CACNG2",-0.0401701576751306
"ETNK2",-0.0401831629787102
"GPC1-AS1",-0.0402744357726235
"CA6",-0.040306162821558
"NUSAP1",-0.0403215464004583
"SMG7-AS1",-0.0403231224639634
"SLC6A20",-0.0403275852820426
"CALB1",-0.0403392246969666
"ZNF212",-0.0403572495217029
"BARX1",-0.0403626209744915
"PTPN9",-0.0403651228755046
"OR13C4",-0.0403688753913416
"LOC390614",-0.040405990251136
"CCDC175",-0.0404076013339229
"TSKS",-0.0404483607615066
"SPTY2D1OS",-0.0404529413486045
"TMCC3",-0.0404835548152776
"SOHLH1",-0.0404953475860746
"SPHKAP",-0.0405003384080172
"RCE1",-0.0405048041801995
"AARSD1",-0.0405051482478734
"PLA2G12A",-0.0405248518287662
"TGFA",-0.0405453021909424
"FHL3",-0.0405472819565866
"EAF1",-0.0405918017843936
"HSD3B7",-0.0406063234083454
"SPDYE10",-0.0406064092830221
"SLC26A2",-0.0406155904217152
"RO60",-0.0406220981195781
"BOLA1",-0.0406226031124844
"REEP1",-0.0406310843977713
"APPL1",-0.0406662502983318
"LZIC",-0.0406981623831432
"CFAP57",-0.0406997076399349
"FRA10AC1",-0.0407046325973446
"NT5DC1P2",-0.0407081134326068
"H2BC6",-0.0407216490990858
"LOC643348",-0.0407313295821741
"SIX2",-0.0407411837827315
"MORN4",-0.0407450061002484
"LAMP5",-0.0407580728102003
"MOB1A",-0.0407974240755995
"CEP192",-0.0408045473456528
"FOXO4",-0.0408074589301363
"CFAP74",-0.0408528612354147
"C11orf86",-0.0408562631979148
"CHRNE",-0.0408651806045923
"NDUFA9",-0.040871761800366
"CENPCP1",-0.0408796381912762
"FMOD",-0.0408890258368987
"DLX5",-0.0408894823016405
"SCGN",-0.0408910892349023
"TEX30",-0.040904787728036
"RCC1",-0.0409409841945303
"MTDH",-0.0409449332454659
"DYM",-0.0409629510616629
"SOCS2-AS1",-0.0409809823634362
"TMCC1",-0.0410107299942988
"XKR6",-0.0410245842857452
"PIGW",-0.0410277578645994
"SDF2",-0.04104085706324
"CEP20",-0.0410750511789269
"C5orf47",-0.0410863618674369
"SEPTIN8",-0.041101012877334
"TPRG1L",-0.0411078790739519
"TFF1",-0.0411159683050089
"CA8",-0.0411254056486877
"PITPNM2",-0.0411518660450913
"PHYH",-0.0411790295427773
"GPBP1",-0.0411799807338018
"RPL7AP6",-0.0411813550230421
"FIBCD1",-0.0412220945815028
"BBIP1",-0.0412477889724371
"BAAT",-0.0412587354732174
"RPS18P5",-0.0412671962749187
"ATL2",-0.0412745167222051
"ANKRD33",-0.0412995358510618
"PRAMENP",-0.0413024713376382
"PRKAG2",-0.0413052207856873
"BTK",-0.0413150303004957
"ST7",-0.0413594531445321
"ZNF585A",-0.0413639393743759
"F2RL1",-0.0413863711348959
"HOXC5",-0.0413980552716064
"IRX1",-0.0414129812438841
"CHRDL2",-0.0414149656906382
"MET",-0.0414399017494709
"PTP4A2",-0.0414840115993195
"CD274",-0.0414960712211836
"GINM1",-0.0415032386221574
"SIRT4",-0.0415318411216684
"ZNF768",-0.0415325769142413
"SMAGP",-0.041558448566897
"HAUS6P1",-0.0415724354212266
"WFDC10A",-0.0415814371332681
"C10orf88B",-0.0415818977840878
"ARRDC5",-0.0416029424534687
"TCF4-AS1",-0.0416077764559324
"GOSR2",-0.0416282880498904
"C10orf143",-0.0416445269639928
"RNGTT",-0.0416526311766389
"NSG1",-0.041683748625601
"LOC100129540",-0.0417122478342866
"C9orf64",-0.0417142979538201
"EML2",-0.0417382387749367
"SLC45A4",-0.0417523571262083
"GRHL2",-0.0417529033173969
"CSRP1",-0.0417570469807599
"UNCX",-0.0417611411636842
"IMP4",-0.0417628416853702
"RFC3",-0.0417849776775594
"GRK2",-0.0418132155535727
"CUL2",-0.0418357642325378
"ZC3H13",-0.0418380175889738
"C8A",-0.0418468606953812
"OCIAD2",-0.0418743768990274
"TRIM4",-0.0418945605849577
"ZNF69",-0.0419304281743142
"ME3",-0.041939163990485
"LAT2",-0.0419423780419368
"LAMB1",-0.0419575818894114
"TLE6",-0.0419910061373671
"STT3B",-0.0419990084783731
"NHERF1",-0.042
"CMTM1",-0.0420019530329296
"ETV6",-0.0420187216305495
"WFDC1",-0.0420515935302121
"LOC102723903",-0.042052380902337
"NEU3",-0.0420634119746675
"RPL17P43",-0.0420767479720587
"KAT14",-0.0420941085140005
"CLCF1",-0.0421155035651213
"ABHD15",-0.0421178148950677
"CSHL1",-0.042140897734936
"TGS1",-0.0421416503426165
"SDHAP4",-0.0421443552251142
"DMGDH",-0.042145681699098
"LYRM7",-0.0421735941799278
"SHF",-0.0421819042191635
"CDKL5",-0.042186928408873
"ATXN1L",-0.0421905355197075
"TPCN2",-0.0422087962881881
"LINC02987",-0.0422879125908092
"RNF11",-0.0422999366143846
"TMEM242",-0.042302753680816
"TEX261",-0.0423103465327932
"PSME1",-0.0423756968227764
"COA7",-0.0423777695054512
"EEF1A1P2",-0.0423823650461115
"RAB3IL1",-0.0424114330315477
"TMPRSS12",-0.0424116583352815
"MSH5",-0.0424258008455317
"CAB39L",-0.0424265275047359
"TASL",-0.0424459721439184
"SLC26A6",-0.0424463957093611
"ACYP2",-0.0424537792045619
"TMEM272",-0.0424833386180561
"AP2M1",-0.0424906767630923
"RNF157",-0.0425053911892865
"PRR7",-0.0425413198695161
"PTPRJ",-0.0425535277651156
"FXYD7",-0.0426052834992838
"UBE2L6",-0.0426079246769489
"LDB3",-0.0426138410456018
"TMOD4",-0.0426300030826893
"UCP2",-0.0426362391964843
"CHCHD5",-0.0426362959026501
"FSCN3",-0.0426757523270392
"RHBDL1",-0.0427173217483347
"LIN7B",-0.0427312403306509
"LOC100144595",-0.0427323724706552
"SMIM4",-0.0427414118867198
"RP1L1",-0.0427531213216939
"NUDT18",-0.0427744104099841
"GJB5",-0.0427757284261502
"TMEM19",-0.0427846120912149
"PCDH11X",-0.0428007257905585
"SNX18",-0.0428025157960955
"LSM10",-0.0428058630104997
"GCGR",-0.0428086487482306
"DAB2IP",-0.0428095496540092
"ETS1",-0.0428243397130304
"ZIM3",-0.0428253414701644
"DUSP6",-0.0428458919767634
"TTC14",-0.042873111279896
"ZFP92",-0.0428887939378655
"ELAVL1",-0.0428937331065567
"ASIC2",-0.0429281088192978
"WFDC11",-0.0429360433212951
"INHBE",-0.0429592385089197
"SPAG4",-0.0429716603529098
"SPART",-0.042985753452305
"ARCN1",-0.0429885708811372
"TM4SF4",-0.0429950773894591
"TRAPPC8",-0.0430161177374266
"PCDHB5",-0.0430241668840115
"C20orf27",-0.0430378069551205
"METAP1D",-0.0430409671221743
"SULT1C2",-0.0430424260806555
"PRKRA",-0.0430444068550155
"HSD17B10",-0.0430465913164923
"GHR",-0.0430566478126634
"DMRTA1",-0.0430626066764962
"LRP10",-0.0430694199654429
"GRK6",-0.0430888716657776
"SECISBP2L",-0.0431020682331694
"KCNIP4",-0.0431067317321007
"GIN1",-0.0431146609062233
"ZHX3",-0.0431252665674414
"PPP4R3B",-0.0431433728450131
"TSSC2",-0.0431661167813852
"TMC6",-0.0431667926693026
"SPATA22",-0.0432290359947506
"CASP3",-0.0432319759867211
"DENR",-0.0432337984235116
"ROM1",-0.0432354249671756
"GLRB",-0.0432455368673651
"PLRG1",-0.043247728840904
"RPL24",-0.0432598748788189
"FAM187B",-0.0432776877062859
"MARCO",-0.0433083944528395
"ACTR3B",-0.0433183155884423
"SPINK7",-0.0433186809072116
"MBD3L2",-0.0433233808035172
"RASGRF1",-0.0433356786878376
"CCDC144NL",-0.0433504780353662
"BANCR",-0.0433616597327617
"METTL22",-0.043388915574325
"RPL7AP30",-0.0434036732721996
"MED23",-0.04340893539295
"GSX2",-0.0434180424969008
"ZKSCAN2",-0.0434215429233662
"HOXC13-AS",-0.0434411375512531
"CHRNA5",-0.043443995674727
"PFDN1",-0.0434704724074022
"CCDC142",-0.0434816796282945
"DMWD",-0.0435025959376888
"TEFM",-0.0435115439523544
"HNF1A",-0.0435127589796254
"ZW10",-0.0435174607867505
"CDHR3",-0.0435199434458557
"DOK2",-0.0435202255836898
"IGLJCOR18",-0.0435535741677437
"AK2",-0.0435575644383002
"EDEM2|MMP24-AS1-EDEM2",-0.0435579381264355
"COQ2",-0.0435587260979316
"EIF2D",-0.0435826037397355
"AZIN1",-0.0435954639394093
"EPHB4",-0.043607973410498
"LAPTM4A",-0.0436108550548891
"KCTD11",-0.0436154950383454
"ARF3",-0.0436225074050264
"PSMC1P11",-0.0436233588729866
"TCEA1",-0.0436511042173243
"KRT18P65",-0.0436530837446041
"RASSF8",-0.0436550723166544
"HBZ",-0.0437043567038953
"SLC28A2",-0.0437188036488888
"CENPQ",-0.0437874947452296
"ZP3",-0.0437896988607087
"TTC4P1",-0.0438209224349744
"CTIF",-0.0438382826197777
"NIPSNAP1",-0.0438595611583247
"MUSTN1",-0.0438667017413078
"EFCAB12",-0.0438882261202505
"TXN2",-0.0438882516226591
"REN",-0.0439204327846445
"MANF",-0.0439248243899544
"PDCD1LG2",-0.0439363096507169
"PCED1B",-0.0439405659194175
"FSIP1",-0.0439642912041718
"MTFR1L",-0.0439750075108837
"CSDC2",-0.0439790018329552
"ZBED5",-0.0439806509902346
"TBKBP1",-0.0439847343290438
"CXADR",-0.0439855535230781
"PSG2",-0.044048027136732
"KRTAP4-4",-0.0440484192907871
"NFE4",-0.0440665603052059
"NKX6-1",-0.0440707113119116
"POTEF",-0.0440920741261595
"SRF",-0.0441049735243389
"PDHB",-0.0441054036284045
"UTS2",-0.0441169464196235
"ANKRD20A18P",-0.0441474017470131
"LINC01931",-0.0441541788917812
"USP6NL",-0.0441784233704384
"GPR82",-0.0441801433341738
"FMO3",-0.0441825244056424
"TBCE",-0.0441843429248149
"SORCS3",-0.0441855588655307
"CLCN1",-0.0441858884140328
"KALRN",-0.044199693928692
"HSD17B3",-0.0442290278347733
"DGKE",-0.0442751715768242
"HYOU1",-0.0443158142419665
"GATM",-0.0443227207147937
"BCKDHB",-0.0443306921447282
"LINC01529",-0.0443345355797025
"EXOSC3",-0.044339318724763
"STK17B",-0.0443761876141601
"COPS2",-0.0444229401937616
"STAP2",-0.0444239640344653
"PERP",-0.0444285901392189
"SEPT1",-0.044433441203237
"TTC1",-0.0444344557672929
"DCAF8L2",-0.0444388097688257
"S1PR4",-0.044445209980039
"FKBP11",-0.0444582530742413
"CNIH1",-0.0444785649710234
"KLK15",-0.0444809060795839
"GIPC2",-0.044483204321327
"BTBD10",-0.0444923072625548
"PPP2R5E",-0.0444983505235787
"MKL1",-0.0445023291245844
"AQR",-0.0445097907762073
"NDUFAF3",-0.0445162122962429
"FAM3C",-0.0445348310668199
"FAAP20",-0.0445398415032106
"CHODL",-0.0445617115366514
"CHRNA10",-0.0445640852564361
"PHLDB1",-0.0445781636567494
"LGI2",-0.0446121714552518
"LURAP1",-0.044615903902403
"KCNIP1",-0.0446454524545789
"ADIPOR2",-0.0446634609303657
"COMT",-0.0446929721128106
"INPP5K",-0.0446937823051662
"SLAMF6",-0.0446947902145646
"RPL32P18",-0.0447324850931386
"TUT7",-0.0447390973693545
"ATP2C2",-0.0447400427548823
"ZFP62",-0.0447540718857667
"COL9A1",-0.0447706329403769
"APOBEC3C",-0.0447743988881013
"HPS1",-0.0447948960763381
"DOC2A",-0.0447974243066029
"CFC1B",-0.0448236054598816
"SLC6A18",-0.0448431705723263
"WNT10B",-0.0448669041678045
"HNRNPLL",-0.0448968141510361
"SIRPG",-0.0449074765666116
"APOC3",-0.0449109239003084
"PCDHB6",-0.0449125682731586
"GBP6",-0.044924680093708
"ENPP5",-0.0449528868570985
"POLRMTP1",-0.0449642792741947
"C1QTNF3",-0.04499735691779
"PAOX",-0.0450052000921158
"SLC27A5",-0.0450100099877211
"ZNF775",-0.0450103031047758
"GPATCH11",-0.0450450645129655
"P2RY4",-0.0450612886152453
"COL8A2",-0.0450728820693147
"CPN1",-0.0450776432460768
"MRPL43",-0.0450786506279922
"LAIR1",-0.0450932770927256
"ANO1",-0.0451432043579319
"PTBP3",-0.0451852113018907
"TNKS2",-0.0451869223196196
"CMTR2",-0.0452001771106375
"TM4SF5",-0.0452081048104748
"TRIM14",-0.0452185796565793
"CLDN22",-0.0452222271781453
"ITIH3",-0.045226017664054
"DR1",-0.0452267513507125
"RPL14P6",-0.0452556017341346
"DDOST",-0.0452661217909119
"SLC1A2",-0.0452677023318677
"ZNF415",-0.0452790722538722
"ICOS",-0.0453076110026214
"KHDRBS3",-0.0453124951145103
"CRTAC1",-0.0453225994617957
"LIN7A",-0.0453374814440711
"SLC35D3",-0.0453773455583433
"ABCB10",-0.045394017947428
"RIPPLY1",-0.0453951673690102
"SGK2",-0.0454361247668073
"DLK1",-0.0454594458038071
"PGM1",-0.0454655070626517
"MIEF2",-0.0454672105545565
"AHSA1",-0.0454960738625152
"GPR12",-0.0455353467636075
"ANXA6",-0.0455355776907853
"NSMCE1",-0.0455401592778564
"KIF6",-0.0455506262703355
"ADAMTS6",-0.0455639651137138
"MVB12B",-0.0455671823160239
"DDT",-0.0456060999958773
"FASTKD1",-0.0456220472102296
"C3orf49",-0.0456769939978864
"C9orf85",-0.0457053501795007
"KRTAP11-1",-0.0457073748850897
"FLOT2",-0.0457275183304942
"IL2RA",-0.0457311823702313
"LINC01558",-0.0457315710173827
"CACNA1G",-0.0457590443890638
"SPTB",-0.0457621088155621
"COL20A1",-0.0457638209953722
"CHAC2",-0.0457679555763879
"CFAP418",-0.0457742572155477
"FIGLA",-0.0457891524599551
"TMEM147",-0.045791954274266
"DDO",-0.0458373191022361
"CDK6",-0.0458402025549629
"RBM43",-0.0458501586272867
"GNB5",-0.0458521777662355
"FANCD2OS",-0.0458530723219077
"NMU",-0.04585610473697
"ERAP1",-0.0458567018667507
"ZNF549",-0.04586280337328
"ANTKMT",-0.0459081601851399
"TFAP2B",-0.0459179413424136
"SIRT5",-0.0459224839955418
"RPL21P19",-0.0459396198467093
"AFDN",-0.045946981328435
"LRP2BP",-0.0459508247776627
"FXR1",-0.045983606023827
"CSPG4P13",-0.0459943344005301
"GKN1",-0.0460065369617128
"RASSF6",-0.0460134742960826
"CYP2A7",-0.0460176869927986
"TRIM65",-0.0460247331935106
"KLKB1",-0.0460413322705763
"SOST",-0.0460659554956612
"MRGBP",-0.0460739607657723
"CHAF1B",-0.0460792755270519
"ITGB5",-0.0460998033765648
"FOXRED2",-0.0461182613032875
"ARSI",-0.0461296693450723
"CCNC",-0.0461327299932159
"BNIP1",-0.0461408926531968
"UPK1A",-0.0461614034324607
"RPL13AP5",-0.0461675524190101
"MMP26",-0.046195254918063
"ZNF394",-0.0462033001004438
"RAB6B",-0.046206985247372
"HLA-DQB1",-0.0462165198918873
"NAMPT",-0.0462229480481762
"FCHO2",-0.046238835793906
"CCL21",-0.0462405131320672
"OR2V2",-0.0462627561183181
"RGS3",-0.0462748536936668
"ZNF211",-0.0462765058308074
"RAB3B",-0.0462982552960644
"BMPR1AP1",-0.0463019983922655
"HECW2",-0.0463064520832509
"SPATA8",-0.046315928054626
"MS4A5",-0.0463385444772478
"ANKRD13C",-0.0463653749068677
"SPCS1",-0.0463937791618499
"CMTM7",-0.0463964706271739
"PRCP",-0.0463998902720702
"TMEM159",-0.0464012860478219
"HSPG2",-0.0464361552856621
"DSCAML1",-0.046441327541036
"OAF",-0.046458439962443
"PKLR",-0.046517206322056
"TIGD3",-0.0465284251915095
"HID1",-0.0465320993305443
"TELO2",-0.0465450781255147
"SERPINB11",-0.0465552316662795
"TINAGL1",-0.0465717226611263
"TUSC2",-0.0465737399603068
"ASTN1",-0.046592057749853
"NT5DC1",-0.046596302899896
"CALB2",-0.046611103161893
"HPD",-0.0466464693418037
"FUT1",-0.0466524672320792
"RPL13P12",-0.0466634902045647
"HUS1",-0.0466705822266416
"RWDD2A",-0.0466835930095231
"ANKLE1",-0.0466924694822032
"CASP2",-0.0467106800905211
"LINC00317",-0.0467166601925263
"HLA-DRB5",-0.0467192406672558
"TIGD6",-0.0467231174097773
"SPN",-0.0467487933790049
"PYROXD1",-0.0467517147051969
"SIX1",-0.0467674315254401
"CABYR",-0.0467686748242417
"NKAIN3",-0.0467718294295056
"TCTEX1D4",-0.0467807220239259
"SETD1A",-0.0467875356150446
"BTBD3",-0.0468271201165312
"SEC61B",-0.0468405805206133
"SWAP70",-0.0468478639572237
"CHCHD3",-0.0468555769731247
"CCPG1",-0.0468559302984083
"RAMP2-AS1",-0.0468598159077773
"SLC22A12",-0.0468626086940063
"FAM167A",-0.046862629763092
"GPR183",-0.0468679632157883
"TTTY22",-0.0468792676581655
"MSANTD2",-0.0468924297010574
"PPA2",-0.0469045835134319
"CXorf38",-0.0469219848253205
"SDHAF2",-0.0469262157132708
"RNF157-AS1",-0.0469373993488215
"DCAF5",-0.0469378818907163
"STARD3NL",-0.0469590970131194
"AKAP12",-0.0469677483723515
"DPYS",-0.0469792015563778
"RCSD1",-0.0469980363162021
"SYT10",-0.0470163622855158
"RPL4P1",-0.0470549611297004
"TMEM167A",-0.0470621676898507
"CLDN23",-0.0470641538314095
"RAMP3",-0.0470666765948838
"ELAC1",-0.0470678725089973
"CDK19",-0.0470731575472109
"SRPX2",-0.0470804032279742
"GTSE1",-0.0470876456580306
"LOC100129503",-0.0471058308896652
"SLC17A6",-0.0471120048423134
"NHLH1",-0.0471212608130072
"TXLNGY",-0.0471451229014665
"GALNT11",-0.0471515709005228
"TMEM208",-0.0471880007814822
"ZNF433",-0.0471916546495448
"UNC13D",-0.0472069237091457
"TIGAR",-0.047210256426515
"IMPA1",-0.0472436186511677
"ZKSCAN4",-0.0472494210905098
"ZFP36",-0.0472503896302938
"PGC",-0.0472747379170816
"OVOL2",-0.0472883965186652
"ADAM20",-0.0473032353491556
"RFXAP",-0.0473042762336248
"TRARG1",-0.0473431953952004
"ATP5F1E",-0.047363928394154
"BPIFC",-0.0473651764632928
"LRIF1",-0.0473781870335423
"TMEM101",-0.0473883898210401
"CEBPZOS",-0.0474111698231583
"NUDT19",-0.047416002334854
"ETFB",-0.047417704214329
"TRAF5",-0.0474309951373036
"PDIA5",-0.0474450906211985
"GPR173",-0.0474626186115935
"RILP",-0.0474687929861845
"ELP2",-0.0475250199782411
"OR4K1",-0.047540971213002
"APCS",-0.0475507864210826
"BDKRB2",-0.047568378306804
"OR13D1",-0.0475731587765835
"DLG1",-0.0475902777647552
"ASB17",-0.0476041207281768
"TRMT2B",-0.0476192429189282
"FGF14",-0.047633126702961
"ELL",-0.0476628792403816
"SLC1A6",-0.0476686506292648
"GPR35",-0.0476892105808099
"BIRC3",-0.047722058639092
"RPL23AP87",-0.0477225495252405
"LEAP2",-0.0477275865335964
"ANXA10",-0.0477360820686418
"LINC00506",-0.0477380642143043
"TJP2",-0.0477683475957364
"ZIC4",-0.047776514947035
"TLX1",-0.0478017491982164
"HBP1",-0.047805205327603
"DNAH17",-0.0478095325571639
"RETREG3",-0.0478202292325054
"SAMD7",-0.0478240650028253
"GFI1B",-0.0478260823310738
"CACNG7",-0.0478344785123863
"PRELID1",-0.0478560507031291
"SCYL2",-0.0478643113213893
"BAZ2B-AS1",-0.0479030003581086
"PPWD1",-0.0479216884518543
"GALNT16",-0.0479574117837403
"TIPRL",-0.0479587331869933
"PCDHGA3",-0.047977972377599
"EDARADD",-0.0479942569726895
"SPRR1B",-0.0479956842808882
"SNRPD2",-0.0480047891156908
"ZFAND1",-0.0480347211325358
"EXOC2",-0.0480535627100367
"MTG2",-0.0480565120562302
"ABCC5",-0.0480619259175119
"ARMCX2",-0.0480856705475261
"NT5C",-0.0480909160640544
"H2AZ2",-0.0481002019747588
"CASTOR2",-0.048137261491093
"TMEM68",-0.048141746233967
"MRPS24",-0.0481549627867304
"NXPH1",-0.0481589073934595
"LIAS",-0.0481633212599143
"NDP",-0.0481834868815957
"TTBK1",-0.0481904691221037
"ZMYM4",-0.0482302605263946
"UFSP1",-0.048235848485734
"SLC46A2",-0.0482456911880557
"GABRG2",-0.0483096873113761
"RPL15",-0.0483182908053567
"RAB43",-0.0483420550266618
"SMARCA1",-0.048342675449163
"ZPR1",-0.0483434071785251
"TMEM119",-0.048360421194413
"PAM",-0.0483792990384049
"CDK2AP2",-0.0483818560268363
"FANCC",-0.0483975448842828
"CCDC178",-0.048399727692253
"IL12RB2",-0.0484052264970668
"BLZF1",-0.0484171806753913
"ZC3H14",-0.0484286696920125
"LINC02826",-0.0484287515493156
"ALDH18A1",-0.0484356033367426
"MRGPRX1",-0.0484732464840041
"MXD4",-0.048473549552304
"SLIT1-AS1",-0.0485574721779241
"CHRNA7",-0.0485586143309353
"RPL7AP75",-0.0485654792942257
"ABCA11P",-0.0486072443235463
"ACY3",-0.0486123989227182
"DRAXIN",-0.0486143481895031
"CCDC174",-0.0486151510877038
"TWIST1",-0.0486166216335914
"NKIRAS2",-0.0486477910639003
"PPP1R2C",-0.0486671923302433
"KIF5A",-0.048679948761016
"PRRG2",-0.0487303149999184
"IFT46",-0.0487564934493511
"SNCB",-0.0487586244585519
"FUT2",-0.0487710657657994
"SKI",-0.0487842877633669
"VAX2",-0.048792721429454
"AGXT",-0.0488043305925628
"KCNAB2",-0.0488120640798561
"POLR1D",-0.0488188231223799
"NUP43",-0.0488436936583154
"EPN2",-0.0488548987497517
"FAM81B",-0.0488671377380626
"MMP7",-0.048875375988759
"FAM161A",-0.0489116521200501
"RBPMS",-0.0489224142115127
"GATA4",-0.0489250389817645
"ADAM2",-0.0489608392873874
"RASL12",-0.0489624463935335
"SH3GL2",-0.0489767311287888
"DIS3L",-0.048986052944866
"AGTR2",-0.0490438944785265
"PER2",-0.049094765638442
"DPCD",-0.0491003139431707
"AKR1D1",-0.0491142704991462
"CDK4",-0.0491149014288173
"AKAP2",-0.0491301361066705
"PDZD9",-0.0491439189331442
"LOC105374312",-0.0491645031478987
"FAHD2B",-0.0491728421748864
"LRRC25",-0.0491792463613532
"SMARCD1",-0.0491895052476749
"PARPBP",-0.0491958736523561
"SLC2A5",-0.0492031418225064
"ADAMTS3",-0.0492155870760593
"H3C10",-0.0492379316856136
"ZNNT1",-0.0492601310729676
"FABP6",-0.0492903550314139
"MYCT1",-0.0493002443787548
"KCNMB1",-0.0493059115997179
"NEK7",-0.0493479696459979
"KIAA0586",-0.0493581477603755
"TREM2",-0.0493658105185415
"PSMG2",-0.0493739216926916
"EIF2S3B",-0.0493851275092057
"MPP2",-0.0493920773086825
"RECK",-0.0493971635922577
"OR10D1P",-0.0493983361303441
"YIPF5",-0.0494051790305376
"MRPS18B",-0.0494432704703748
"PTX4",-0.0494433215421571
"UTP14C",-0.0494505441003201
"IER3IP1",-0.0494508962199295
"OR52A1",-0.049464832095666
"NKAIN2",-0.0495309591330154
"CENPN",-0.0495351507818965
"OR2AP1",-0.0495421089704991
"DOCK8-AS1",-0.0495432096853499
"ADRA2B",-0.0495869599329877
"RAMP2",-0.0495976607023232
"PDCD6",-0.0496185102481962
"SERF2",-0.0496198320164088
"PLAU",-0.0496227572582819
"ISCA2",-0.0496676547208415
"NOA1",-0.049697065757999
"PEPCAL_8|PEPCAL_8|",-0.0497042794604283
"BOLA2-SMG1P6",-0.0497103544107078
"C21orf2",-0.0497154326611446
"LOC101059948",-0.049715484305195
"GRAMD1A",-0.0497261252895415
"MEGF9",-0.0497265765827819
"FAM78A",-0.0497272526922969
"DUT",-0.0497334629017454
"GART",-0.0497343653712564
"RPL7AP50",-0.0497507349814895
"NPDC1",-0.0497531535825291
"PPEF2",-0.0497608881113369
"LINC01599|LINC01588",-0.0497651318447395
"CRYBB1",-0.0497784484360245
"FKBP2",-0.0498390980522293
"RPP25L",-0.0498399286702245
"MOS",-0.0498670602205243
"NTN4",-0.0498870469083961
"GSKIP",-0.0499183841951261
"ZNF518B",-0.0499262843629618
"GPN3",-0.0499340289545346
"CEP97",-0.0499437001879592
"ARID1B",-0.0499541832718975
"GABRA4",-0.0499774502448066
"H2AX",-0.0499875235684628
"OTOL1",-0.0500185777327794
"SLC8A1",-0.050018737754472
"CATSPER4",-0.0500191981566222
"RPL12P8",-0.0500250738588399
"SYNPO2",-0.0500470597128294
"EIF1AY",-0.0500492073224411
"PIWIL2",-0.0500978676674532
"CTAGE3P",-0.0501213164999292
"TCAF1",-0.0501263186004571
"SPP1.1",-0.0501335136495502
"MYEF2",-0.0501514239064681
"CNIH4",-0.0501938899968164
"GJB3",-0.0502229303781713
"PBX4",-0.0502630069736149
"SPAG1",-0.0502772456943799
"GLYAT",-0.0502903836181743
"EIF1B",-0.0503000840964276
"SIPA1L2",-0.0503021608347089
"SERPINI2",-0.0503058332716802
"ASIC5",-0.050308359600306
"LRRTM2",-0.0503259976528424
"EIF5",-0.0503463501816756
"C16orf92",-0.0503614157846545
"LOC389906",-0.0503713580026052
"LYAR",-0.0503731000540465
"RAB4A",-0.0503760324809971
"MZT1",-0.0503912950393593
"LBX2",-0.0504354740818875
"ARHGEF3",-0.0504360971029497
"QRFPR",-0.0504418855057795
"IL6ST",-0.0504455193748601
"H4C6",-0.0504475044811041
"ATP4B",-0.0504754925019432
"UBAC1",-0.0504949378886609
"PCDHAC2",-0.0505040095246733
"VIP",-0.0505396704200628
"H1FX",-0.0505402468356879
"ATP8B3",-0.0506067032123996
"ZDHHC18",-0.0506149455402666
"PREP",-0.0506165078852111
"GAST",-0.0506286515714182
"SPTLC2",-0.0506316496710456
"RHO",-0.0506344934552705
"GGPS1",-0.0506541219482571
"BCL2L14",-0.0506604834650146
"SLC25A2",-0.0506640337741588
"POLR2I",-0.0506753816695957
"PAPLN",-0.0506755625892582
"EPHA4",-0.0506971249406335
"IL4I1",-0.0507166196828732
"TARSL2",-0.0507207704465576
"RPS8P8",-0.0507231683903621
"GLT8D1",-0.0507550326588504
"PRRT3",-0.0507577210974041
"PHLDA1",-0.0507900112949953
"CD79A",-0.0508030435711716
"COG6",-0.0508084756762736
"HHLA3",-0.0508118650762653
"VAPB",-0.0508302578059655
"SLC5A2",-0.0508325881134545
"FGF8",-0.0508327202885628
"PDE6B",-0.05087227260303
"ATP6AP1-DT",-0.0508859226514309
"GAP43",-0.0508970143274258
"SLCO2A1",-0.0509222435719054
"RALGAPA1",-0.0509291268591672
"MIR124-2HG",-0.0509453878941803
"MIR3150BHG",-0.0509762833854671
"SEMA7A",-0.0509834351685338
"MARCHF7",-0.0509915087005937
"ATP6V0D1-DT",-0.0510038970362936
"ZIC5",-0.0510045795445017
"ARHGAP6",-0.0510212388012627
"CCDC162P",-0.0510373547657442
"PARP14",-0.0510430740886618
"VWA5A",-0.0510755928524275
"PHF10",-0.0510765858328104
"IGF2BP3",-0.0510789721025317
"TSGA10IP",-0.0511130065221611
"EGFR-AS1",-0.0511304899335532
"MT2A",-0.0511309433214962
"DENND1B",-0.0511491082192797
"MPHOSPH6",-0.0511631390601218
"CYP4F2",-0.0512136357187502
"TSPYL4",-0.0512150621871506
"KPNA1",-0.0512282720772249
"RCN2",-0.0512434413052153
"PURB",-0.0512494971375135
"EHD2",-0.0512538137871741
"GDF1",-0.0512576469301426
"STOM",-0.0512661280903168
"RRAGB",-0.051277221943234
"VPS37A",-0.0512864782417971
"MEF2B",-0.0512922183237246
"ZNF646",-0.0513215536574021
"OR5AK3P",-0.0513243421521956
"NDEL1",-0.0513457353899422
"RPS15AP11",-0.0513545261048456
"WDPCP",-0.0513649462822997
"NDUFA10",-0.0514043684249469
"REP15",-0.0514068882728934
"LINC02293",-0.0514124748789957
"DLAT",-0.0514224572169486
"OR8D2",-0.0514480288962195
"TDRD6",-0.0514666482303757
"KRTAP3-1",-0.0514825703614862
"RER1",-0.0514828759970482
"DECR1",-0.0515072946515957
"PHTF2",-0.0515097341166553
"C19orf12",-0.0515159815801306
"SLC15A1",-0.0515250933921745
"RNF8",-0.0515309787769712
"MIR100HG",-0.0515316952114848
"L2HGDH",-0.0515499314197558
"PJA1",-0.0515804734543843
"GLRA1",-0.0516198371919942
"SDCCAG8",-0.0516434613687999
"SERPINB8",-0.0516606806950812
"GABARAPL2",-0.051663628009218
"UGDH",-0.0516657440447741
"MTTP",-0.0516997515659355
"LOC101929457",-0.0517045387522866
"SPATA9",-0.0517047590596624
"CRYAB",-0.051719005509685
"NUTF2P6",-0.0517354820192679
"MANEAL",-0.0518078434554406
"DNAJC3",-0.0518249542082386
"KIAA1210",-0.0518367943690352
"EXD2",-0.0518490659777653
"CBFB",-0.051859526250799
"TLE2",-0.0518757244422503
"LTB",-0.0518956825561766
"ZNF605",-0.0519040851468472
"UTY",-0.051914241851307
"C3orf52",-0.05192354870474
"DNER",-0.0519263491495994
"RIPOR3-AS1",-0.0519731149037126
"UGT2B10",-0.0519744538505818
"VANGL1",-0.0519798188564207
"LOC347097",-0.0520002533974413
"CTDNEP1",-0.0520025984150511
"MRRF",-0.0520170444673582
"INPP5A",-0.0520210010990063
"C18orf15",-0.052022319960181
"HTR4",-0.0520596915950211
"ECHDC2",-0.0520706496158224
"RAG2",-0.0520714478993367
"OR52B2",-0.0521248053684386
"EMC9",-0.0521297634495203
"IQCF2",-0.0521558121790813
"KMO",-0.0521571137842696
"MCM9",-0.0521656997924918
"SCN3A",-0.0522121388993154
"ZNF76",-0.0522137305657625
"TMEM141",-0.052220060544429
"MPI",-0.0522232409235579
"SPATA5L1",-0.0522383111696389
"HSDL1",-0.0523314562694336
"IGF2BP2",-0.0523319679756485
"TMEM106B",-0.0523590408738014
"C17orf75",-0.0523939332850356
"GEMIN8",-0.0523993722930599
"YME1L1",-0.0524158308089302
"HDAC2-AS2",-0.0524414403130624
"WFDC9",-0.0524469437504679
"LIF",-0.0524496670233129
"TALDO1",-0.0525527856529676
"SPDEF",-0.05256818086951
"KITLG",-0.0525700469281199
"C19orf53",-0.0525961985073636
"CA11",-0.0526160079602422
"AZI2",-0.0526604525380645
"SH3BP1",-0.0526757930151636
"S1PR5",-0.0526854966091736
"PAGE2",-0.0526879596390415
"SEC14L2",-0.0526995017869793
"MAPK12",-0.0527072040460363
"RBM4B",-0.0527203017680663
"ZNF593",-0.0527527968132557
"TMEM139",-0.0527539111198327
"ZBTB17",-0.0527580540731494
"CNTN1",-0.0527696706523294
"MRPS14",-0.0527803489934941
"APOA5",-0.0528033302611359
"C3orf85",-0.0528048433596073
"CBLN3",-0.0528074558941483
"KIF13A",-0.05280750054602
"TAF3",-0.0528109052547454
"EDEM1",-0.0528181384866619
"SLC22A2",-0.0528475007997627
"SGK3",-0.0528743915473768
"TUBGCP5",-0.0528926154580262
"MYOT",-0.0528976464911905
"SMG8",-0.0529732100575018
"TUBGCP4",-0.0530250653847045
"DESI1",-0.0530263309891903
"CLDN16",-0.0530388790323425
"TCF23",-0.0530645411138407
"PTS",-0.0531203489525865
"OR11H4",-0.0531478038941207
"OOEP",-0.0531479301212121
"HSPB9",-0.0531523318513125
"IGHM",-0.0531578753403763
"CNTNAP4",-0.0531646891560622
"TMEM108",-0.0531725350611614
"MRPS11",-0.0531760531373618
"PPP2R2A",-0.0531771118561939
"TRIM13",-0.0531853414194636
"NDUFAF5",-0.053193978704408
"PIGH",-0.0532066633074827
"BMPER",-0.0532239640235209
"ESR2",-0.0532440252822403
"CNTN4",-0.0532530262243443
"KRTAP4-2",-0.0532752315064484
"SGPL1",-0.0533174296776934
"CIB2",-0.0533634704926282
"C19orf73",-0.0533679937695061
"CIBAR1",-0.0533836952472761
"SGO1-AS1|LOC101927829",-0.0533978054741536
"EML2-AS1",-0.0534106299341381
"RAD21-AS1",-0.0534107492767449
"EMSY",-0.0534121116000983
"GZF1",-0.0534131427759468
"LETR1",-0.0534138981852028
"PAX1",-0.0534373205900638
"OR1A2",-0.0534612841069465
"GTF2H5",-0.0534734869138901
"BOK",-0.0534763676358747
"SPEG",-0.0535144112839925
"CXCR6",-0.0535149366393603
"IL18",-0.0535379086725749
"PPIE",-0.053551340283665
"FAM222B",-0.0535655014966037
"COPS8",-0.0535711156063227
"HINFP",-0.0535716932918789
"RPL13",-0.0535845980480741
"ARL8B",-0.0536552733095169
"TCF21",-0.0536920415874898
"SLC35G3",-0.0537012204925018
"KIF3A",-0.0537141263620589
"CHST3",-0.0537409422372785
"OPTC",-0.0537524378136952
"RGS7",-0.0537567884017476
"GNAT2",-0.0537616028325457
"ADRA1A",-0.053771975331008
"DMRT1",-0.053796194336466
"THEG",-0.0538098496896754
"EIF3LP2",-0.0538490830172024
"PAIP2",-0.0538912461701866
"PILRA",-0.0539010778377963
"GLCCI1",-0.0539084866629502
"ITFG1",-0.0539344503667492
"DIS3",-0.0539414697556957
"FBXO21",-0.0539421113521598
"MCCC1",-0.0539516140801825
"PROKR2",-0.0539657524980814
"PGM5",-0.0539787029582438
"SP5",-0.0540157616190833
"FRMD8P1",-0.0540290461811477
"ZBTB7C",-0.0540456970743026
"EEF1E1",-0.0540757210152214
"CDH1",-0.0541164057025427
"GCAT",-0.0541194363928327
"MYO1A",-0.0541594299703369
"KLK6",-0.054214055926406
"MCEE",-0.0542173894899107
"SOX5",-0.0542480924160399
"ZNF587B",-0.0542517654607669
"MAGEF1",-0.0542615478271268
"KHDC4",-0.0542684237329205
"SRP14-DT",-0.0542698763090846
"ADRA1B",-0.0542719417653135
"LINC01144",-0.054290682275512
"GLRA3",-0.0543010148442524
"BSPRY",-0.0543038174145968
"TLX2",-0.0543042420238704
"UBA6",-0.0543199783742011
"GPSM1",-0.0543203986020713
"DNMT3B",-0.0543297955045323
"CCDC93",-0.054335288886065
"APC",-0.0543548943336993
"TPSG1",-0.0544187414080414
"POGLUT1",-0.0544188866291055
"WNK1",-0.0544272095175383
"LIPH",-0.0544880958241687
"SLC1A3",-0.0544973054780883
"MMP23B",-0.0545071722749865
"ZSCAN30",-0.0545512549550905
"MGC32805",-0.0545568233646545
"UBE2V2",-0.0545692173466901
"SV2A",-0.0545750845014176
"LY6G6D",-0.0545798792100897
"PTGFRN",-0.0546351754003974
"ZNF131",-0.0546442311281383
"MXD3",-0.0546581289809809
"PAQR8",-0.0546846501420363
"MARC2",-0.0546977128522069
"PRKX",-0.0547064510510541
"GMNN",-0.0547091585967285
"CLEC10A",-0.0547160731247852
"CCDC71L",-0.0547261865044772
"TNFSF4",-0.0547565797919863
"ODF4",-0.0547882117179113
"NANOS1",-0.0547913825995276
"SLA",-0.0548331087621998
"SF3B6",-0.0548376038819609
"PLVAP",-0.0548569087456918
"NUMBL",-0.0548653550368447
"CCDC50",-0.0548788866815901
"TMED9",-0.054881198476555
"CRLF3",-0.054910677602386
"RBMX2",-0.0549130122949542
"FOXA3",-0.054918520276748
"SIRPA",-0.0549237764703573
"PLPP7",-0.0549593567267874
"PCDHGA2",-0.0549750475469126
"TMEM233",-0.0549846120859224
"FAM171B",-0.0549933803639218
"SERPINB10",-0.0550238474349408
"C17orf100",-0.0550780251434637
"PGF",-0.0550861501506903
"HIPK1-AS1",-0.0550931493817522
"APEH",-0.0550986910105537
"PKD2",-0.0551134759559956
"ITGA2B",-0.0551284878930446
"RPL35P9",-0.0551289670960706
"MXI1",-0.0551374758097225
"CAMK1G",-0.0551378624919647
"IPO5",-0.0551450941458405
"NKX2-2",-0.0551477085008112
"AMDHD1",-0.0551593385869235
"GMPSP1",-0.0551635569349946
"CDC40",-0.0551707460464726
"LOC101929823",-0.0552028688980357
"CPOX",-0.0552155221756373
"ZNF862",-0.0552301559296421
"HSD3BP2",-0.0552448521865783
"TBC1D22B",-0.0552452990489628
"PCMTD1-DT",-0.0552519014805801
"ATF6",-0.0552820244047402
"GCSH",-0.0552956205029341
"LINC00892",-0.0553045297748608
"SLC41A3",-0.0553082818642403
"AMPH",-0.0553238747475213
"GOLGA7",-0.0553247673670546
"ANP32AP1",-0.0553278934779697
"HEMGN",-0.0553375574869556
"C15orf62",-0.0553419148729246
"ZNF846|LOC100505555",-0.0553419965517599
"SMARCB1",-0.0553876822919658
"RPL17P18",-0.0553904367751807
"ZC3H3",-0.0553922056228267
"ZFTA",-0.0553969295809909
"IGHV3OR16-8",-0.0554029663344524
"ZMPSTE24",-0.0554099011741407
"ZBBX",-0.055421324582371
"TDRD7",-0.0554375783297326
"HMCN2",-0.0554664008249284
"KCTD20",-0.055469963980654
"LAD1",-0.0554728812061146
"OPRM1",-0.0554954862622272
"POLD3",-0.0554991936742735
"MIS18A",-0.0555157952550243
"ANKRD50",-0.055516887284151
"KCNJ3",-0.0555260119894169
"FAM136A",-0.055535810894188
"MMP20",-0.0555371085188361
"SPTBN1",-0.0555376220745378
"SOCS7",-0.0555766661160762
"ARPIN",-0.0555814879089685
"ATOH1",-0.0555911100300972
"LINC02912",-0.0556088144713431
"NT5C3B",-0.0556244249229106
"MAK",-0.0556272608754724
"F5",-0.0556326676112874
"ADH6",-0.055653883090982
"MIGA1",-0.05567997038226
"LOC105369147",-0.0556834513928983
"SRSF5",-0.0556852429341887
"NUP50",-0.0556946877687565
"EIF1",-0.0557006331587945
"FABP1",-0.0557035307152352
"CNOT6",-0.0557180378157919
"AMN1",-0.0557509095302853
"WNT2B",-0.0557890165300688
"PPP1R2",-0.05580483993603
"KRT6C",-0.0558292137424417
"RAB28",-0.0558605292057658
"RPL7AP14",-0.0558863040346892
"PDIA4",-0.0558911688009697
"DPP4",-0.055892352892357
"GFRA4",-0.0558973435347273
"BCL2L13",-0.0559048600303329
"LOC105374758",-0.0559052716841446
"P4HB",-0.0559229249724994
"ATPAF1",-0.0559575439532948
"FHIT",-0.05596603904697
"ANKRD27",-0.0559828707430461
"ARHGAP29",-0.0560014847776851
"LOC101929268",-0.0560044462270813
"CALR",-0.056042406108056
"SMPX",-0.0560425582628204
"FOXB1",-0.056053388816102
"TYRO3",-0.0560984717438316
"GYG1",-0.0561017770901122
"GRM8",-0.0561181034911986
"CEP44",-0.0561443766859832
"LRRCC1",-0.0561528048558274
"SWT1",-0.0561620754097987
"CDCP1",-0.0561633491612622
"TTC23",-0.0561889998853165
"ROPN1B",-0.0561941295527113
"ZC2HC1C",-0.0562006729383268
"KRT74",-0.0562350545721522
"RPL7P48",-0.0562375099852694
"UCP1",-0.0562498824051805
"AP2B1P1",-0.056256668522449
"SOD2",-0.0562784366550439
"LRTM2",-0.0563030427260689
"POLR1F",-0.0563139841430485
"LINC00607",-0.0563227982087939
"HOXB5",-0.0563420663780929
"INTS8",-0.0563589803366566
"CSF2RA",-0.0563839921835747
"CYS1",-0.056395502040147
"CBLC",-0.0564280416241279
"TMEM184B",-0.056437899263066
"MAN1A1",-0.0564623249705662
"GAD1",-0.0564699720491782
"ARC",-0.0564735666007202
"CYSLTR2",-0.0564832953477388
"RSPH3",-0.0565038009482833
"VAC14",-0.0565062717274819
"KCNA6",-0.0565182335562304
"RFLNB",-0.0565320177573015
"RHAG",-0.0565678136759654
"NAGS",-0.0565818628097216
"TOM1L2",-0.0565879827993032
"NFE2",-0.0566012892686822
"USP7-AS1",-0.0566153846153846
"JMJD6",-0.0566190437380662
"LINGO3",-0.056631277221071
"POU2F2-AS1",-0.0566634392497942
"ZFR2",-0.0566650657087475
"MEX3A",-0.0566886442134052
"FXYD5",-0.0566992525327552
"ZNF845",-0.0567333901432466
"MROH2B",-0.0567366100183863
"OR2J1",-0.0567608374848989
"DPF1",-0.0567833880222893
"IL17RE",-0.0567835333125804
"MAGEA1",-0.0567905400790814
"CHRND",-0.0568077822521004
"HNRNPLP1",-0.0568111306507797
"AADAC",-0.056819805068732
"CA5AP1",-0.0568247590906453
"PRG4",-0.056827378268643
"POU3F4",-0.0568361043626098
"TAP2",-0.0568604945755894
"IL22RA2",-0.0568734098580097
"FUT7",-0.0568904084256583
"PRR13",-0.0569075801415098
"CRHR2",-0.0569609868135712
"LYRM9",-0.0569668187086864
"TAS1R2",-0.0569773480560521
"R3HCC1L",-0.0569788334717684
"ZNF248",-0.0569904208122744
"ASB16",-0.0570148783850549
"POLR3K",-0.057036134544853
"ITGBL1",-0.05704467963676
"KNSTRN",-0.0570783106168751
"CPLX4",-0.0570821869334907
"WNT6",-0.0571200659374531
"HPR",-0.0571242302589877
"EBI3",-0.0571736574980187
"PRIM2",-0.0571941508356386
"RPS2P29",-0.0571995891511081
"PIH1D1",-0.0572725554178159
"RIT2",-0.0572963685779595
"NUP107",-0.0573138927720266
"IYD",-0.0573479489164034
"KLRD1",-0.0573529338181062
"MREGP1",-0.057384063556178
"DKK2",-0.0573887223785503
"MAP2",-0.0574181064693064
"IRS4",-0.0574190938348451
"CHIC1",-0.0574390527157282
"ZNF808",-0.0574511785025246
"NDUFA7",-0.057475027596531
"TPRXL",-0.0574781637131245
"IL6",-0.0575269090326065
"ACVR1C",-0.0575336750552263
"RFX5",-0.0575340818552798
"ATP2B3",-0.0575548286925076
"VMAC",-0.0575782297567224
"ULBP3",-0.0575809987496708
"TXNDC11",-0.0575979443450241
"YPEL2",-0.0576052179167255
"HARS",-0.057607531876483
"IFT80",-0.057607742612377
"NPAS2",-0.0576143764949065
"ZNF383",-0.0576216157605124
"PADI4",-0.0576413567150301
"CCDC185",-0.0576470512308198
"OR51B5",-0.0576520072381328
"ZBTB21",-0.0576671113335039
"ZNF333",-0.0576672461939689
"STX18P1",-0.0577110744690579
"CASP6",-0.0577121649297608
"DPP10-AS1",-0.0577313428667612
"HDAC9",-0.0577324890015242
"POLR3D",-0.0577466599065973
"CTSB",-0.057761891997588
"KCTD16",-0.0577643728650965
"CDKN2B",-0.0577743683356604
"FES",-0.0577824594773975
"LAMTOR5",-0.0577881811180943
"UQCRQ",-0.0578317448811971
"ASAH1-AS1",-0.0578677542285752
"CCNB3",-0.0578734074926428
"GTF2H2",-0.0578736060941048
"POLL",-0.0578926381471119
"LRPPRC",-0.0578933614612791
"NOX3",-0.057907180423113
"COMMD1",-0.0579094349907985
"FOXN3",-0.0579344842610127
"MKX",-0.0579648717578985
"SRY",-0.0579704941128307
"PIK3R6",-0.0579736639724984
"POLM",-0.0579763558996129
"AP3M1",-0.0579784185995585
"RPSA2",-0.058
"RBM33-DT",-0.0580152412055178
"ACADS",-0.0580287802699745
"RFPL4AP1",-0.0580678043403877
"LYSMD2",-0.0580724747855026
"RPL36AP46",-0.0580903611073698
"SLC7A9",-0.0581528203670842
"TBC1D23",-0.0581547022495498
"TKTL2",-0.0581565683829032
"SLITRK5",-0.0581704361239968
"KCNJ11",-0.0581872126423952
"DIP2B",-0.058205279328413
"OTOGL",-0.0582069155376764
"FCMR",-0.0582345305954809
"JADE1",-0.0582806160095984
"MTMR8",-0.0583077711830646
"RDH12",-0.0583137793262269
"MAP3K14",-0.0583284068002617
"CHRNA6",-0.0583411955224522
"TOMM70A",-0.0583728057931799
"RNASE1",-0.0583758121523133
"LASP1",-0.0583795289874066
"C4orf45",-0.0583840829280189
"DSC2",-0.058408819122064
"CDR2L",-0.0584163737456534
"EN2",-0.0584459800260916
"IRF5",-0.0584540561012437
"KCNK12",-0.0584618636753833
"RBSN",-0.0584634805935808
"USP12",-0.0584667194395312
"GPD1",-0.0584837333650139
"CMC1",-0.0584972512908667
"KLK14",-0.0585039105269428
"LINC00602",-0.0585278106582665
"SERPIND1",-0.0585768554716896
"TFDP3",-0.0586220708405412
"CCL11",-0.0586222502055818
"DIO1",-0.0586248408739454
"INSM2",-0.0586293827926712
"OR7E109P",-0.0586631950556238
"TOR1B",-0.058693530832574
"EYA2",-0.0586960581370562
"COX6B1",-0.0586990136021997
"DPP10",-0.0587167078486067
"ZDHHC13",-0.0587317862085791
"IFIT5",-0.0587380417739025
"CHRNA4",-0.058745932999417
"BBS2",-0.05879994094482
"COX16",-0.0589019488922821
"ATRIP|ATRIP-TREX1",-0.0589345084322348
"FABP5",-0.0589618430416548
"SLC39A9",-0.0589634936707692
"ANPEP",-0.0589710866552741
"ICAM5",-0.058999784629274
"LOC645397",-0.0590038313100791
"GPR3",-0.0590307746444938
"BLVRB",-0.0590546976774365
"RHOV",-0.0590569276330715
"CDH7",-0.0590644171664707
"SALL4",-0.0590680190104533
"DDX25",-0.0590865558827654
"RWDD2B",-0.0591238401659064
"RCL1",-0.0591324511177328
"SGIP1",-0.0591414070353545
"SAMHD1",-0.059156357924127
"CHDH",-0.0591973377432646
"ZNF354C",-0.0592272321047601
"SIAH3",-0.0592447345372382
"WDR72",-0.0592768931769858
"EIF4A2",-0.0592950413599219
"SHBG",-0.0593488846858868
"BRCA2",-0.0594208632705383
"NKX1-2",-0.0594324662155596
"SH3KBP1",-0.0594394889976586
"C1orf112",-0.0594498183857311
"TRAPPC2L",-0.0594995105814521
"PPP2R1B",-0.0595598544144575
"CRYBG3",-0.059562870468091
"EXT2",-0.0595939291424246
"ZC3HAV1L",-0.0596382899689305
"TRPT1",-0.0596427419183074
"VEZT",-0.0596429579795148
"ZFP69B",-0.0597019000981317
"DPH6",-0.0597196142791114
"LSM6",-0.0597292949957743
"TMX2-CTNND1",-0.0597408297429816
"CDIP1",-0.0597600007107049
"APTX",-0.0597633032236147
"WDR12",-0.0597767039607914
"RPL21P16",-0.0597784770204822
"AKNAD1",-0.0597925696228614
"GARIN4",-0.0598759522617875
"COMMD9",-0.0598986270877717
"TMX2",-0.059902276197186
"ATP6",-0.059916475744055
"ARHGDIG",-0.0599218808919435
"CEP76",-0.0599394593524345
"UGGT2",-0.0599440178618887
"SPATA6",-0.0599534428548396
"KLHL8",-0.0599617710042148
"FGFBP2",-0.0599757582871084
"HADH",-0.060001436137258
"ATP6V0B",-0.0600209392995407
"PLOD1",-0.0600352978290962
"CANT1",-0.0600849025498084
"USP24",-0.0600856838535501
"OASL",-0.0601084607600322
"MAP3K10",-0.0601215154771156
"GJB7",-0.0601313936892529
"SLC17A1",-0.0601367380929208
"GLIPR1",-0.0601428063882811
"LOC107986412",-0.0601684708418285
"IGFL2",-0.0602212494752075
"RBP3",-0.0602416849221261
"HSPBAP1",-0.0602514184526629
"WWP1",-0.0602559270934561
"LINC01993",-0.060256021345956
"IGKV2D-29",-0.0602608310828388
"PI15",-0.0603049108159516
"COTL1",-0.0603050235826088
"SNTG2",-0.0603211068755315
"NR2E3",-0.0603291960903523
"DDR2",-0.0603364488861851
"GC",-0.0603476846135054
"LRAT",-0.0603606567816005
"CENPBD2P|RPL23AP79",-0.0603703471828197
"THBS4",-0.0603736893431319
"GID4",-0.0603856986104538
"JMJD1C-AS1",-0.06043227997366
"TESC",-0.0604627649346245
"PRAMEF17",-0.0604836539952496
"LAMA1",-0.0605056693640768
"TAGLN2",-0.0605060737128243
"MLANA",-0.0605126549318241
"IGSF6",-0.0605137420283727
"GULP1",-0.0605173859855363
"OSGIN2",-0.060540760809345
"PNLDC1",-0.060547936046423
"NOD1",-0.060548775592284
"NOX1",-0.0605592955943829
"CHL1-AS1",-0.0605875542876663
"ZNF277",-0.0605947370053213
"EPPIN-WFDC6",-0.060610746224007
"SCRT2",-0.0606127493128364
"BMPR1A",-0.0606154619968891
"IRAK1BP1",-0.0606765224002265
"GBP5",-0.0607066654025644
"HARBI1",-0.0607237854579049
"GRIP1",-0.0607251220095597
"KRT8P46",-0.0607265660824777
"ZNF626",-0.0607343156199848
"ORMDL2",-0.0607752991965079
"OR10G8",-0.060778146585688
"C2orf74-DT",-0.0607919885001268
"FAM88B",-0.0608073848482641
"DES",-0.0608583455867795
"BMP1",-0.0608671081259408
"LYPD6B",-0.0608995105756658
"TIMMDC1",-0.0609011919579421
"DNAAF2",-0.0609069532201562
"SBSN",-0.0610277700958486
"OR10J5",-0.0610375522991388
"CRYBB2",-0.0610546988031052
"SBF2",-0.0610548896529829
"LDLRAD3",-0.0610565000207851
"L1CAM",-0.0610569921394664
"ZNF628",-0.0610584186993303
"CSRP1-AS1",-0.0610628577898062
"CLCN6",-0.0610832091820893
"RALB",-0.0610842401659935
"SMIM32",-0.0610891142110842
"FRG1CP",-0.0610940901692996
"CYB5B",-0.0610999875994769
"ATP2A3",-0.0611002174629816
"CCDC65",-0.0611049406655747
"PDCL2",-0.0611255871703075
"TECTB",-0.0611455428154574
"JAKMIP1",-0.0611474138072346
"RPL7P56",-0.0611602861680485
"IL6ST-DT",-0.0612232169162188
"COL25A1",-0.0612677755126187
"ELAVL2",-0.0612866592427661
"MYNN",-0.0612906356013891
"PTPRC",-0.0613098582159197
"TH",-0.0613155039154704
"CHPT1",-0.0613486668046213
"FBXL15",-0.0613622030168958
"HAS1",-0.0613623848084487
"CX3CR1",-0.0613789566706229
"GP2",-0.0613791495376295
"ZNF644",-0.061386955401594
"HAVCR1P1",-0.0614020390421635
"MCM8",-0.0614343792393414
"HACD3",-0.0614646906741376
"ZNF160",-0.0614652102440493
"SLC16A11",-0.0614759770202619
"PRSS12",-0.0614806391740373
"ANKRD13A",-0.0615019434171148
"CEPT1",-0.0615363801694146
"LARP4B",-0.0615390448348996
"CFL2",-0.0615460887619962
"POLA2",-0.0615699316210628
"PIK3CD",-0.0615825892670047
"FGL2",-0.0616000779277828
"OR4A15",-0.0616230432077409
"LINC01834",-0.0616455925091026
"MTND2P28",-0.0616519331048975
"IGFBP7",-0.0616687222157652
"TEX44",-0.0616927741884234
"FUT6",-0.0617002215044827
"ATG4D",-0.0617040929544901
"IFIT1B",-0.0617144804633366
"COX7B",-0.0617573381987509
"HIC2",-0.0617725579534802
"TAS1R1",-0.0617889369556484
"UGT3A2",-0.0617970027967171
"TMPRSS4",-0.0617994790926351
"ANKS6",-0.0618014527533185
"RARS",-0.0618122660398346
"AHI1",-0.0618127184659032
"IGSF8",-0.0618208299954153
"ATP5PB",-0.0618309909162595
"PTCRA",-0.0618350935550489
"CST9L",-0.061880599320886
"TMEM88",-0.0619124937837329
"ZFYVE1",-0.0619600263109979
"CD300LG",-0.0619680808691359
"CTR9",-0.0619753735926662
"HYAL3",-0.0620219054076311
"PVALB",-0.0620220166652944
"T",-0.0620259385432242
"NDUFS1",-0.0620324354833264
"USP21",-0.0620392421998616
"DUOXA1",-0.0620463706618116
"PSG8",-0.0620472545108736
"NDUFB6",-0.0620593794728435
"TMEM62",-0.0620729397283637
"MALT1",-0.0620880095033123
"IL37",-0.0621077125418985
"LAMA4",-0.062124729839355
"LOC100288510",-0.0621609087266251
"TPGS2",-0.0621768119799314
"TRAPPC9",-0.0621807984641866
"OIP5-AS1",-0.0621892056345
"PABIR3",-0.0622157272908824
"CRK",-0.0622350506127207
"NEBL",-0.0622696955150527
"RYK",-0.0622737214647402
"INSIG2",-0.0622797285866049
"RPL10A",-0.0622850280353377
"C5",-0.0623408031065091
"FRY",-0.0623583463798037
"ZNF615",-0.0623588791919912
"ATOX1",-0.0623632526194807
"ZNF781",-0.0623812677972499
"OR1D5|OR1D4",-0.0624079636519808
"NT5M",-0.0624375122930072
"MOSPD1",-0.0624392336813754
"TENT4B",-0.0624656337674644
"SVEP1",-0.0624659193577241
"ACOT12",-0.0624792865646741
"TULP2",-0.0624942696700915
"MYPOP",-0.0625098651124667
"BTBD16",-0.062516752148257
"TEX47",-0.0625183425057401
"GLIPR2",-0.062520438813759
"TUBB7P",-0.062527664036061
"DPM2",-0.06253437368113
"GPR6",-0.0625578424527099
"NEIL3",-0.0625652399219675
"GANC",-0.0625677731843107
"ARHGAP35",-0.0625774092525838
"GFAP",-0.0626053612833861
"GPR32",-0.0626139300383555
"WDR93",-0.0626172013713088
"LOC105374428",-0.0626187260778632
"SP110",-0.0626277726359453
"PSMC1P4",-0.0626284251235543
"ADAMTS4",-0.0626414061750031
"TMPRSS11D",-0.0626647276168179
"TRIM50",-0.0626854235119056
"PTTG3P",-0.0627080183508006
"NXT1",-0.0627161203221341
"STRBP",-0.0627203221745255
"LYZL4",-0.062742736585789
"AK2P1",-0.062755915565879
"CAPN9",-0.0627816137852519
"SEPTIN7P11",-0.0628188114706285
"DHCR7",-0.0628228481315132
"KRT18P62",-0.0628233325558591
"PSMA8",-0.0628289332264016
"GARS",-0.0628309273367962
"YEATS4",-0.0628322376625933
"OR10J3",-0.0628404422334518
"TXNL4A",-0.0628470034080312
"KNOP1",-0.0628575403411024
"RNF144A",-0.0628746375457466
"HIST1H1T",-0.0628885983338546
"PXMP2",-0.0629038024988137
"EMC2",-0.0629092727641828
"RAP2C-AS1",-0.0629413319568899
"PRKCQ-AS1",-0.0629537877774486
"PPP1R3D",-0.0629645919432196
"SPATA4",-0.062967205473324
"AOAH",-0.0629686339655637
"CCR9",-0.0629933636528943
"MRPS12",-0.0630101716817681
"GDF7",-0.0630532098918605
"B3GALT5",-0.0630558249898781
"SPCS2",-0.0630644865438268
"ZNF3",-0.0630665174977789
"GALNT1",-0.0630774107577032
"B3GLCT",-0.0630799008823592
"FIGNL1",-0.0630852161061332
"CNGA3",-0.0630944079724434
"NINJ2",-0.0631158587799016
"ABHD13",-0.0631247810394484
"MINDY1",-0.063148869977214
"FAM50B",-0.0631577730364299
"LOC100288233",-0.0631756517114663
"TRG-AS1",-0.063188336644928
"SGCZ",-0.06319454705886
"ACKR2",-0.0632107068699559
"LFNG",-0.0632112105799914
"TTC17",-0.0632138429569804
"SPOUT1",-0.0632346286236797
"PCDHAC1",-0.0632626563861974
"TLR8",-0.0632750924983562
"MISP",-0.0632795676333306
"LHX4",-0.0632931502972779
"RPS26",-0.0632978403677559
"CTSW",-0.0633223999878576
"RASSF9",-0.0633258176582583
"SDC2",-0.0633342091666004
"SMURF2",-0.0633454029363596
"ACTN1-DT",-0.0633534323803662
"APOO",-0.063372910258109
"LNX1",-0.0634545578372667
"MTAP",-0.0635001154973348
"GABRB2",-0.0635292609833746
"ZBTB34",-0.0636085031779993
"PLPP6",-0.0636347168620373
"PGM2",-0.0636347391999441
"CEP131",-0.0636552283018962
"RPS15P6",-0.0636867451170886
"KPNA3",-0.0636878427701418
"EXOC6",-0.0637184227921099
"AMZ2P1",-0.0637476460669087
"CIPC",-0.063754475143559
"BOD1",-0.063767862957869
"ACVR1",-0.0637715072125935
"SPDYE1",-0.0637760646346524
"FBXO17",-0.0637849885010153
"PLPP2",-0.0637885934265104
"ACTL7B",-0.063799366718939
"ZFP30",-0.0638096138451117
"HSPB2",-0.0638124829786508
"SYDE2",-0.0638193783146769
"PCSK6",-0.0638417558402232
"EVI5L",-0.0638477618507569
"CYP1A2",-0.0638819873146705
"COX6A2",-0.0638940256208296
"TMOD2",-0.0639146890920139
"RPS11P5",-0.0639542518138936
"KRT38",-0.0639679662710222
"MGAT2",-0.0639777710176025
"PPP1R8",-0.0640389941843705
"ST5",-0.0640485856014717
"INHBB",-0.0640647998901518
"MYO1G",-0.0640796433167541
"FAT3",-0.0640798741719742
"GVINP1",-0.0640836839796634
"IL1RN",-0.0641063202960859
"PRKCH",-0.064112766839223
"ASB8",-0.0641461415837995
"TRNAU1AP",-0.0641929048922261
"CDC7",-0.0642379913549194
"HAO2",-0.0642432238280481
"H4C15",-0.0642664964847074
"IL1F10",-0.0642711099814324
"IL31",-0.0642750482030712
"OLFM1",-0.0642808578689618
"SLIT2-IT1",-0.064344564551913
"CHCHD10",-0.0643766102950176
"SLC25A34",-0.0643806587199117
"NEUROD1",-0.0643898200546223
"DOK7",-0.0644103354919907
"ZNF778",-0.0644222948164393
"IL1RL1",-0.0644470962157776
"NDUFB2",-0.0644619775380787
"PCDHGA7",-0.0644770467992842
"LOC101929172",-0.0644772150961614
"MAPK8IP1",-0.0644813059902066
"ZNF132",-0.0645192881692564
"GALNT6",-0.0645287896578692
"AVPR1A",-0.064530359588733
"ARHGAP26",-0.0645519314342536
"IVD",-0.0645812577480918
"DEFB119",-0.0646229979853529
"KLHL4",-0.0646306310055451
"RPL35P5",-0.0646905509096533
"HIBCH",-0.0647051479501717
"FUZ",-0.0647222994084896
"KCNH1",-0.0647292156271302
"CERS4",-0.0647494686058817
"ACVRL1",-0.064754795192052
"ZNF271P",-0.0647606525438752
"ABCF2",-0.0647707233312908
"TNFAIP8",-0.0647723891153759
"HSD17B2",-0.06477737473062
"SHE",-0.0647898603892109
"SPRR2D",-0.064791978004048
"MACC1",-0.0648030498002123
"BRINP1",-0.0648357263520908
"BBS7",-0.0648847796699677
"VWA7",-0.0648860418204019
"WIPF1",-0.0648870993786883
"ECM2",-0.0649244276540835
"GPAA1P2",-0.0649261434872868
"TM7SF3",-0.0649309086295966
"TLCD2",-0.0649434349188024
"SNRPEP9",-0.0649593590311914
"SKAP2",-0.0649722490644946
"DENND2B",-0.0649732906997308
"SLC26A1",-0.0649977978091202
"SLC12A1",-0.0650024186851988
"ZDHHC2",-0.0650142947459961
"GPR88",-0.0650392493218565
"SH2D5",-0.0650468361010167
"MKRN1",-0.0650478469115355
"ANKRD44-AS1",-0.0650950942414556
"CAPN7",-0.0651669566971389
"HEATR3",-0.0651827558709547
"ABHD8",-0.0652032382687545
"CHRNB2",-0.0652157180207374
"MMUT",-0.0652176584203018
"NTRK3",-0.0652759690269452
"ATG5",-0.0652984941376325
"EPPK1",-0.0653002867696815
"ZNF24",-0.0653278028589771
"GRIN2D",-0.0653290029292106
"BTN3A1",-0.0653299006759612
"SCRT1",-0.0653308755337084
"IRX4",-0.0653538407093414
"MYCBP",-0.065378263364014
"FZD10-AS1",-0.065435783277789
"PYDC1",-0.0654689914905742
"MYT1",-0.0654757905230345
"EIF3EP3",-0.0654816437250003
"RPL10P9",-0.0654972612507633
"YBX2",-0.0655169301954272
"LACC1",-0.0655305374056982
"HSCB",-0.0656028966912229
"PPP3R1",-0.0656090240400158
"SELENON",-0.0656340661119746
"POLR1E",-0.0656476142806933
"MTX1",-0.0656679053569484
"CXCR5",-0.0656909517972242
"CBR4",-0.0656979056104695
"EPB41L5",-0.0657339439346872
"MRPS28",-0.0658002515283677
"RERG",-0.0658305862846403
"CD320",-0.0658360683874497
"TXNDC15",-0.0658428516289558
"SLC30A9",-0.0658552421852554
"AKAP3",-0.0658573078500885
"IGFBP2",-0.0659403725798249
"CD72",-0.0659419808326911
"SEC23B",-0.0659701937078789
"ZNF517",-0.0660051644086264
"FUNDC1",-0.0660462845024073
"PDE6C",-0.066046824244914
"SLCO1B3",-0.0660974093203234
"PLPPR3",-0.0661175275011608
"SERPINB13",-0.0661210843739882
"GRIK4",-0.0662250891982351
"FUT8",-0.0662431304225406
"NEUROD2",-0.0662637575261155
"RABIF",-0.066273881408482
"WLS",-0.0662745947678462
"H1-5",-0.0662931343861711
"FKRP",-0.0662949944725926
"GATA2",-0.0663196045707931
"HES1",-0.0663222118513653
"CCDC166",-0.0663521296368181
"SYT15B",-0.0663624166706919
"ST6GALNAC1",-0.06645293027125
"MAT2B",-0.0664816078151894
"COPG2",-0.0664863702290417
"MAP3K2",-0.0665043055236667
"APBB2",-0.0665137216246265
"SATB1",-0.0665179986750879
"HTR7",-0.0665589741726603
"TAF9B",-0.0665657592476573
"ST3GAL1",-0.0666265124293019
"AGPAT1",-0.0666316224044625
"POLB",-0.0666550781114267
"STX7",-0.066672072662379
"ALKBH4",-0.0666836382356728
"ELAVL3",-0.0667335951420576
"MEIOC",-0.066745631622617
"ERBB2",-0.0667472886394133
"PCBP3",-0.0667481635218407
"EIF3M",-0.0667499585398233
"STRA8",-0.0667598265907799
"SNAP91",-0.0667827417467532
"GUCA1C",-0.0667856428207809
"ERICH6",-0.0667910150016251
"P2RY6",-0.0668212928115102
"MRPL13",-0.0668248866285528
"ERAS",-0.0668788418058113
"CEP68",-0.0668894730196671
"DHH",-0.0668968191702497
"PPA1",-0.0669201303628434
"ZNF764",-0.0669208298784907
"RFTN2",-0.0669286141018378
"SPACA9",-0.0669316291799738
"MDH1",-0.0669557609602503
"PAPOLA",-0.0669576716854423
"CACNA1F",-0.066986541990937
"PCGF5",-0.0669909446686
"TIFA",-0.0670083153014256
"CNTN2",-0.0670605989641254
"PDK3",-0.0670675410498846
"FGF21",-0.0670729766078727
"LRRN4",-0.0670790736685427
"MON1B",-0.0671085267803439
"TSPAN6",-0.0671215263830152
"SMTN",-0.0671401558349585
"USP18",-0.0671484983899434
"LIFR-AS1",-0.067148692663154
"FOXJ1",-0.0671579167803828
"TNFRSF10C",-0.0671682700273038
"TMEM273",-0.0671763051017808
"NKX2-8",-0.0671819928078009
"CDH9",-0.0671986622873086
"ONECUT1",-0.0672263416848478
"TMEM128",-0.0672353288632883
"LIPE",-0.0672392566026484
"LOXL1",-0.0672510305289256
"BICD1",-0.0672548021704247
"LINC02078",-0.0672594199294623
"PKN3",-0.0672628497830682
"DNAJC27",-0.0673093399204267
"FBXO33",-0.0673239152163778
"SLC25A30",-0.0674212428431815
"LYZL1",-0.0674230943152401
"RNF17",-0.0674633931518292
"RPL26P32",-0.0674674229924963
"MRPL11",-0.0674831520950274
"SRP19",-0.0674873770125062
"ADAMDEC1",-0.067493296051708
"N4BP1",-0.0675037766002581
"ANKFY1",-0.0675047557014147
"CLDN11",-0.0675426063921709
"OAS3",-0.0675666989594589
"FOXI1",-0.0675763073087291
"GABRA3",-0.0675839840408811
"DPP6",-0.0675864630455276
"WDR48",-0.0675973948552212
"GSTM1",-0.0675985103571024
"IGKV1-5",-0.0675985478241789
"EEF1B2P5",-0.0676054925600984
"ANGPT2",-0.0676287024372909
"FGFRL1",-0.0676331539957066
"SLC39A3",-0.0676484573801846
"SHCBP1",-0.0677101296814617
"IL2RB",-0.0677194215243566
"RPS2P46",-0.0677223945170579
"TMEM38B",-0.0677420879328343
"ME1",-0.0678128316480087
"ETV7",-0.0678695310698625
"IL1R1",-0.0678838606070615
"APOL3",-0.0678917017658448
"PLEKHN1",-0.0679141654363686
"LINC02359",-0.0679153594370314
"ZNF572",-0.0679155870296628
"OPN1SW",-0.0679167636603018
"RCAN2",-0.0679633055658906
"SNF8",-0.0679655786739701
"NLGN4Y",-0.0680080292136566
"TCP11L2",-0.0680184946513839
"FAF1",-0.0680618218854502
"LMTK2",-0.0680829875122423
"ADCY7",-0.0680962824422547
"CREB1",-0.0681042103894816
"SLC38A4",-0.0681209592670056
"BLOC1S6",-0.0681437111719971
"PDZK1",-0.0681809052508529
"TAF5",-0.0681825764743422
"TM9SF3",-0.0682552606396209
"GPCPD1",-0.0682868087727853
"BTBD11",-0.0682891534217027
"RABEP1",-0.068316632363572
"NAA50",-0.0683651323216245
"RPP38",-0.0684165979531737
"ZNF800",-0.0684591376933931
"TTTY12",-0.0684614980909437
"ZHX2",-0.068484425209734
"SOX9",-0.0684850050260976
"SLURP1",-0.0685116902564249
"LINC00309",-0.0685180267660952
"TRMT5",-0.0685324163733331
"OR9G1",-0.0685474735814123
"COPS3",-0.0685613592626505
"DMBX1",-0.0685735348614988
"CCP110",-0.0685866625514094
"BCOR",-0.0685891459479629
"CSN1S1",-0.0686101364534295
"KCNK4",-0.0686371488736084
"LCT",-0.0686694395867101
"PARP11",-0.0686708475320139
"DDN",-0.0686884742775206
"GPR137B",-0.0687046085001809
"EMX2OS",-0.068707514771799
"GEN1",-0.0687482014166414
"OLR1",-0.0687619936533279
"LCE1B",-0.0687653695509844
"LINC01354",-0.0687986318084639
"ANKRD36C",-0.068801291465214
"RPL23P5",-0.0688137767575725
"OR2K2",-0.0688475126349564
"RCN3",-0.0688513665961128
"URM1",-0.0688551804536843
"LOC101927060",-0.0688563035009138
"EIF2AK3-DT",-0.0688611350809069
"KRT72",-0.068878836572976
"UPK2",-0.0689072086823818
"RPL9P16",-0.0689161962996252
"MCUB",-0.0689173203119956
"C1orf116",-0.0689247184688417
"PLA2G2C",-0.0689255119840147
"SLC27A6",-0.0689368814961613
"CCDC90B",-0.0689452254400454
"THNSL1",-0.0689889389312213
"ZNHIT3",-0.0689942981807767
"LIPF",-0.0689976520705629
"FILIP1L",-0.0690085447972906
"TRIM10",-0.069028433721648
"AZGP1",-0.0690436450071307
"CLDN1",-0.0690473266151836
"TRBC2",-0.0690795018829958
"USP26",-0.0690850911449807
"PRDM4",-0.0690913337609666
"INPP4A",-0.0691069257558008
"IPO11|IPO11-LRRC70",-0.0691119936334358
"ACKR4",-0.0691380001080374
"SFXN4",-0.0692140093038409
"TMC2",-0.0692205267197509
"HRH1",-0.0692346140040561
"FAM118A",-0.0692486094161639
"KLHL20",-0.0692534542951052
"WNT2",-0.0692999722532969
"JTB",-0.0693077420740754
"GIMAP8",-0.0693329172016931
"KCNK7",-0.0693539700930098
"RPTN",-0.0693645411854329
"MUC15",-0.0693726736196022
"TRPC7",-0.069373658651753
"SIAH2",-0.0693748027706677
"TEKT2",-0.069392439533536
"DENND2D",-0.0693978535625265
"MTCO1P12",-0.0693992687764899
"DUSP11",-0.0694057605742893
"RAB11FIP1",-0.0694185506533659
"YPEL3",-0.0694212582247798
"ST3GAL6",-0.0694286190684197
"PRSS58",-0.0694936063212789
"ALX4",-0.0695238832351979
"SLC25A33",-0.0695260685996994
"THRAP3P1",-0.0695317111402733
"P2RY12",-0.0695503330365535
"TSPAN9",-0.0695876162874263
"CDC42EP2",-0.0696135406307428
"ADGRA2",-0.069626915759879
"GNG2",-0.0696470166792111
"RRNAD1",-0.0696589054089033
"MAP3K8",-0.069675041851287
"KRBOX5",-0.0697276568737709
"FGGY",-0.0697618202955163
"BGN",-0.0698065195701505
"LINC02614",-0.0698098936824986
"MAPKAPK5",-0.0698350655876016
"FAM45A",-0.0698439601376764
"CALML4",-0.0698455669350002
"IZUMO4",-0.0698498194320214
"TLR9",-0.069860779410788
"CCDC122",-0.0698687835818915
"SAMD3",-0.0698741961244206
"FAM92A1",-0.0698796778898271
"MFAP3",-0.0698934033144049
"EPYC",-0.0699005859669634
"PDLIM2",-0.0699021289309396
"DLX3",-0.0699361956404067
"ISY1-RAB43",-0.0699608704863156
"DPF3",-0.0699738260667342
"TDGF1P3",-0.0700205500453537
"RALBP1P1",-0.0700246324932507
"LOC554206",-0.0700334190624032
"SNED1",-0.0700436242606635
"CADPS",-0.0700573101532846
"FAM102B",-0.0700769587001199
"USF3",-0.0700824006941683
"FGF2",-0.0700993534211877
"MEAF6",-0.0701193566438819
"DLEU7|DLEU1-AS1",-0.0701580538527942
"HOXD8",-0.0701939545549082
"TEX26",-0.070197214187741
"IQGAP3",-0.0702072424435561
"CDRT4",-0.0702112409980588
"CNOT9",-0.0702137334512196
"CERT1",-0.0702326348222544
"MGST2",-0.0702369320927717
"CLDN10",-0.0702478399094816
"ZNF320",-0.0702630803258363
"BUB1B",-0.0702840275237249
"KRT4",-0.070297734165345
"RNF43",-0.0703494361023757
"TSPY12P",-0.070357012589296
"PARP1P1",-0.0703774890867006
"FUCA1",-0.0704093659077131
"FNDC8",-0.0704176254585688
"TMEM39A",-0.0704260133608037
"PIEZO2",-0.070428813994646
"SERPINB2",-0.070432372821895
"KARS",-0.070453705853347
"TFR2",-0.0704703283073426
"ZNF665",-0.0704922979548015
"ZBTB38",-0.0704923898444904
"ZKSCAN3",-0.0704985907740489
"ZNF329",-0.0705548144380205
"GKAP1",-0.0705596990779697
"USMG5",-0.0705702667684507
"TMEM267",-0.0705910849625354
"PLCZ1",-0.0706272647330061
"KIFC1",-0.0706298802641486
"OTUD1",-0.0706533891466834
"RTN4RL1",-0.0706672286833565
"CUX2",-0.0707197868679769
"LINC00525",-0.070725305031929
"KLHL26",-0.0707402006125433
"SNX8",-0.0707650295483981
"CLDN8",-0.0707651772091708
"PKP3",-0.0707817886386143
"S100Z",-0.0707850539860368
"MYRF",-0.0708034418001543
"BTD",-0.0708165130793098
"CLRN3",-0.0708183041698457
"ZNF317",-0.0708507320622235
"LINC00205",-0.0708629293769461
"GABPB1",-0.070868628946354
"LINC00626",-0.0708797436887663
"PRPH2",-0.0708804907541513
"CARTPT",-0.070887779134928
"DYDC1",-0.0709116116894225
"LRFN5",-0.0709165865047494
"BHLHB9",-0.0709237376976002
"GDF11",-0.0709347076239808
"PLAC1",-0.0709544375346271
"NUP37",-0.0709834290102051
"RIPK4",-0.0709964017128076
"SEC22B",-0.0710095661448477
"CDC26",-0.0710326835789354
"CRABP1",-0.0710369207502974
"DCAF12",-0.0710469087095813
"RPL19P4",-0.0710787093069455
"PSD",-0.0710790058382452
"B3GNT2",-0.0711127492502485
"LINC00364",-0.0711138297682598
"RAD51C",-0.071145832548646
"DNLZ",-0.071171578494291
"GTSF1L",-0.0712018275687963
"STXBP4",-0.0712282142025237
"UQCR10",-0.0712550053285486
"OR4X2",-0.0712747215438831
"CDC20B",-0.0712793085693208
"CPA2",-0.0713175976835619
"GFRA3",-0.0713202144219095
"CRYAA",-0.0713357880360953
"NKG7",-0.0713433116942285
"SLC16A12",-0.0713662496381025
"IRF2BPL",-0.0713662645728009
"MENT",-0.071366997487031
"TOMM7",-0.0714260769208315
"EFNA2",-0.071435526570235
"CATSPERG",-0.0714588832159232
"KRTAP10-10",-0.0714673729497317
"FBXO41",-0.0714734795878017
"ZNF766",-0.0714736172464934
"TUSC3",-0.0714875501804852
"KCNQ2",-0.071509591819059
"EPC1",-0.0715100855179776
"ZDHHC24",-0.0715113330261699
"GIPC3",-0.0715188077406574
"FOXD1",-0.0715725871691547
"SLC6A17",-0.0715830344458975
"G2E3",-0.0716021962989478
"MORN2",-0.071612403735741
"CACNG1",-0.0716167855191069
"ZNF296",-0.0716552671559605
"LAT",-0.0716694937790893
"FLT4",-0.0716877340440516
"MAP1LC3C",-0.0717368035434263
"LMX1A",-0.0717437777573674
"PDE3B",-0.0717602605894308
"LPAR1",-0.0717619295271087
"GPX6",-0.0718043907914134
"PLS1",-0.0718065069156787
"DCC",-0.071812363165029
"DYRK3",-0.0718190158282296
"SPTLC3",-0.0718200989314199
"IFNL2",-0.0718260822853312
"LRRC8B",-0.0718282773296351
"HOXC-AS2",-0.0718437628930445
"YIPF1",-0.0718624073099517
"DNASE1L2",-0.071867073226358
"ITPKB",-0.0718701248784477
"MB21D2",-0.0718753687839282
"BMF",-0.0718759277604504
"TPD52L2",-0.0718823354403293
"SCNM1",-0.0718876708845507
"STK4-DT",-0.0719406290736139
"SEC61G-DT",-0.0719451659500215
"IRX2",-0.0719582575781675
"CFAP95-DT",-0.0719655349498582
"PRSS2",-0.0719697196830626
"ANXA8L1",-0.0719924989226303
"RGN",-0.072004556006167
"WAS",-0.0720431071662603
"NEXMIF",-0.0720678272057161
"MSH3",-0.0721030026834399
"ZBTB39",-0.0721097951704852
"NPY5R",-0.0721399694614492
"NOL12",-0.0721783334374789
"IPO7",-0.0721875491463073
"RND1",-0.0722063817632702
"SSPOP",-0.0722255634611639
"KCNT1",-0.0722297752982901
"SYTL4",-0.0722338609015556
"B3GNT8",-0.072248830277311
"SLC7A4",-0.0722626290717481
"LEPROT",-0.0722859845187994
"GPR37L1",-0.0722872088747092
"PGBD4",-0.0722927439092957
"LOC105372179",-0.0722932866131814
"LOC107985433",-0.0723121641748037
"KLF1",-0.0723244741752548
"GOLGA6A",-0.0723540677634615
"COX7A2L",-0.0723566079554149
"MED26",-0.0723861964477099
"RAP1GAP",-0.0724199843156915
"RPL15P3",-0.0724357044671031
"IL20",-0.0724379567119904
"CHRM4",-0.0724738437716891
"BATF2",-0.0724771673131369
"KANSL3",-0.0724853532703591
"ZNF37BP",-0.0724877694321727
"SCARB1",-0.0724884505718825
"GTF3C4",-0.0725220851811108
"MRPL49",-0.0725358377276468
"FGF23",-0.0725605008353772
"RPL32",-0.0725699343719165
"MRPL48",-0.0725707861319842
"SLC2A2",-0.0725939417862665
"LCA5",-0.0725960721837615
"MGC27382",-0.0726132949764005
"SORCS1",-0.0726608582309731
"LOC118567325",-0.0726766284668287
"STK33",-0.0726804799305265
"C7orf50",-0.0726819952559588
"EFHD1",-0.0727053155016378
"ACTG2",-0.0727106713757453
"PHOSPHO2-KLHL23",-0.0727281154858102
"RPRD1A",-0.0727418460918787
"SCML2",-0.0727952026269971
"SEPT3",-0.0727979532635489
"DNAJB4",-0.0728135201987253
"ARFGEF3",-0.0728241225732082
"NCF4",-0.072834514694705
"MED13L",-0.072839990563671
"INSM1",-0.0728426726317091
"TNIP1",-0.0728815754517855
"TBC1D3P5",-0.0728982812533445
"ERICH2-DT",-0.0729070724450023
"UPP2",-0.0729100897232761
"ALDH1A1",-0.0729116424729765
"PCNP",-0.0729777594625749
"CABLES2",-0.0729887720293786
"ODF3",-0.0729958068426484
"CPN2",-0.0730258481787064
"NPTN",-0.0730429796177925
"PCSK7",-0.0730445342387266
"CALHM2",-0.0730528018059697
"KIAA1161",-0.0730691353218868
"LOC442155",-0.0730701537994681
"NBN",-0.0730969858168516
"KRT18P32",-0.0730990911269922
"FPGT",-0.073109739398594
"ZNF222",-0.0731440699582021
"SUMO2",-0.073152161031826
"CLUHP3",-0.0731890586743182
"PPY",-0.0731946041552993
"DMC1",-0.0732102221396758
"PRDM1",-0.0732134284954405
"SLC17A2",-0.0732167673306394
"CLDN6",-0.0732190729948945
"IL9R",-0.0732260913138074
"UQCR11",-0.0732978101785157
"C6orf89",-0.0733027449069377
"H4C9",-0.0733035037386447
"TLE3",-0.0733061724715445
"MKRN3",-0.0733249814281922
"KIF11",-0.073338153664523
"RBM18",-0.0733787455331069
"TPM1",-0.0733927996614631
"SAR1B",-0.0733979715021485
"HOXB13",-0.0734056873636045
"CCR1",-0.0734095037840123
"CH25H",-0.0734266179887554
"EEF2KMT",-0.0734426469973015
"IGF2BP1",-0.0734427177938827
"RP2",-0.0734483198194877
"CHURC1",-0.0734549300769766
"SLC48A1",-0.0734938565882897
"LECT2",-0.07352413033149
"LCN8",-0.0735267571806371
"BRSK2",-0.0735775787429736
"POU2F3",-0.073588645431083
"IGFBPL1",-0.0735922833834156
"NHEJ1",-0.0736004610659834
"ZNF79",-0.0736058418394673
"GSTA5",-0.0736371882240312
"LPO",-0.0736396734858409
"MRPL33",-0.0737236428730932
"GBX2",-0.0737245012527519
"TDRD6-AS1",-0.0737393061664484
"NOTCH3",-0.0737435204901054
"NDUFAF6",-0.0737674027988498
"PLLP",-0.0737828679471155
"MPPED2",-0.0737852698783886
"SPZ1",-0.0737886006967659
"CRISP1",-0.0738014836235667
"ZC3H6",-0.073844725950371
"ZNF286B",-0.0738702270275859
"COIL",-0.073919166485955
"KIAA1755",-0.0739280821771736
"TERB1",-0.0739302759869851
"KIF24",-0.0739665856838923
"HHLA2",-0.0739736234409949
"DNAI1",-0.0739780540388879
"SLC25A4",-0.0739804926217689
"SLC5A11",-0.0740014259962925
"NRL",-0.0740388776024179
"CCNO",-0.0740401796219196
"PLAAT4",-0.074053426868586
"NADK2",-0.0740806000080873
"ALPP",-0.0741066217187018
"THSD4",-0.0741076481605308
"RPS4XP21",-0.0741327349459145
"HFM1",-0.0741649046834122
"DNAH11",-0.0741700402108158
"RPS11P7",-0.0741952152495395
"TAF9",-0.0742164518250772
"KDM5D",-0.0742246438607468
"GTF2IP1",-0.0742284043868369
"SUSD2",-0.0743030869054837
"TERF2IP|LOC105371348",-0.0743517968328992
"IL12B",-0.0743611953638052
"TMEM270",-0.0743677466326904
"FOPNL",-0.0743811958911857
"VIT",-0.0743982893228023
"OPRD1",-0.074417396478916
"CNIH3",-0.074419248473602
"OTC",-0.0744298936324314
"IFT74",-0.0744476780474521
"SLC10A1",-0.0744594801872156
"HTR5A",-0.0744612033441137
"ARSA",-0.0744954166861515
"SLAMF1",-0.0745009471386359
"OLIG1",-0.0745537618346414
"TRIM7",-0.0745618897792952
"ERP27",-0.0745735029077421
"GATA1",-0.0745774938362627
"CEP89",-0.0745808193764134
"MON2",-0.0745877605205852
"TMEM225B",-0.074594571838667
"ZDHHC9",-0.0746188128249423
"TGM3",-0.0746272760107053
"COLQ",-0.0746554729740918
"POP5",-0.0746606863901519
"ACSM2A",-0.0746625408419919
"NABP1",-0.0746643459600067
"RHD",-0.0746724478081957
"KCNQ1",-0.0747179351747616
"ATP5G3",-0.0747500634268445
"SMIM19",-0.0747663715656028
"TRIM58",-0.0747679565769126
"CIB3",-0.0747834511482725
"FBXO48",-0.0748154195429184
"CEP85",-0.074826924257266
"PPDPF",-0.0748372045133991
"SASH3",-0.0748815241536931
"MYF5",-0.0749376214555573
"COL4A5",-0.0749496277442286
"PNLIPRP2",-0.0749863986532461
"LOC654780",-0.0749928320368332
"CARD18",-0.0750105285587068
"EPB41",-0.0750121338210623
"PRDX3",-0.0750199180998346
"SNUPN",-0.0750329405449246
"OR5F1",-0.0750380196524052
"GPHA2",-0.0750449078653758
"ACSL5",-0.0750617254355775
"ZNF823",-0.0750779435786023
"RCC1L",-0.0750826115121273
"GDE1",-0.075117372326863
"SEC24D",-0.0751257105384131
"NOC3L",-0.0751531266139282
"DPEP3",-0.0751651690293361
"PEPCAL_16|PEPCAL_16|",-0.0751679144260428
"DNA2",-0.0751723893301092
"ITGB2",-0.075185819475051
"NAA60",-0.0752326809254635
"ITGA4",-0.075233155662301
"CYB5R4",-0.0752409864427963
"FBXL19-AS1",-0.0752476632285555
"RPL35AP30",-0.075249358603374
"CFAP97",-0.075261108178389
"NRXN2",-0.0753125079836664
"TAF7L",-0.0753352919262527
"SRD5A3",-0.0753469585176092
"MXD1",-0.0753538966737266
"RNF14",-0.0753744224489094
"NRIP1",-0.0753890738631145
"BEST2",-0.0754123863748602
"CAMK1D",-0.0754220562934116
"OTP",-0.0755405145220576
"SPTSSB",-0.0755642903872052
"ERCC6",-0.0755773390823963
"SLC35E2B",-0.0756300094418526
"DMP1",-0.0756716172104898
"PROC",-0.075697427353986
"TUBB3",-0.075710260327667
"ALOX12B",-0.0757356543605297
"DNAJB7",-0.0758341801638766
"BLVRA",-0.0758407332066979
"HCK",-0.0758442652927505
"CNIH2",-0.0758683679281105
"AZU1",-0.0759315754270461
"ST8SIA5",-0.0759558101749386
"NUDT13",-0.0759603416168465
"LAMTOR3",-0.0759736757455632
"RBPMS-AS1",-0.0759754905859604
"DOCK11",-0.0759826841274389
"ZNF257",-0.0759998725806219
"OR4K3",-0.0760747371024605
"UGT2A3",-0.0760996998201521
"NXNL1",-0.0761121175912506
"INSRR",-0.0761736410139599
"ZNF707|LOC101928160",-0.0761782880295275
"SEC16B",-0.0762334661629463
"RBMY2FP",-0.0762489230877339
"DHRSX",-0.0762539799081554
"CD247",-0.0763219773074261
"KLHL1",-0.0763230294811128
"GUCY1B1",-0.0763254611033653
"C1orf43",-0.0763638162589412
"RPL5P4",-0.0764133437172918
"EFHC2",-0.0764272887991148
"LRIT2",-0.076438110209742
"NSD3",-0.0764517727086817
"RFX2",-0.0764537002187307
"NEU2",-0.0764581207010543
"SLC39A11",-0.0765132064655664
"DTX3L",-0.0765633359227173
"ADGRF2",-0.076584590902967
"GPR42",-0.0766205311521304
"FOXD3",-0.0766244276631221
"IL15",-0.0766467369193319
"FAM209A",-0.0766863233364472
"SLC11A2",-0.0766983798126781
"SLC25A27",-0.0767008081691896
"TMEM121B",-0.076702449790143
"ZNF526",-0.076709673732857
"SUCLG1",-0.0767502188168619
"TMEM263",-0.076785093978123
"KICS2",-0.0767855492171228
"GALP",-0.0768163149371142
"C3orf58",-0.0768351545904281
"LINC01559",-0.0768397417302973
"AP1S1",-0.0768964557774397
"C6orf120",-0.0769168474976731
"GHRLOS",-0.0769181862082833
"COL6A2",-0.0769433748562837
"SLF2",-0.0769675622202254
"NPVF",-0.0770038305485035
"TSSK2",-0.0770078904776691
"MAP3K9",-0.0770674412661912
"H2AC16",-0.0770709320724565
"RALGAPB",-0.0771050520372498
"PPP1R36",-0.077124933197101
"AIPL1",-0.0771350788068093
"CYBA",-0.0771627222751674
"COPRS",-0.0771715941099559
"FAM198B",-0.0771894457953162
"CLHC1",-0.0772045537211577
"DIP2C",-0.0772239793449774
"RPS15P4",-0.0772876605964691
"RNF32",-0.0773154740037731
"OR1L3",-0.0773246927480796
"DNAJA3",-0.077325168579493
"ADAMTS20",-0.0773277379709504
"KRT10-AS1",-0.0773898062587086
"CTDSP2",-0.0774266674324314
"FGF22",-0.0774406950844857
"ADGRG1",-0.077457802649686
"SLC22A7",-0.0774659849537999
"PRKCZ-AS1",-0.0774669153389339
"CMC2",-0.0774743743777486
"JSRP1",-0.0774935115672192
"B9D1",-0.0775148647304895
"MAPK8IP1P1",-0.0775191764670682
"RAB5C",-0.0775442120328405
"TRAPPC11",-0.0775739698204152
"NLGN3",-0.0776108763270259
"RPL6P19",-0.0776344878713355
"BPGM",-0.0776461557819361
"CLIP3",-0.0776748417611266
"SNX16",-0.0776844981909303
"NDUFA11",-0.0777453074524979
"RPL36P8",-0.0777607315864373
"C20orf144",-0.0778530988375108
"C22orf23",-0.077860302724001
"GCA",-0.0778828102558272
"SUSD3",-0.0778848819488883
"MAL2",-0.077942812601768
"PDYN",-0.07794734501452
"SLC6A14",-0.0779816008133727
"PTPN5",-0.0780012134550176
"ASAH2",-0.0780311366463077
"KCNG1",-0.0780383554117234
"NAA35",-0.0780559526306505
"RPL18AP3",-0.0780639369128167
"UFSP2",-0.0780669691231885
"SLC34A1",-0.0781221219587856
"CSF1",-0.0781339509186823
"POLR2D",-0.078137556193598
"MCF2L",-0.078139566700262
"CHEK2",-0.0781748910972
"MBD3L1",-0.078205454531758
"COL22A1",-0.0782127898147297
"LAPTM5",-0.0782244303031331
"DDX19A-DT",-0.0782321648733285
"ADO",-0.0782573252981874
"RAB27B",-0.0782990816072855
"ASB18",-0.078302875473088
"FGG",-0.078322878890393
"SLC35B1",-0.0783406766722156
"TES",-0.07835690369268
"FAS",-0.0783580074982886
"NAP1L5",-0.0783691344840382
"TRAK1",-0.0783804643884981
"TMEM173",-0.0783807620896157
"MBD4",-0.078437740696775
"PLEKHA7",-0.078475134217196
"CDCA7",-0.0784803048100541
"TOR1AIP2",-0.0784959156085462
"MMP24OS",-0.078527268870354
"PCDHA1",-0.0785444676229062
"ADAM32",-0.0785692109944968
"TNFRSF1B",-0.078590500548894
"EPHX3",-0.0785936507803576
"SAP30L",-0.0786007853659272
"RUNDC3B",-0.0786068605410278
"MRPL36",-0.0786648549094684
"D2HGDH",-0.0787220339003056
"POU3F3",-0.0787575518707392
"RPS18P14",-0.0787637545966288
"TBCA",-0.0787753444547472
"C7orf25",-0.0788135862080389
"GNG11",-0.0788142095122488
"CISD1",-0.0788283935251377
"PMS1",-0.0788333815328127
"RAPGEF2",-0.078851142198202
"MTRF1L",-0.0789073953887788
"LOC644135",-0.0789164657580876
"SSBP2",-0.0789397810568979
"ERN1",-0.0789413589844242
"FANCL",-0.0789625072290714
"GRIN1",-0.0789781117812157
"CISD2",-0.0790673226358825
"KRT35",-0.079082737340758
"ACP4",-0.0790829245502316
"RITA1",-0.0791016977811062
"KCNK9",-0.0791105172835092
"SMCR5",-0.0791196452800896
"DOCK4",-0.0791270451684628
"C12orf57",-0.0791295520188294
"AQP8",-0.0791610047033811
"PCCA",-0.0791617387220391
"OR8G1",-0.0791630504416214
"FAM135A",-0.0791699239925331
"BCL11B",-0.0792270892860059
"MEA1",-0.0792330891493752
"SP140",-0.079241115635273
"UBE2F",-0.0792483109595572
"RHCG",-0.0792718998430057
"C14orf28",-0.0793169721816388
"BMP15",-0.0793171939412515
"EIF1B-AS1",-0.0793191225610154
"BTBD2",-0.0793415903921179
"C19orf44",-0.0793447478725949
"COA5",-0.0793550965199233
"GRID1",-0.0793578246227881
"TLE5",-0.0793610920445228
"MRGPRX4",-0.0793798181103832
"LZTFL1",-0.0793929147711554
"CYBB",-0.0794118265569828
"UHRF2",-0.0794343529841771
"TIMM8B",-0.0794513345263041
"SLC5A5",-0.0794565773224915
"PANTR1",-0.0794962830513359
"P2RX3",-0.0795059769696592
"PTGDR",-0.079529658136632
"PACC1",-0.079552478590683
"LINC00324",-0.0795932182774515
"CSMD1",-0.0795947414672533
"JKAMP",-0.0796651517676454
"PIGM",-0.0796793277600228
"HAP1",-0.0796841555920426
"DNAJC25",-0.0796886952872035
"CMTM5",-0.079716950478674
"TTC30B",-0.0797239482932382
"UGT3A1",-0.0797336458864326
"RALY",-0.0797346750077203
"WNT1",-0.0797620607150598
"LRP3",-0.0797685691073084
"TYW3",-0.0797762884167161
"HTR2C",-0.0797982734846607
"YPEL1",-0.0797995777322674
"HCAR2",-0.0798068118755755
"PTCH2",-0.0798209307813516
"ZNF142",-0.0798635714028304
"coy_tr|H3BNC9|H3BNC9_HUMAN readthrough, 40S ribosomal protein S17 OS=Homo sapiens OX=9606",-0.0798736067878245
"POU5F1",-0.0798863540056473
"PCDHA12",-0.0799070866831426
"SERPINB5",-0.0799277048016077
"FAM27E5",-0.0799330934540619
"PIGO",-0.0799542919708146
"RPS19",-0.0799594222508899
"TACR2",-0.0799824369886319
"NPIPB15",-0.0799837542957394
"MAP3K7CL",-0.0799953858415104
"CD46",-0.0800233455259274
"TRMT10C",-0.0800653836304271
"PRELID3B",-0.0800663246326233
"LINC02363",-0.0800942941202669
"SUGCT",-0.0801094500464539
"MCEMP1",-0.080121419434921
"MRPS31",-0.0801786205111716
"VWA3B",-0.0801849920915577
"PNLIP",-0.0802384070334404
"ZFP3",-0.0802466282115717
"ANO6",-0.0802698254125099
"RPS3",-0.0803099602237765
"VIPAS39",-0.0803179327712613
"NIPA1",-0.0803284018032729
"SOX21",-0.0803540599433871
"PGDP1",-0.0803569549016423
"MAPK1",-0.0803583255732569
"SETP11",-0.0803909622633032
"ZFAND2A-DT",-0.0803989056812117
"POGK",-0.0804114078077567
"GLRX3",-0.0804206369629389
"PROX1-AS1",-0.0804221245984964
"IL6R-AS1",-0.0804476767178755
"ATXN7L1",-0.0804660690144323
"SLC4A3",-0.0804686589709097
"ELOVL5",-0.0804906244174727
"CABLES1",-0.0805598038840488
"IFI35",-0.0805680824008013
"ENTPD3",-0.0805704346125649
"HNRNPA1L3",-0.0805782237642682
"TMEM216",-0.0805827240433674
"SLC25A31",-0.0805868480138664
"DEFB125",-0.0806186405228164
"TACR3",-0.0806443585846249
"F7",-0.0806556668034715
"IGDCC4",-0.0806560199290896
"PLCB1",-0.0806710391652676
"RPS3P4",-0.0806950663958175
"CACUL1",-0.0806964497092548
"SIMC1",-0.0807153680191833
"PMEL",-0.0808396906368079
"CD200",-0.0808449332473549
"RAB5B",-0.0808782698222078
"ITGB8-AS1",-0.0809071574430323
"HAUS8",-0.0809113679994382
"ISOC2",-0.080923065583658
"ZCCHC3",-0.0809344863578002
"RP1",-0.0809446343532348
"DENND10",-0.0809461878507622
"KRT8P37",-0.0809970276698264
"SNX13",-0.0810628965484582
"NEK9",-0.0810717430361233
"NARF",-0.081135561739315
"UGT1A3",-0.0811704697975973
"DOP1B",-0.0811766687915609
"EPB41L4A-DT",-0.0811780256555396
"IGKV1-17",-0.0811946340927249
"FAM53A",-0.081210456317431
"TUBG1P",-0.0812250882728085
"ARNT2",-0.0812362910601998
"SULT1C3",-0.0812529045643482
"DNASE2B",-0.0812529464190487
"RANBP3L",-0.0813064134458539
"RNF112",-0.0813102017029878
"PAH",-0.081350176676187
"ZNF256",-0.0813580812764103
"CCR3",-0.081361609153772
"NAV2",-0.0813742268129131
"RAB11FIP2",-0.0813951786449997
"PCBD2",-0.0814039295309587
"KRT34",-0.0814304886431759
"RAPGEF3",-0.0814488312923728
"RIOX1",-0.0814607607801267
"EOGT",-0.0814656063276625
"TMC7",-0.0814738751600105
"ELMOD3",-0.0814807377975409
"EGFR",-0.0814952350817922
"SAMD14",-0.0814978255053677
"BDKRB1",-0.0815180155330647
"TOMM40L",-0.0815614128773044
"ADD3-AS1",-0.0815628139362688
"CEACAM19",-0.0815915231373204
"ZNF674",-0.081607710929445
"KLHL10",-0.081632639190993
"ARHGAP31",-0.0816455883480133
"WDR86-AS1",-0.0816980790372284
"ZBTB46",-0.0817051676212442
"MCC",-0.0817213721242075
"RNF10",-0.0817253129648559
"ZFP37",-0.0817254948099146
"DCST2",-0.0817293089175319
"KDELC1",-0.0817402421314025
"INSR",-0.0817728144472698
"COX5A",-0.0818119911155585
"CCDC127",-0.0818187018728358
"TMEM164",-0.081819021526969
"NPRL2",-0.0818262904255802
"SIGLEC7",-0.0818483993296414
"SLC45A2",-0.0818910783789705
"OR6K2",-0.0819030828516852
"SLC35B4",-0.0819196468966914
"ALPL",-0.0819207067861967
"OR56B2P",-0.0819233354579935
"YTHDC2",-0.0819382642143357
"SYT9",-0.0819534695694596
"GRIP2",-0.0819679333402979
"VHLL",-0.082010143645892
"WIPI1",-0.082025493697796
"FH",-0.0820308636247492
"PRAP1",-0.0820419246880869
"PPID",-0.0820533722000178
"HMOX2",-0.0820570382614278
"LOC100129066",-0.0820767520590543
"MCOLN3",-0.0821012090831867
"TENM2",-0.082116178163692
"KRT80",-0.0821456854689179
"SLC22A24",-0.0821680329748696
"ZNF35",-0.0821936575324646
"ISLR",-0.0821966971591904
"TSPAN12",-0.0822022724311301
"EFNA1",-0.0822077076208331
"NFATC4",-0.0822393430552081
"KCTD5",-0.0822731613927098
"STAU2",-0.0822939607748776
"SERPINB1",-0.082303189142011
"CD34",-0.0823050326366339
"VCPIP1",-0.0823382149320653
"ESR1",-0.0823619983526506
"TSPAN3",-0.0823640958683869
"MGME1",-0.0823692170594458
"LINC00208",-0.0824141523829303
"CCIN",-0.0824470596545583
"ARFRP1",-0.0824972023312801
"H1FOO",-0.0825055813591633
"FAM149A",-0.0825199633781248
"EFNB3",-0.0825286146846336
"DNAJC3-DT",-0.0825299296453648
"SDCBP2",-0.0826350600190998
"CAMK2A",-0.0826521613503918
"ALG1L10P",-0.0826522902064486
"NDST4",-0.0826925310971382
"FAM180A",-0.0827137573776302
"LYPD1",-0.082736154974228
"FMC1-LUC7L2",-0.0827521842341476
"GTPBP8",-0.0827707571165472
"FBN2",-0.08279436251039
"RNF208",-0.0827959582884993
"SREK1IP1",-0.0828220268529558
"MRPL55",-0.0828331066612172
"RRAGD",-0.0828542139661639
"SEMG1",-0.0828811584706242
"METTL18",-0.0828825005241799
"MRPS23",-0.082887071563459
"RBM12B",-0.0829142813831921
"UBE2Q1",-0.082920835682172
"TSC22D1",-0.0829760367101542
"ST7|ST7-OT3",-0.0829952615653076
"SCOC",-0.0830073494051751
"C2orf88",-0.0830229502173346
"ANGPTL5",-0.0830233919329373
"F2",-0.0830290089216829
"RASGEF1C",-0.0830327388005834
"RNF141",-0.0830691666523845
"SLAMF7",-0.0830883127067873
"FAM8A1",-0.0831862446599133
"TYRP1",-0.08321977891532
"DPT",-0.083224455199788
"RPUSD2",-0.0832669662557179
"LOC105371592",-0.0832691501167849
"C10orf95-AS1",-0.0832711852036477
"C1QBP",-0.0832791123273966
"FKBP10",-0.083318897399921
"MASP2",-0.0833487271663844
"DNAJA1",-0.0833828490284806
"SGSM1",-0.0833853054164339
"TTI1",-0.083504956502357
"SSTR2",-0.0835196773464221
"NDUFAB1",-0.0835203650619978
"ITPRIP",-0.0835576164518425
"FOXI3",-0.0835919362207639
"CLEC6A",-0.0836179674342241
"CDC14A",-0.0836279495090315
"AES",-0.0836661121028602
"GCSAML",-0.083688849632667
"TRIM46",-0.0836953335865489
"ST8SIA2",-0.0836997639799975
"PDZD8",-0.0837126403095921
"FBXO30",-0.0837610406173416
"IDI2",-0.0837646436116668
"RPL38",-0.0838151559818267
"PKHD1",-0.0838166596584157
"RSPH9",-0.0838277537169291
"CCL20",-0.0838320024309507
"SFRP4",-0.0838426017411103
"EPAS1",-0.0838591925449028
"GNPAT",-0.0838747094080446
"HMGCR",-0.0838819944759878
"TANK",-0.0838849900925021
"NAA20",-0.0839064722479295
"NRSN1",-0.0839151622309962
"CON_sp|CATA_HUMAN|",-0.0839180800941203
"DUSP16",-0.0839200108091453
"PPIP5K1",-0.0839396291701678
"NKX3-1",-0.0839481009213084
"CTTNBP2",-0.0839569589456242
"SEC61A2",-0.0839889587116027
"PTAR1",-0.0839931573009576
"VSTM2A",-0.0840747680513601
"CFHR5",-0.0840838888298436
"PLA2G2E",-0.0840860142080034
"LRP5",-0.0840908171738553
"WAPL",-0.0841091969823227
"GALNTL5",-0.084128625037108
"UNC93B1",-0.0841821286726275
"EPGN",-0.0841961346759483
"CYP46A1",-0.0842037977240425
"PIGN",-0.0842436278495199
"CYYR1",-0.084277698769522
"HIVEP2",-0.0842814516888044
"RAB37",-0.0842841809802371
"UPB1",-0.0843265031916326
"LOC100500719",-0.0843404473336671
"FGF14-AS2",-0.0843465378695338
"JPH3",-0.0843526118316996
"N6AMT1",-0.0843851377290154
"NDFIP1",-0.0844355263043347
"SFT2D3",-0.084469106641608
"PGAM1",-0.0844783035789274
"CYP4F8",-0.0845198643987735
"MSANTD1",-0.0845317298331323
"THEM6",-0.0845526140607675
"NXPH3",-0.0846002663417415
"IDNK",-0.0846348075574414
"PDCD2L",-0.0846945293657067
"WRAP53",-0.084734907549037
"CCL22",-0.0847681299330504
"RUVBL2",-0.0847869613151921
"RPSAP25",-0.0848022419302588
"OR2S2",-0.0848143613363553
"HEY1",-0.0848202648450735
"CSF2",-0.0848649693741602
"TAFA4",-0.0848771927782561
"COL4A2",-0.08487965648844
"PRKCQ",-0.0849149566931989
"ASB7",-0.084915232500011
"JAK2",-0.0849207363518003
"RPL23AP8",-0.0849259236405473
"CHRDL1",-0.0849389254475501
"GSX1",-0.0849539813616267
"SLC5A1",-0.0849562068760216
"KLHL25",-0.0850004165847895
"KLK13",-0.0850132986118649
"ZNF672",-0.0850431756122435
"IFT88",-0.0850479854085406
"APOBEC1",-0.0850602247124831
"SEMA4G",-0.0850659916068947
"ZNF180",-0.0851032297438975
"PURG",-0.0851065044331453
"PTCD3",-0.0851386223068679
"MAML3",-0.0851549171582519
"POLE2",-0.0851829210723116
"CON_sp|THIO_HUMAN|",-0.0852376259763492
"MED30",-0.0852774863758551
"SELL",-0.0852926787112727
"GSTM3",-0.0853329217543019
"EFHC1",-0.0853436301266372
"GHSR",-0.0853673523000115
"MTURN",-0.085370448767651
"PNLIPRP1",-0.0853706707608686
"RNU6ATAC27P",-0.085396753346946
"TMEM185B",-0.0854513344165997
"OPA3",-0.085454282717106
"APOM",-0.085468688227473
"OSER1-DT",-0.0855070514454035
"VASH2",-0.0855604920320975
"HAPLN2",-0.085583252809912
"HAUS3",-0.0855948990336383
"TAC1",-0.0856079431343492
"SMG1P1",-0.0856360966098822
"SOWAHC",-0.0856538331897152
"ZNF518A",-0.0856627918527628
"MARCHF11",-0.0856629825142372
"NAV3",-0.085674781482782
"NPPB",-0.0857171560323965
"SLC35A5",-0.0857387259048502
"RXYLT1",-0.0857846803794367
"SERPINB9",-0.0857960042401106
"NPHP3",-0.085801447521926
"SERPINE2",-0.0858070760388624
"EXT1",-0.0858743391684693
"NKIRAS1",-0.0858882814240654
"GPR65",-0.0859162312646887
"LHX1",-0.0859411396316951
"POLH",-0.0859624043611861
"PMP2",-0.0859649635383814
"SPRED3",-0.0859886238221481
"CTNNBIP1",-0.0860008622964572
"RPP38-DT",-0.0860139469502899
"IL12RB1",-0.0860319687261907
"ARSF",-0.0860935381575247
"SKP2",-0.0860944752422568
"DNAJC24",-0.0861245737278561
"NAP1L2",-0.0861491917492341
"TCEAL7",-0.0861584683482226
"STBD1",-0.0861666324802345
"SMYD1",-0.0862032457730656
"AIMP2",-0.0862130184299877
"FGF11",-0.086215695668962
"PRDM8",-0.086250087681721
"BCL2",-0.0862874521025599
"TOP2A",-0.0863075729258957
"SLC19A2",-0.0863227755429653
"VPS35",-0.0863305266520049
"SHISA2",-0.0863424501957616
"PLA2G1B",-0.0864986787968077
"CIITA",-0.0865106383127733
"AANAT",-0.0865126964844624
"KIAA0825",-0.08652441645219
"G6PC",-0.0865409071611797
"MT1G",-0.086544698191755
"RGL3",-0.0865757701933444
"POU3F2",-0.0865827418224309
"SLC17A4",-0.0866202463217106
"CROCC",-0.0866369344658527
"CAMK1",-0.0866505997708375
"GPR27",-0.0866520983220766
"NAGPA",-0.0866718897526319
"MAGIX",-0.0867152741587433
"A4GNT",-0.0867763449418911
"GAGE1",-0.0867995862077482
"ICA1",-0.0868314565029675
"ARL15",-0.0868490195385249
"ZBP1",-0.0869098595027513
"ZBTB10",-0.0869159781445968
"RGS5",-0.0869525280788326
"ST6GALNAC3",-0.0869670917269152
"DDAH1",-0.0869748365109722
"TCAIM",-0.0870404238725463
"MGAT5B",-0.0870567630658374
"TEX36",-0.0870783439800008
"PIGU",-0.087120058091299
"LYSMD3",-0.0871442933849194
"FSCN2",-0.0871640301441434
"VPS35P1",-0.0871677259386114
"LINC00402",-0.0871725784626004
"PRR30",-0.0871822809603797
"PAX6",-0.0872096986802868
"KIAA0087",-0.0872379341509166
"MMAA",-0.0872494462641042
"NTF4",-0.0872977175059123
"FECH",-0.0873367618718728
"NXPH2",-0.0873704091917679
"C9orf50",-0.0873788915296781
"OR51B6",-0.0873892715627137
"ARL11",-0.0873940357772942
"VEGFA",-0.0873975412094368
"TRIM64FP",-0.0874072098938735
"DZANK1",-0.0874272756833281
"RPS3AP34",-0.0874496073439222
"TMEM246",-0.087480337259338
"PDZD3",-0.0874858808231481
"NEMF",-0.0874873769132827
"LOC100505685",-0.0875150616645639
"UBE2Q2P13",-0.0875222549402953
"PPM1B",-0.0876017860748458
"EQTN",-0.0876067942256675
"CNR1",-0.0876346622973981
"RAPSN",-0.0876497371386879
"LRP1B",-0.0876531713384726
"ISL1",-0.0876666818106157
"NUDCD1",-0.0876699041649026
"ZNF557",-0.0876830370402507
"MAGI3",-0.0878029870263777
"GCKR",-0.0878821055167321
"COL10A1",-0.0879025440516973
"ITGAE",-0.0879814647367471
"PRG4.1",-0.0879823656571971
"PDE1B",-0.0879843008418925
"TMEM169",-0.0880000549866582
"KCNH5",-0.0881191929784496
"IRGC",-0.0881236644158385
"DDHD2",-0.0881390563858337
"MARCHF5",-0.0881447646205654
"DFFA",-0.0881612717656586
"UBL3",-0.0881915492310087
"NFE2L3",-0.0881968395118895
"RPL39P16",-0.0882319549512873
"DUSP12",-0.0882756933678025
"OR3A3",-0.0883081554507558
"LINC00635",-0.0883160304089354
"ARL6",-0.0883268507457822
"MMP15",-0.0883754688564078
"CD163L1",-0.08843062581875
"RNA5-8SN2",-0.0884361396396062
"H2AFY",-0.0884873031573637
"NTF3",-0.08851335004458
"RPL19P8",-0.088529898618928
"MYT1L",-0.0885355328869445
"SLIT3",-0.0885614997913355
"ZNF620",-0.0886064183210424
"SLC7A3",-0.0886268635276972
"CYB561",-0.0886278597530838
"ZNF177|ZNF559-ZNF177",-0.0886389427857929
"DPPA2",-0.0887039332197006
"GTF3C3",-0.0888384197018014
"NMI",-0.0888514851306853
"ZNF154",-0.0889020827358013
"KRT18P42",-0.0889342903702843
"PKDCC",-0.0889739814964784
"MUC3A",-0.0889742235644464
"RPSAP19",-0.089
"SPA17",-0.0890260544238331
"SERPINC1",-0.0890368202408709
"ZNF552",-0.0890903291160607
"BRDT",-0.0891079243145189
"WDFY3-AS2",-0.0891103563805435
"HOMEZ",-0.0891906543958514
"PDGFD",-0.0892106246576087
"HLA-DRA",-0.0892654646525083
"KCNMA1-AS2",-0.0892724933457139
"LY6E",-0.0892793505833389
"LGI4",-0.0892934494605074
"LMAN1",-0.089327990961597
"ECE2",-0.0893537535116455
"OLFM3",-0.0893710868784759
"OR7E121P",-0.089393749766816
"LYPLAL1",-0.0893944550760514
"OR5A1",-0.089394875955036
"LOC440311",-0.0894145393332033
"RARG",-0.0894520019276312
"LMAN2L",-0.0894700586096834
"MIMT1",-0.0895044564255975
"OPHN1",-0.0895076381699378
"CEL",-0.0895108468963947
"FAM214A",-0.0895322876724533
"C3orf22",-0.0895658444008441
"TMED1",-0.089578616690517
"EIF2AK2",-0.0895905300205275
"MRPL15",-0.08959656133511
"MED4",-0.0895971056273258
"FCRL5",-0.0896034945564946
"MOB4",-0.0896287999432052
"HIST2H2BF",-0.0896549119398623
"HSPA12B",-0.0896632181092274
"CRYZL1",-0.0896670079007593
"OR4D2",-0.0897066582009626
"C21orf62",-0.0897073852856607
"CDIPTOSP",-0.0897285658391356
"SLC25A15",-0.0897370625457494
"ABCA5",-0.0897567953645892
"MALSU1",-0.0897634474182177
"TRIM31",-0.0898196665676297
"LPIN3",-0.089888806042441
"NALCN",-0.0899443634666727
"FGD3",-0.0899767424868015
"OR7C2",-0.0900905329390819
"MEX3B",-0.090104971796892
"ZRANB2",-0.0901111584664762
"SOAT2",-0.0901202591515948
"KMT5AP2",-0.0901233449505751
"EDNRB",-0.0901288592141807
"GTF2H4",-0.0901426949882069
"HADHA",-0.0901519576660051
"COQ3",-0.0901671619606711
"PINK1",-0.0902035814539325
"S100P",-0.0902055738495522
"TRPC5",-0.0902257168455236
"IL6-AS1",-0.0902463390850095
"MLYCD",-0.0902869744407721
"DYNAP",-0.0903052353706739
"ACY1",-0.090311947321272
"NSUN7",-0.0903316393446991
"NPHS1|LOC107985317",-0.0903407128443634
"TEK",-0.0903442778975091
"STK26",-0.0903531488859076
"TEX101",-0.090377981938352
"CABP2",-0.0904061384828429
"AQP10",-0.0904095141780666
"KCTD21",-0.0904524411889924
"LGALSL",-0.0904606323952172
"SYCP1",-0.0904716598392307
"SLC7A13",-0.0904975945912752
"CD19",-0.0905256289693808
"TBC1D22A-AS1",-0.090547728385669
"GPR156",-0.090573201494624
"HMHB1",-0.0905820870731997
"TDO2",-0.0905920543053176
"CERS1",-0.0906076018326069
"RACGAP1",-0.0906130726232208
"MIS18BP1",-0.0906166722725721
"BTBD1",-0.090651234056478
"MSANTD4",-0.09065736531356
"CLCN3",-0.09067727094751
"ZSCAN10",-0.090678333378021
"BHLHE41",-0.0906850081063232
"DDN-AS1",-0.090685743290342
"ALDOB",-0.0906893773572691
"FBLN5",-0.090702942305217
"ANK2",-0.090706174895481
"STARD8",-0.0907155881322138
"NDUFV1-DT",-0.0907263645585645
"XIRP1",-0.0907410295026071
"MYL12A",-0.0907985746426824
"SASS6",-0.0908154323635539
"GLTPD2",-0.0909704638369261
"COX20",-0.0910083270965003
"SKA2",-0.0910309503196441
"PPIEL",-0.0910355008515155
"AMELX",-0.0910763721958903
"PROS1",-0.0910813242137175
"LGR4-AS1",-0.0910896884895473
"PSMA3-AS1",-0.0911212838996032
"FTH1P10",-0.0911656684218573
"TIMM9",-0.0912316422717543
"FITM1",-0.0912631176934771
"LINC01753",-0.091302331560982
"EGR3",-0.0913175362581673
"NME7",-0.0914038816390458
"JAZF1",-0.0914440691549908
"NSUN6",-0.0914487142801381
"TET1",-0.0914583901668322
"MTF1",-0.0914614747694442
"SERINC4",-0.0915128649851712
"NLRC3",-0.0915861770628692
"CAMP",-0.0915990063424893
"TUBB2B",-0.0916018021349896
"HSD17B12",-0.0916068314121501
"SSTR5",-0.0916126330123508
"LHFPL1",-0.0916267406142164
"LOC645405",-0.0916300935448486
"AQP6",-0.0916379806244603
"FBXO42",-0.0916743595197108
"DENND4A",-0.0916969699278457
"NPY",-0.0917574537690179
"IQSEC2",-0.0917893924061662
"TMPRSS9",-0.0917900041332217
"MADCAM1",-0.0918257219652878
"ZNF776",-0.0918530521914054
"GJD2",-0.0918593225566257
"PRSS36",-0.0918694650418638
"AQP11",-0.0918806662680734
"IBA57",-0.0918929312987861
"FBF1",-0.0919260038421512
"GSDMA",-0.0919304453948018
"NUDT6",-0.0919619266455872
"CACHD1",-0.0919690673887918
"H2BC14",-0.0920010930156065
"SIK2",-0.0920231339984632
"WDR44",-0.0920740771617204
"POU3F1",-0.0921286050923767
"TESMIN",-0.0921552227551889
"SELENOW",-0.0922529463928873
"HTATIP2",-0.092265598959566
"BAG1",-0.0923002700547854
"NR1D2",-0.0923119286044989
"ADAMTS17",-0.0923121083891325
"CDH16",-0.0923339172415734
"NLGN1",-0.0923819140915977
"LINC01580",-0.0923983643395863
"CHGB",-0.0924361765102285
"PPP1R17",-0.0925880528814391
"GRM5",-0.0925964957076034
"LRFN3",-0.0926164168973286
"KRT37",-0.0926175411939276
"ADAMTS5",-0.0926219817837028
"PPIC",-0.0926319650765283
"LAMTOR4",-0.0926464688281789
"UBE2B",-0.0926470655997014
"ZNF571",-0.0926649685521725
"RPL17P27",-0.0926757523674997
"TM2D3",-0.0926922942007923
"XRCC6P2",-0.0927015690555131
"RPL18P3",-0.0927114615219741
"KCNJ8",-0.0927397795545772
"TM2D1",-0.0927564348746174
"TMEM206",-0.0927779437992651
"KYNU",-0.0928109985434397
"ARHGEF9",-0.0928254553977525
"IGSF10",-0.0928336716528716
"SLC10A7",-0.0928818815377669
"CD200R1",-0.0928924484033091
"HOXD13",-0.0928945717718673
"ZNF41",-0.0929036889339305
"GLDC",-0.092910843735387
"NSMCE1-DT",-0.092946790863191
"GRIK2",-0.0929757895087985
"MMACHC",-0.093000913149602
"NKX6-2",-0.0930116789383475
"ZNF473CR",-0.0930361942340518
"KDR",-0.0930721769253253
"COPS7A",-0.0930829158161396
"SRGAP3-AS4",-0.093097920219555
"IGFBP1",-0.0931269468778453
"C12orf29",-0.0931277666642362
"TSGA10",-0.0931427096379968
"FCGR3B",-0.0931637809172268
"RIPPLY3",-0.0931946706875779
"ZFPM1",-0.0932163514209034
"GZMB",-0.0932322507915928
"FAM122A",-0.093267930173575
"VPS13A",-0.0932831467093234
"DESI2",-0.0933124387598546
"MSRB2",-0.0933556712144468
"TRAM1",-0.0933907741823819
"ATP5D",-0.0934081465750167
"KLHL40",-0.0934226341773118
"EFCAB6",-0.0934446466921863
"UROC1",-0.0935024076997074
"IL17B",-0.0935058825540079
"TOX4P1",-0.0935128735592796
"KCNMB2",-0.0935317790613707
"SP6",-0.093533381582072
"ALOXE3",-0.0935981457286128
"SLITRK1",-0.0936254798235187
"GFM1",-0.0936270334676583
"BCAN",-0.09364699713197
"CGAS",-0.0936576179100847
"ZNF281",-0.093785809009008
"G6PC2",-0.0937858325517092
"C1QB",-0.0938133941142841
"IFT22",-0.0938295969571408
"ERG28",-0.0938367573077219
"GABRB3",-0.0940008654739482
"SLC18A1",-0.0940193274352937
"NAP1L3",-0.0940271556412403
"CEACAM1",-0.0940912475391042
"VIL1",-0.0940920011916507
"HOXB2",-0.094109753556701
"CREBL2",-0.0941232209354392
"MIA",-0.0941501038989651
"ACRV1",-0.0941566760103584
"ANXA2",-0.0941589715752807
"CLU",-0.0941602970589998
"PRPS2",-0.0941617884251532
"XCR1",-0.0942197194062745
"KCNK5",-0.0942352434907821
"PILRB",-0.0942530507142315
"OR7E7P",-0.094256318287807
"MTMR12",-0.0942797233418122
"ENDOG",-0.0942969504132502
"TPRX1",-0.0943071276588583
"TBC1D21",-0.0943123080546586
"NR1I3",-0.0943335040372838
"CCDC120",-0.0943935787879326
"MAPKAP1",-0.0944055842551796
"CHD5",-0.0945277566563394
"KCNS1",-0.0945345403238429
"RAB4A-AS1",-0.094629978871221
"MCPH1",-0.0946465652146855
"MIR17HG",-0.0946544046466901
"KDM4D",-0.0946607449992606
"EBPL",-0.0946644883744369
"C4orf19",-0.0946858720039276
"APOL4",-0.0947296147220943
"ABITRAM",-0.0947500990024345
"CLP1",-0.0947705283503777
"H2AFZ",-0.0948214302436191
"IFNG",-0.094822968036927
"HSD17B11",-0.0948330473647796
"LCE1F",-0.0948518317988851
"FASLG",-0.0949659838423743
"GOLPH3",-0.0949815511576907
"IKZF5",-0.0949870170230646
"TUSC1",-0.0950954920472048
"CFB",-0.0951544809335765
"VANGL2",-0.0951544922419378
"PLA2G4A",-0.0951554684643382
"PIGC",-0.0951750243187131
"VSTM2B",-0.0952355045405471
"JADE2",-0.0952578318035045
"ADH1C",-0.095263741393717
"RNF2",-0.0952828651832014
"APLNR",-0.0953080476763735
"RPS12P25",-0.0953261141963999
"BPIFB1",-0.0953393844452442
"NXT2",-0.0953488229238202
"DUSP21",-0.095375369249424
"ATP6V1E2",-0.0954088227341853
"MSI1",-0.095427978528977
"ANP32C",-0.0954433472176914
"MIOX",-0.0954442969066151
"KLK3",-0.0954862121840628
"NRXN1",-0.0955081988893287
"MRPL21",-0.0955375938709037
"IRF7",-0.0955582813391339
"ZNF490",-0.0955787155148042
"BRD3OS",-0.0956322230967547
"KCNJ9",-0.0956466837377402
"LOC93622",-0.0956825075897222
"COMMD2",-0.095772121829341
"SYNGR3",-0.095789324545028
"TBC1D14",-0.0958058721874993
"CGGBP1",-0.0958068801075322
"KPNA5",-0.0958314407737971
"PYROXD2",-0.0958631832471201
"C3orf14",-0.0958750554348801
"TAT",-0.095875385747151
"RPS3AP6",-0.095879526309969
"EDEM3",-0.0959146095277984
"PRDM5",-0.0959364732086974
"CFAP206",-0.0959558527708428
"DYNC2H1",-0.0959733301849421
"IFI44L",-0.0960187164041509
"PIP5KL1",-0.0960278035368952
"SEMA6C",-0.0961152753411799
"LRRC28",-0.0961170461995231
"TMEM192",-0.0961193766099267
"PDPN",-0.0961742976553578
"FAM131B",-0.0961801480102618
"CTSL",-0.0961839705632807
"ECM1",-0.0962025500873317
"MTFR1",-0.0962247089795697
"SMAD3",-0.0962511395728508
"BBS12",-0.0962556142506354
"BICDL2",-0.0962824999690684
"ZBTB8A",-0.0963087396627598
"ROR1",-0.0963449801188114
"CNOT8",-0.0963585064256323
"CPB2",-0.0963788008841611
"LINC00311",-0.0963857586522559
"CD160",-0.0963976628575385
"ZNF503",-0.0964298479110742
"ATMIN",-0.0964314760231343
"PPIF",-0.0964463786080452
"GPR142",-0.0964578369850944
"ASB16-AS1",-0.0964689428583149
"ARPIN-AP3S2",-0.0964708220657512
"NPY2R",-0.0964768024742171
"TRIM15",-0.0964947447920807
"SLC5A12",-0.0965095696922272
"TRIM69",-0.0965665241675941
"FBXO46",-0.0966206254238983
"ACAT1",-0.0966302647016866
"HERPUD2-AS1",-0.096641348741813
"TMCC2",-0.0967352270915088
"FANK1",-0.0967692528311111
"SOCS5",-0.0967732762121643
"SLC16A8",-0.0968016962403248
"SLC25A14",-0.096806084530733
"HIST2H3A",-0.0968066211681606
"RPS3AP47",-0.0968411857885065
"CLDN9",-0.0968678355918947
"BTN2A3P",-0.0968729805452122
"ARHGAP24",-0.096882614225396
"TAAR1",-0.096904941981433
"HBEGF",-0.0969250856340772
"KATNIP",-0.0969258121943246
"PLAG1",-0.0969552398904355
"CENPA",-0.096959060456698
"SPDYA",-0.0969654055074902
"ACTL8",-0.0969668039453966
"LINC00052",-0.0969806640171642
"ZNF474",-0.0969815185205573
"PPAT",-0.0969880612208585
"DSTNP3",-0.0970147189504729
"ST8SIA3",-0.0970201967150325
"VGLL2",-0.0970415945556413
"ZNF280B",-0.0970430428270703
"RTL8B",-0.0970522597139663
"HBA2",-0.0970589250557991
"MRS2",-0.0970811283477228
"RNA5-8SN1",-0.0970891308952037
"TBXT",-0.0971500471138631
"CPLX3",-0.0971898582389159
"VTA1",-0.0972019865118023
"BEST3",-0.0972267687351258
"AMIGO1",-0.0972569270301624
"NECAB1",-0.09726637147686
"SLC9B1P2",-0.0972847296669057
"OVCH1-AS1",-0.0972931165571111
"PRKCZ",-0.0972970143509174
"ZNF264",-0.0973615990010607
"FAM126B",-0.0973875342612893
"PKIB",-0.0974009481533133
"BRCA1",-0.097405422448397
"LRRC52-AS1",-0.0974150170099941
"SCAT1",-0.0974562802421221
"FAM47C",-0.0975371217991636
"GEMIN7",-0.0975384021513079
"CARD10",-0.0975458078240422
"NUP93-DT",-0.0975834671412723
"ABRAXAS2",-0.0976039155586273
"GTF2H3",-0.0976204269557321
"CNTN3",-0.0976548701548766
"ARL14EP",-0.0977056602323502
"B4GALNT2",-0.0977495658923175
"SECTM1",-0.0977689042229727
"MS4A2",-0.0977750814702656
"NUBPL",-0.0977829946981223
"MFSD6",-0.0977972032884943
"SSNA1",-0.0978339138707516
"CDK5R2",-0.0978341787946208
"LGI3",-0.0978352140036125
"HOXA11",-0.0978575051869235
"BET1",-0.0978666269433888
"SHQ1",-0.0979037675686173
"TMPRSS13",-0.0979146898448321
"NEMP2",-0.0980375859669455
"NTAQ1",-0.0980741852433825
"ZDHHC5",-0.0981310633460828
"ABCB11",-0.09815377672244
"CXCL6",-0.0981612055293985
"SMAD9",-0.0981671634231712
"RASSF5",-0.0981748895310225
"RPL13AP13",-0.0981899901644303
"WDCP",-0.0981947870473527
"TEX36-AS1",-0.0982109719844448
"HDHD2",-0.0982148052510391
"SEC14L4",-0.098234140770122
"RPL19P3",-0.0982353758258512
"OTUD6B",-0.0982563008753349
"SOX3",-0.0982811577466142
"CALY",-0.0982873906084006
"DCAF10",-0.0983202657520808
"IGLV8-61",-0.0983409906150635
"VPS36",-0.0983540868258205
"TBX20",-0.0983746186456919
"CABCOCO1",-0.0983780800975647
"DHX58",-0.09849738573553
"NANP",-0.0985520091900425
"TIAM1",-0.0985777628474808
"OXR1",-0.0985965377829431
"NEK4",-0.0986193956590621
"GAS8-AS1",-0.0986392109685514
"RTL5",-0.0986893316693936
"ANKAR",-0.0986910494967649
"KLHL36",-0.0987075834564472
"TLN2",-0.0987095881819876
"TRIM71",-0.0987154467591673
"NFYB",-0.0987398449052471
"CCDC70",-0.0987447232309792
"LINC02177",-0.0987516974527703
"KCNB2",-0.0987764729329483
"ANGPTL6",-0.0987783218852255
"APIP",-0.0987964353293276
"CD28",-0.0988406784769294
"ZG16",-0.0988470441491493
"CTNNAL1",-0.0988550368593869
"SMARCAL1",-0.0988561180064887
"ACTR3P2",-0.0988900766791092
"NGFR",-0.0989415871977043
"TMEM132D",-0.0989440435102627
"RAB21",-0.0989841094765191
"CRLS1",-0.0989900938609101
"IGKV3-11",-0.0989994751039056
"RDM1",-0.099041470065808
"ESRP2",-0.0990427617045946
"BDNF",-0.0991043305215495
"PADI3",-0.0991331179501844
"IER5L",-0.0991341364489384
"MCUR1",-0.0991403913292756
"SNX3",-0.0991430844541746
"C2orf49",-0.0991734104667757
"SIT1",-0.0992092496333202
"CAPN5",-0.0992362333578818
"PLGLA",-0.0992519835310099
"ARHGEF25",-0.0992752134711218
"AFAP1",-0.0992761802273995
"PALS1",-0.0992993698909656
"LINC00919",-0.09930657960677
"SULF1",-0.0993122814502513
"MGARP",-0.0993249228646814
"DHRS13",-0.0993266323818279
"VPS52",-0.0993269800104693
"ATP9B",-0.0993448818663128
"XIST",-0.0993584272400119
"METTL4",-0.0993985228868171
"LINC01192",-0.0994013167243866
"KATNA1",-0.0994101195736919
"STK35",-0.0994159053592294
"GMPR",-0.0994537378097984
"NAT8L",-0.0994598575467216
"DBP",-0.0994927769704225
"RIMOC1",-0.0995396538200371
"SDHB",-0.0995583929921157
"ZNF225",-0.0996277469626624
"P2RX5-TAX1BP3",-0.0996762178246099
"GNRH2",-0.0996776839346782
"LIN52",-0.099677790034533
"MFSD4B",-0.0997109255200418
"PLAAT5",-0.0997175293042231
"UMAD1",-0.09975017122667
"DNAJC19",-0.0998034784442704
"AMBN",-0.0998083682356795
"GALNT4",-0.0998178632606132
"ZNF569",-0.0999081019339284
"CD80",-0.0999149571599621
"TMEM143",-0.0999209385940652
"HAO1",-0.0999489784235316
"ZNF597",-0.0999593525157891
"MSX2",-0.0999843217917743
"ATP8A1",-0.0999922158233185
"ZIC3",-0.100002743953003
"RGS22",-0.100030782947394
"SOX7",-0.100053159749981
"HMGN2",-0.100061983118417
"LRRC69",-0.100097109022951
"VEGFD",-0.100119011862336
"SMIM43",-0.100120351629385
"LINC00672",-0.100127124043916
"SSSCA1",-0.100157990639715
"H2BC3",-0.100206377292895
"UBE2DNL",-0.100284684089414
"PRDM11",-0.100290570491994
"FASTKD5",-0.100376390272576
"ASPHD1",-0.100391636745264
"RBMS2",-0.100404471920471
"LINC02609",-0.100470106755404
"SCG5",-0.100490050258575
"VWA3A",-0.100491324675203
"TMC4",-0.100536448993659
"NUP133",-0.10053679300691
"CNST",-0.100542345923183
"GPLD1",-0.100546633040757
"UBOX5",-0.100550919524184
"USP9Y",-0.100577434774225
"SLC39A12",-0.100589191282515
"S100A12",-0.100619520909948
"SCEL",-0.100636110530913
"TRABD2B",-0.100638833828408
"BATF",-0.100688901795085
"LY6H",-0.100703214873957
"GRIN2A",-0.100704702670484
"CRLF1",-0.100718581421221
"SLC39A6",-0.100729691127674
"ADORA2B",-0.100737512633603
"KIAA0753",-0.10074340826237
"SYNE4",-0.100777955610763
"CENPV",-0.100842241012847
"UCMA",-0.100878842119575
"LOC643015",-0.100964909369976
"NEDD9",-0.100968724124715
"GDF5",-0.100998641886607
"GRB14",-0.101010192017387
"RPL24P8",-0.101029646063027
"ANXA2.1",-0.101080778295091
"B4GALT4",-0.101088421803126
"ZNF135",-0.101110271435812
"LGALS3BP",-0.101119090415026
"CD8B",-0.101120237790573
"PCDHB1",-0.101149604517847
"NDUFB5",-0.101150168001513
"UQCRHL",-0.101151844653848
"LMAN2",-0.10116634082937
"SIVA1",-0.101186893524558
"CROT",-0.101200618311919
"CATSPERE",-0.101233711738923
"MTUS1",-0.101262754202083
"RPL39",-0.101277057130062
"GPR182",-0.101284144019719
"DDX53",-0.101287206266716
"GPR155",-0.101302954800027
"LRIG1",-0.101359726607598
"ZNF726",-0.101387701935192
"GGACT",-0.101400179092389
"GSPT2",-0.101412278285628
"KCTD18",-0.101417483230135
"ALDH5A1",-0.10144465857184
"NME5",-0.101450536608943
"MGMT",-0.101530512418466
"IL36G",-0.101531999414532
"OSTM1",-0.101540161361523
"NCBP2",-0.101568084050191
"RCAN1",-0.101697546995887
"SYT4",-0.101737302587504
"CLPS",-0.101737729396709
"RIMKLA",-0.101781400126438
"SRD5A2",-0.101836976156015
"AMD1",-0.101876184751596
"FAM53B",-0.101884319401247
"ZNF468",-0.101910938803862
"FXYD6",-0.101914966960245
"ZNF773",-0.101928797971205
"TARS3",-0.101929354092185
"CEP112",-0.101930468498444
"ADGB",-0.10194335342228
"IGHV3OR16-9",-0.102043385051063
"FDXR",-0.102082037333277
"PIGX",-0.102083430028515
"KCNE3",-0.102102075178659
"RDH14",-0.102124577969837
"TP53TG1",-0.102139164651869
"RGS9",-0.102150510101268
"DNAJA4",-0.102163522037751
"RPS2P7",-0.10216906799174
"PABIR2",-0.102208810032754
"TMEM14C",-0.102226191729102
"TAAR2",-0.102260351609583
"SCN4B",-0.102326220006745
"PCDH10",-0.102338266830414
"RPS13",-0.102347271877727
"STXBP5L",-0.102363066336266
"CD248",-0.10239143109637
"THBS4-AS1",-0.102425724310425
"KRT13",-0.102432597102662
"WDR31",-0.102448365533109
"MMP12",-0.102452743952736
"ANGPTL4",-0.102506286607684
"GLIPR1L2",-0.102548228057158
"PRSS57",-0.102550495806217
"coy_tr|B4E1Z4|B4E1Z4_HUMAN readthrough, C3/C5 convertase OS=Homo sapiens OX=9606",-0.10258704199299
"RUNDC3A",-0.102609677058352
"GPX2",-0.102616371381178
"CALML5",-0.102619323911458
"SRRM4",-0.102650282340495
"KRTAP19-1",-0.102657373920606
"ZNF436",-0.102692453130362
"ZYG11B",-0.102728895891746
"CORT",-0.102774090972179
"TSNAX",-0.102804470400611
"P2RX1",-0.10282186467372
"AQP1",-0.102835749206143
"RANBP17",-0.102865907538773
"NPHS1",-0.102880708466094
"SCTR",-0.102894173111106
"RWDD3",-0.102926962382693
"MRPL46",-0.102936267725142
"LIN28A",-0.102939162762547
"MMP13",-0.102954983984528
"MOBP",-0.102958599953388
"VAMP3",-0.102977837935468
"SPRR3",-0.102988061864708
"DPPA5",-0.103056059872092
"AASDHPPT",-0.103073323327327
"BEAN1",-0.10307511628704
"POU2AF1",-0.103092033241572
"LORICRIN",-0.103109739700981
"C1orf123",-0.103126526834768
"MTFP1",-0.103127482938411
"ZMAT5",-0.103138807333565
"NCALD",-0.103155035697353
"PTGIR",-0.103282961347069
"PPP2R2C",-0.103338341429126
"CBX7",-0.103339718020681
"ESRP1",-0.103357663033629
"TLR8-AS1",-0.103357729323637
"IP6K3",-0.103400706115239
"BLOC1S5",-0.103406125966708
"ANKRD28",-0.103415905299892
"TNFRSF17",-0.103417304631165
"NXF2",-0.103421982082584
"NBPF3",-0.103447748535855
"NUDT1",-0.103454969551911
"ENTPD5",-0.103500039074579
"RSF1",-0.103527482642187
"PRR35",-0.103543413859632
"ZNF790-AS1",-0.10355148363012
"HHIPL2",-0.103557878999653
"ECH1",-0.103589831218388
"RPL21P94",-0.103606451658088
"BTN1A1",-0.103610290367598
"NECAB3",-0.103619889946125
"CKMT1B",-0.103870031798617
"DIO3OS",-0.103874337503667
"GOLT1B",-0.103900589234256
"S100A10",-0.103940865278241
"MIR4458HG",-0.103968602797471
"NUP35",-0.103971966939825
"AMACR",-0.103977729270444
"C19orf38",-0.104054800928358
"TEX41",-0.104067802816747
"RNA5-8SN3",-0.104083930152024
"GABRB1",-0.104085468623596
"NUAK1",-0.104130943733695
"ZNF32",-0.10414011219168
"HDAC11",-0.104160570294732
"BCL2L15",-0.104219472115444
"C6orf132",-0.104227558902464
"PCP2",-0.104241841301786
"KRTAP13-2",-0.104259972363858
"ICE2",-0.10426181349334
"LINC00092",-0.104289944099047
"NLRC5",-0.1042980016977
"KRT23",-0.104350370436991
"KRTAP4-6",-0.104354596923776
"RPL17P4",-0.104364061770432
"STAR",-0.104364486740175
"DUSP22",-0.104382647931223
"KRT18P5",-0.104387680555185
"ALPG",-0.104399783490766
"KERA",-0.104423943878182
"YAE1D1",-0.104459196647477
"SRR",-0.104485100695865
"MED29",-0.104509719877477
"KRT18P9",-0.104590788346575
"TBX21",-0.10470398602949
"GLIS1",-0.104712300996619
"KIAA2026",-0.104738451589997
"BBS9",-0.104749375390069
"C16orf86",-0.104762169937772
"HLCS",-0.104765828230194
"H2AFV",-0.104767450124638
"CTSC",-0.104791034805699
"PACRG",-0.104828604468749
"DTNA",-0.104870785983942
"NDUFB11",-0.104879197622666
"NSL1",-0.104918586921519
"TSFM",-0.104934773042433
"FXYD4",-0.10501908063766
"ATP2B2",-0.105020996396019
"ZNF619",-0.10503585853979
"ERP44",-0.105079039428072
"LINC01886",-0.105201603903742
"FBXW4",-0.105246732922244
"PTPN20B",-0.105256308542836
"ZNF75A",-0.105325081661256
"DERL1",-0.10537230659824
"ZNF416",-0.105411147650936
"GCH1",-0.105456466250952
"TMEM132B",-0.105474984465596
"RPL23AP43",-0.105480816170534
"CSRP3",-0.105483176202608
"ZNF639",-0.105491080666836
"MPST",-0.105509540204758
"MBOAT7",-0.105522275246253
"ZNF337-AS1",-0.105532012395526
"TTC30A",-0.105532573142257
"SLC35G6",-0.105549507369275
"MRPS33",-0.105578833900528
"KLF2",-0.105640422318871
"PROSER2-AS1",-0.105646744279736
"KRTAP5-8",-0.105665340280865
"GOLM2",-0.105704306560992
"USP13",-0.105784275761136
"MIER3",-0.105788830942418
"DDIAS",-0.105793642660624
"IFNG-AS1",-0.105798350828402
"RARB",-0.105852519551267
"LRATD2",-0.105868988226044
"RCCD1",-0.105880154199717
"ARMCX3",-0.105928661343373
"ATF7IP2",-0.105978221490887
"C14orf132",-0.10603592105522
"PIP5K1B",-0.106067602395197
"ARMCX4",-0.10608296326891
"TCF15",-0.106091513484138
"ODF3L2",-0.106097667477038
"ACTR6",-0.106115577672733
"ATP5S",-0.106145627054472
"PCTP",-0.10616190721666
"CNGA1",-0.10618251156996
"RFLNA|ZNF664-RFLNA",-0.106183421666963
"SERPINA4",-0.106190848269351
"SLC24A3-AS1",-0.106221984252199
"ARHGAP5",-0.106225332539043
"LOC155060",-0.106262682352401
"WIPF3",-0.106274400099494
"MIR31HG",-0.10632093595369
"KCNJ5-AS1",-0.106329139403186
"RSPO2",-0.106338882568832
"GNG4",-0.106384083505789
"ZNF564",-0.106424122934104
"OR2B6",-0.106424361950156
"IFIT2",-0.106466223314204
"TNFAIP2",-0.106469658466022
"PRC1",-0.106510554337316
"TRIM68",-0.106519138969221
"KRT18P10",-0.106612436318002
"CTAGE10P",-0.10663673384698
"IFIT1",-0.106640029124319
"CREG1",-0.10665560505604
"PLK3",-0.106656607757084
"IL13RA1",-0.106670461704116
"LRRC39",-0.106724078216181
"SULT1E1",-0.106752511851351
"CYP21A2",-0.106780029723118
"RCAN3AS",-0.106792337227577
"C1GALT1C1",-0.106818356146356
"GAD2",-0.106819154355881
"LINC00937",-0.106832251268007
"KLRC2",-0.106833253750361
"RPS4Y2",-0.106869464363486
"LINC00570",-0.106886553863133
"GJA1",-0.106888867850258
"ANGPTL3",-0.106912290518772
"SCO2",-0.106936186222673
"NEUROG2",-0.106956303722367
"RCAN3",-0.106957975528992
"RPL23AP77",-0.106999441678413
"MALL",-0.107056882727312
"VNN3P",-0.10706243476413
"XRCC2",-0.107090614987178
"TTC16",-0.107112454505496
"CITED4",-0.107135080361419
"MARS2",-0.107165499694257
"NUDT10",-0.107172046436158
"FGD4",-0.107222331515427
"CARS2",-0.107256923046139
"MIRLET7BHG",-0.107279674207952
"RPL21P80",-0.107295156369645
"ZNF10",-0.107390689742816
"LIPA",-0.107500267256156
"EHD1",-0.107540507161093
"HLA-DMA",-0.107542547683041
"CRIP3",-0.10763749804223
"OBP2B",-0.107653128027325
"APAF1",-0.107688396365401
"TTLL2",-0.107753895737457
"AMH",-0.1077733640887
"LGALS9B",-0.107802832039437
"SLC26A3",-0.107803596149195
"PDRG1",-0.107856054710634
"NHS",-0.107948580018575
"SLAMF9",-0.107949500575656
"CFP",-0.107987943135412
"ANKRD20A11P",-0.108133826733042
"VOPP1",-0.108145500505018
"THSD7B",-0.108163523207418
"KPTN",-0.108175269577422
"LINC02809",-0.108193987298544
"RASSF3",-0.108207583791192
"NEK2",-0.108236188292545
"MRAP",-0.108315293853038
"NDFIP2",-0.108321325346312
"SCGB3A2",-0.108327170419746
"GRB2",-0.10840617060588
"RPL5P22",-0.108428698956912
"EFHB",-0.108443009126942
"PPM1E",-0.108474599899226
"UQCC1",-0.108512377308055
"UQCRFS1",-0.108523366118833
"RPLP0P3",-0.108555773509712
"LINC02400",-0.108614336545161
"LYL1",-0.108747041340818
"RBM47",-0.1087841941833
"RNA5-8SP10",-0.108815297114406
"TMEM237",-0.108830108882821
"INPP5J",-0.10884182798793
"NEPRO",-0.108879828558648
"FRMPD4",-0.108937243701482
"NXF3",-0.108991187965763
"RPL13AP6",-0.109013790320608
"YIPF4",-0.109033362936527
"HSDL2",-0.109045630075191
"ABCG5",-0.109149990281675
"LOC102723545",-0.109178481389595
"ALG2",-0.109178839338319
"FLRT2",-0.109186105073497
"ASNA1",-0.109186168696125
"B9D2",-0.109188610194514
"ATP1A1",-0.109302804871964
"RPL7AP33",-0.109345731433867
"RPS10P13",-0.109418322800127
"RASSF2",-0.109420386770557
"MIP",-0.109431827230597
"ZNF844",-0.109465849577746
"COPS7B",-0.109466589442292
"TMTC1",-0.109475203545307
"LOC100421580",-0.109525441624575
"PTCHD1",-0.109583966676891
"ATOH7",-0.109600835094756
"LCE3C",-0.109603520023176
"LY6D",-0.109633869496381
"SLN",-0.109637504067009
"TRMT12",-0.109781374683641
"PANX1",-0.109782827866654
"TBC1D2B",-0.109833314856511
"ETNK1",-0.109878473797558
"APH1B",-0.109903444922409
"LINC01506",-0.109948381641697
"TMEM40",-0.109991497369414
"APBA1",-0.110010286198
"LOC102723335",-0.110014746258454
"SOBP",-0.110037130513372
"RPL10P16",-0.110153319087652
"CAPN12",-0.110156554643839
"MMP19",-0.11020956398678
"RNU2-52P",-0.110332565738795
"RPL7P32",-0.110380506375753
"CYTH3",-0.110404592534878
"HLTF",-0.110469302085163
"TSPAN33",-0.110529369380251
"DUS4L",-0.110545594233681
"SRSF8",-0.110577141653599
"USH1G",-0.110601417673174
"MINDY2",-0.110656619480814
"OAS2",-0.11068719878988
"MAGEB2",-0.110713720908731
"IPO9-AS1",-0.110727574866339
"PIK3CA",-0.110788266379701
"CDC23",-0.11081882016239
"ZNF175",-0.110861166571289
"CREB3L3",-0.110888304193945
"OPRK1",-0.110970733887375
"NDRG4",-0.110978475544269
"PPP1R1B",-0.110990190671397
"BOLL",-0.110998071981854
"GGTLC4P",-0.111017610350343
"GRB10",-0.111019962451703
"NR4A3",-0.111035017177367
"CYP4B1",-0.111041560101996
"C11orf42",-0.111079144151597
"WFDC2",-0.111090976343883
"RBL1",-0.11114190547266
"CTSF",-0.111143398661246
"TLX3",-0.111166672126648
"ZAR1",-0.111196913972276
"RPL23AP12",-0.111204227945152
"OR10T1P",-0.111204958372558
"FSD2",-0.111264600508033
"MAF",-0.111360204285878
"RMI1",-0.111390245775434
"GADD45B",-0.111406411125652
"FAR1",-0.111420324574184
"STXBP5-AS1",-0.111469582920451
"OPN4",-0.111499246194331
"ZNF497",-0.111515328245123
"RTN4IP1",-0.111563476588867
"CTRB2",-0.111582223013021
"QRSL1",-0.111713701028415
"VRK2",-0.111729470145987
"CHM",-0.111740122918846
"EFCC1",-0.111760095060518
"FAM114A2",-0.111774850265118
"SMIM1",-0.111777924159003
"NOTUM",-0.111803277032807
"CXorf58",-0.111807724202265
"H3C3",-0.111810077289631
"INHBA-AS1",-0.111836374785627
"VCAN",-0.111853056965227
"ACTRT2",-0.111854044347257
"MAPK14",-0.111860321305093
"PAFAH2",-0.111874760857882
"KRT18P49",-0.1118942744191
"GFM2",-0.11189632752796
"CLSTN3",-0.111903171184636
"ART5",-0.111979433049009
"ZNF594",-0.111985032409061
"C1D",-0.112002892889139
"USHBP1",-0.112081761183783
"RALGPS1",-0.112105851703048
"C7orf26",-0.112119297917558
"AOC2",-0.112130034056745
"CON_sp|TRFE_HUMAN|",-0.11214995279893
"EIF3J",-0.112157164084297
"CACTIN",-0.112176872473833
"TASOR2",-0.112178265937357
"FAM173A",-0.112187420085173
"AMIGO3",-0.112283022527828
"BLNK",-0.112357659803453
"CDH24",-0.112384116426963
"WASF1",-0.112444662964064
"ERCC6L2-AS1",-0.112456690824135
"FDX1",-0.112483118114766
"ZFP42",-0.112517496902671
"CALCOCO2",-0.112524639577294
"SORL1",-0.112600180177029
"CERS6",-0.112617627334271
"DBNDD2",-0.112621915009861
"PTPRB",-0.112640538996988
"COL11A1",-0.112684074859986
"FSHR",-0.11269804099538
"CDHR4",-0.112699960474258
"ACER1",-0.112706916997966
"IVL",-0.112795983425777
"POU5F1P3",-0.112823687687087
"SDC3",-0.112824764102294
"LOC105374101",-0.112846802189361
"HSPA12A-AS1",-0.112892541991759
"SEZ6",-0.112953257670218
"CD40",-0.112970579064508
"FAM110C",-0.112997935417283
"IL1RL2",-0.113000800062456
"GBP7",-0.113032330078254
"LHCGR",-0.113066798046432
"AHSG",-0.1130950809195
"MSLNL",-0.113177152688726
"OMP",-0.113204047786917
"KRT14",-0.113256653331096
"ABL2",-0.113277402639508
"VPS26C",-0.113311276267648
"APOL6",-0.113313823406658
"ANG",-0.113321497637205
"FBXL16",-0.113331723210157
"HOXB3",-0.113393991389069
"CCDC126",-0.113427137714608
"EVPL",-0.113527532367127
"KLF9",-0.113545461111637
"ZBTB3",-0.113551445727722
"FRMD6",-0.113558496493816
"SLC29A2",-0.113578046339448
"ADA2",-0.113621665665943
"NPTX1",-0.113654957137928
"XIRP2",-0.113684318101416
"ZP1",-0.113699471351325
"INTU",-0.113705993617168
"HLA-DQA1",-0.113743926977884
"ZNF174",-0.113779125010892
"ZNF273",-0.113794719487612
"ZNF492",-0.113797203250603
"GPR119",-0.113816330279739
"SLC32A1",-0.113886918909345
"PDF",-0.113923651443043
"PPM1A",-0.113935253274231
"CDC37L1",-0.11393530710987
"RAPGEF4",-0.113946849421812
"DGKG",-0.114028597029661
"SCML1",-0.114095960031546
"LRRC8D",-0.114096072782215
"ANKH",-0.11412624090855
"CCL14",-0.114144972143286
"RPS2P34",-0.114149983381687
"GUCA1B",-0.114150124987904
"TAS2R40",-0.114168863246866
"TRPM5",-0.114263090965435
"PYURF",-0.114265370641863
"GPR31",-0.114322840315169
"RPL23AP49",-0.11433032276005
"NRAV",-0.114332416170024
"TECTA",-0.114349465534658
"LOC399900",-0.114368040825552
"HSPA5",-0.114422100022143
"ISCA1",-0.11446631476618
"ZNF432",-0.114477200199019
"CCR4",-0.114480924513596
"EPHA8",-0.114484990045402
"SALL3",-0.114516827396604
"OXTR",-0.114527283937835
"ZNF813",-0.114576093872374
"TMEM116",-0.114692548567475
"NCAN",-0.114706377915215
"MARCHF2",-0.114707664377763
"CKMT2",-0.114724468203825
"C11orf24",-0.114746617341265
"KDELR3",-0.114780322727135
"POMGNT2",-0.114792994266782
"GPSM2",-0.114871161147893
"PLD1",-0.114871179533803
"KLF11",-0.114953411721061
"PEX11G",-0.114953421749426
"RAB30",-0.115112828374589
"PLBD1-AS1",-0.115143834542657
"NCK1",-0.115161159506006
"PITX1",-0.11528465320625
"CEP295",-0.115501082387398
"LRRC40",-0.115509807289173
"GYPB",-0.11551316081367
"PLK4",-0.115527168493394
"SPPL2A",-0.115566232232972
"ATP8A2",-0.115718062012683
"KRT8P3",-0.115727453934833
"PFKFB4",-0.115766613002736
"EXOC8",-0.115796406825207
"MSANTD3-TMEFF1",-0.115811486885857
"SNRPN",-0.115826562330598
"NTN3",-0.115841430826534
"FAM131C",-0.11586790111103
"PAK5",-0.115911429418081
"GVQW3",-0.1159361225627
"SPERT",-0.115959324760932
"RBAK",-0.115971947728084
"SOWAHD",-0.1159889520003
"RRM1",-0.116023432923331
"DYNLL2",-0.116038940680306
"MRPL42",-0.116044485725358
"CPT1B",-0.116050629945348
"SYT2",-0.116164131506599
"RFX3",-0.116212796145978
"GNG7",-0.116270236561771
"LOC644456",-0.116298120567274
"SGPP1",-0.116314816193334
"KRT86",-0.116344379026737
"LONRF2",-0.116402334029255
"IHH",-0.116408961375903
"TMEM126A",-0.116432621883062
"TSPAN7",-0.116437994568571
"FAM210B",-0.116446632473926
"KRT16",-0.116456358794254
"NRBP2",-0.116498868053459
"ZNF473",-0.116516510738706
"SYT13",-0.116594222268369
"PPP3CB",-0.116621740637329
"DEPDC4",-0.116651397679213
"ZNF792",-0.116654729003698
"NIBAN3",-0.116701836301342
"TST",-0.116716399681917
"SLC4A1",-0.116719384929923
"CR1L",-0.116748613614142
"RAB10",-0.116758028696727
"EPB41L2",-0.11675857410662
"ADGRF4",-0.116768957876156
"KRT18P46",-0.116793290802097
"TBCK",-0.11689985330272
"MTX2",-0.116902567904895
"INSL4",-0.116911966383105
"CDPF1",-0.116983068036577
"MDFI",-0.117020489634287
"ITGB3BP",-0.117052075637968
"PCDHGB5",-0.117114997952294
"ALOX12",-0.117120286708774
"NACA4P",-0.117144967450064
"ACOT13",-0.117167318155614
"CBY1",-0.117282502686141
"METTL14",-0.117307137071536
"FAM151A",-0.117310693855098
"CA12",-0.117361790266557
"PANK1",-0.117415963712117
"TCF7",-0.117432095232081
"EREG",-0.117438774435405
"SCARNA21",-0.117461538461538
"PSMG3-AS1",-0.117531851045499
"ECI1",-0.117692863690413
"TFDP2",-0.117788756377152
"BCAM",-0.117842040246303
"BCL3",-0.117911691636851
"RNASET2",-0.117924401361029
"GPD1L",-0.117955271113444
"PDK1",-0.117993367435012
"LOC728392",-0.117993995352575
"TEX22",-0.118029817187225
"ACSS3",-0.118042066277076
"TAGLN",-0.118049588446513
"FAM13A",-0.118109156027517
"C1QTNF1",-0.118150780811632
"CYB5RL",-0.118287418199653
"EFR3A",-0.118397532673506
"GNG12",-0.118402829927489
"MEP1B",-0.11848234838745
"ZNF235",-0.118492770463888
"ZBTB16",-0.118504256772038
"ADARB2",-0.118513509684617
"JRKL",-0.118525410866383
"HAGH",-0.118557368419276
"EID2",-0.118605833593535
"ZNF302",-0.11862841990523
"HCG25",-0.118767421197069
"PLBD1",-0.118771885193981
"PLIN2",-0.118779142185562
"ZNF613",-0.118787586918114
"H2AC6",-0.11879777891113
"LRRC30",-0.118825750022196
"B3GALT9",-0.11885678560961
"RPLP0P5",-0.118895594308608
"NKX2-1",-0.118913977987449
"GTF2A2",-0.118974789493444
"ASTL",-0.118978826658707
"BRI3BP",-0.119045144532635
"TMEM65",-0.11905043981861
"GPR78",-0.119078622792737
"RPS3AP5",-0.119165712526094
"CMTM8",-0.119180715732507
"ZKSCAN8",-0.119237501300945
"ANP32D",-0.119276578843941
"ZNF56P",-0.119292978589143
"DNAJC12",-0.119299655135271
"LOC124903659",-0.119307692307692
"ATP5B",-0.119310315409046
"ZNF487",-0.119371896192058
"GEMIN5",-0.119387117604283
"IL36A",-0.119454916468613
"ZNF12",-0.11950480489426
"PLEKHA8P1",-0.119578459650212
"FAM20B",-0.119645227780237
"TRAIP",-0.119705174542426
"IGSF9",-0.119722842351001
"LUZP1",-0.119741821593465
"CTAGE9",-0.119746035982181
"ADGRB1",-0.119765382708154
"DNAAF3",-0.119804944180623
"ZNF321P",-0.119807231153183
"SPDYE5",-0.119825411671079
"MCHR2",-0.119926366713853
"TXNDC16",-0.120014074568533
"HCLS1",-0.120055451209258
"ZNRF4",-0.120094301144767
"OTUD6A",-0.120191593910657
"CSE1L",-0.120213684106434
"CD74",-0.120214889648728
"DUSP1",-0.120256250957152
"IFNE",-0.120256918433959
"OVOL3",-0.120257999757555
"SACS",-0.120307468550539
"IRF1",-0.120381366490358
"GPR146",-0.120447506620397
"LINC02897",-0.120470931303123
"STX1A",-0.120609430585233
"SLC35A3",-0.120675453883343
"NECTIN4",-0.120750658647048
"DPYSL5",-0.120762667489643
"DENND2C",-0.120849778889218
"PEPCAL_11|PEPCAL_11|",-0.120895524176109
"TXNL4B",-0.120909441096797
"RPL6P13",-0.120964675297927
"CACNA1H",-0.121000569527363
"TSPAN31",-0.121030200876603
"ATP1A3",-0.121088662575045
"SLC25A39",-0.121099629360322
"ZNF486",-0.121148597123486
"SLC25A47",-0.121158813157197
"LOC100288097",-0.121213939737147
"TMEM230",-0.121257731702315
"HTR1B",-0.121262513322556
"BICD2",-0.1212927529802
"GMDS-DT",-0.121299301173525
"TMEM9B",-0.121301860074625
"ITIH4",-0.121323148856649
"PLAGL2",-0.121332882065734
"GPR33",-0.121347214333797
"PGK1",-0.121489363994189
"KIFBP",-0.12156954312685
"CACNG3",-0.121587956174308
"ADGRA3",-0.121672946239723
"RPL10AP6",-0.121680938343707
"SH3RF1",-0.121697336256678
"SUSD5",-0.1217089333769
"COMMD7",-0.121767760235302
"TCTE1",-0.12189027529685
"FSHB",-0.121892749899258
"GALC",-0.122010298375761
"GADL1",-0.12208786502929
"KCNE2",-0.122090871678272
"KRT18P34",-0.122097674955236
"POLR2L",-0.122113380524687
"PTHLH",-0.122158273537963
"KRT20",-0.122196056617076
"IL2",-0.122260291311663
"CRYGS",-0.122279000808913
"TWSG1",-0.12230514169737
"MAPK6",-0.122361810625071
"HOXB4",-0.122514803691817
"CPT2",-0.122588486628394
"HLA-G",-0.122632417476807
"NDN",-0.122702781739893
"BNIP5",-0.122703562956155
"ACAD11",-0.122710742740908
"NRN1",-0.122724587288661
"CMBL",-0.122737026114529
"OR7E91P",-0.122738701628254
"NR0B2",-0.122768261204146
"DHFR2",-0.122774685341836
"LMBRD2",-0.122782087538477
"RPL32P7",-0.122793998914378
"ZNF573",-0.122804885936989
"FAM111A",-0.122819018727426
"MAGEB10",-0.122880217687362
"LINC02470",-0.122881979737376
"SOX17",-0.12288967812617
"MAPKAPK2",-0.1229261461337
"OR7E18P",-0.1230562922553
"ALDH4A1",-0.123062456474742
"CD55",-0.123071005129241
"MRPL34",-0.123090665170331
"SLC25A51P4",-0.123111316415486
"CFAP43",-0.123117946935674
"GPC6",-0.123126083235408
"PAQR4",-0.123136247178252
"CDH22",-0.123200303943055
"FBXO3",-0.123261839751392
"ALDH9A1",-0.123276428157118
"FAM222A-AS1",-0.12328358900512
"FRAT1",-0.123303894310303
"GALR3",-0.123361181763681
"FAM110A",-0.123375834708626
"SLC66A2",-0.123390056484955
"OSTC",-0.123399597069352
"CGA",-0.123401276862805
"FAM162A",-0.123428875332729
"SIGLEC8",-0.123439800103612
"LINC00261",-0.123441420184853
"AATBC",-0.123528843527263
"MESTIT1",-0.123535141819009
"RLBP1",-0.123555632028655
"ZNF542P",-0.123562744061303
"ALKBH7",-0.123660406139074
"TRAF1",-0.123681007826312
"C1GALT1",-0.123725661789231
"RNASEL",-0.123726202309393
"KLHDC7A",-0.123728002786846
"PCSK1",-0.123844270104665
"MRVI1",-0.123914303965198
"SCG3",-0.123957892109012
"UBL4B",-0.123973079320299
"FLT3",-0.124002349163102
"ALG14",-0.124008089009038
"LRCH2",-0.124010760249417
"KY",-0.124058263864202
"ZNF879",-0.124063488701965
"LRRC46",-0.124113367785807
"ZPLD1",-0.124123989146219
"SLC35A1",-0.124167860077396
"ZNF471",-0.124190744507058
"ENPP4",-0.12426221535462
"C4B_2",-0.124272971881641
"RPS6KA2",-0.124311581308558
"GHRHR",-0.124373976563557
"PSMD12P1",-0.124444886469531
"DAPP1",-0.12447317314405
"RPL10P2",-0.124576182647025
"ZNF839",-0.124614433254388
"MGC16275",-0.124626486078245
"CYP4F12",-0.124735310918657
"OTUD6B-AS1",-0.124743713939616
"PLEK2",-0.124774848907198
"RPS15AP19",-0.124877676911073
"CA5BP1",-0.124902142566752
"ERCC6L2",-0.124914091348048
"ZNF83",-0.124936317976085
"GLO1",-0.124963386366937
"HIKESHI",-0.12508816033169
"SLC4A4",-0.125131792470126
"CYP39A1",-0.12515395338778
"LOC100128548",-0.12517393536119
"FCGR2A",-0.125185319209889
"CNN1",-0.125225007767123
"RNF130",-0.125248440680879
"ERBIN",-0.125276108707982
"CRELD1",-0.125281244189279
"SRPRB",-0.125295319821367
"UROS",-0.12531281834499
"SMC2",-0.125343472135394
"DEPDC7",-0.125383588916535
"RPL7AP8",-0.125438704664072
"FGF6",-0.125443331184087
"CHGA",-0.125512489565869
"ETFDH",-0.125576902567287
"VWA5B1",-0.125580055204524
"RAB38",-0.125590394115006
"MTHFS",-0.125656248928355
"TMEM256",-0.125708329350921
"PIN1P1",-0.12572709822112
"LTBP4",-0.125733400647804
"LMBR1",-0.125735092844899
"ARMC1",-0.125779600811174
"GSG1",-0.125808258301787
"UGT2B28",-0.125810691077764
"EMILIN3",-0.125818501133497
"AQP7",-0.125825640228584
"IRF4",-0.125833369315155
"EPHA7",-0.125867739227178
"MED31",-0.125887101915548
"MRGPRE",-0.125942114219828
"AIG1",-0.12600578208787
"CAPN13",-0.126045829530154
"ANKRD34A",-0.126068728294624
"ZNF74",-0.126082362165642
"FAM104B",-0.126098225643621
"EMG1",-0.126127320014301
"SPATA1",-0.126206402686037
"MRPL30",-0.126261780162795
"SLC18A3",-0.126308401638838
"HSD17B6",-0.12631300798596
"EHHADH",-0.126418646813057
"LRRC31",-0.12642654769661
"ICAM2",-0.12647688125073
"ABHD18",-0.126493153408272
"ARL6IP5",-0.126531909088604
"PCSK9",-0.126558105745664
"RNF125",-0.126637828622412
"BRIP1",-0.126722939154284
"RNU6-892P",-0.126745410874799
"MFRP",-0.126878916721342
"IGHV3OR16-17",-0.126987152750905
"DTX2P1-UPK3BP1-PMS2P11",-0.127007856547559
"SBDSP1",-0.127022360097211
"CDNF",-0.127094327693699
"SYNPO",-0.127097438476563
"ZNF134",-0.127184039389144
"SPR",-0.127197959149459
"C17orf58",-0.12721992872276
"CRIP1",-0.127220654724011
"VEZF1",-0.127222972807654
"FOXL1",-0.127247556306147
"RPL7AP66",-0.127248603692961
"MOCS1",-0.127325693930824
"ADAM17",-0.127347406184564
"LNPK",-0.127374064978605
"MFHAS1",-0.12741058726184
"MSRB3",-0.127427396595222
"S1PR3",-0.127460311643082
"SFT2D1",-0.127479085530464
"SH3BP4",-0.12754947577988
"UGP2",-0.127556537928469
"CSRP2",-0.12756976346041
"STAMBPL1",-0.127589686306488
"ELOVL4",-0.127611065741728
"CATSPER3",-0.127629028653442
"BHMT2",-0.127700027571318
"LYRM1",-0.12775834628708
"BTNL9",-0.127797100278842
"WASHC4",-0.127829071165267
"MYBL1",-0.127834730345584
"GSC2",-0.127924885243561
"GJB1",-0.127967696825074
"PERM1",-0.128015150673001
"PIGP",-0.128023810074713
"C2orf27A",-0.128108045183725
"POLK",-0.128128697527847
"KCNV1",-0.128161525107138
"KANSL1-AS1|LOC107984142",-0.128196056123889
"RIMS4",-0.128196472250102
"C2orf15",-0.128254579580067
"KRT18P55",-0.128311936345431
"UBE2D1",-0.128341733383933
"KARS1P1",-0.128346479852489
"TRIM29",-0.128351093972615
"CHST9",-0.128358807372787
"ZCWPW2",-0.128380714085818
"UNG",-0.128406024776257
"ZNF670",-0.128511848982115
"IGHV1-8",-0.128540148421173
"PIGUP1",-0.128557569644602
"CA7",-0.12863076231848
"HOXB6",-0.128673877215931
"PSPN",-0.12869476171627
"MTBP",-0.128705158557968
"RPLP0P6",-0.128719848098784
"ALKBH8",-0.128749189895523
"F8",-0.128763531178278
"DIXDC1",-0.128804166530631
"ST3GAL2",-0.128861639253319
"IGFBP6",-0.128888759414328
"ODAD1",-0.128990015833605
"IL13RA2",-0.129146503337175
"GCAWKR",-0.12920216176662
"OR1R1P",-0.129256345043092
"ASPH",-0.129294707526405
"SLITRK2",-0.129304778331829
"ANKRD42-DT",-0.129507091471323
"PSPH",-0.129547202062424
"CLEC4M",-0.129567902875288
"VTN",-0.129614727267981
"WNT5A",-0.129708190668193
"LAPTM4B",-0.129764820007692
"RHOT1",-0.129940615972281
"IPP",-0.129992109059275
"ANKRD61",-0.130000871467429
"KRT18P7",-0.13001418725347
"MTRES1",-0.130020278826175
"BBS5",-0.130187332086124
"ZNF576",-0.130201587759029
"ZNRF1",-0.130214704321429
"CPNE7",-0.130247501373213
"TRAPPC13",-0.13026688958044
"PEX7",-0.130269092581695
"GZMK",-0.130275482723893
"CLDN4",-0.130299619718569
"CCL23",-0.130360683022611
"HSP90B1",-0.13038626240619
"ZNF551",-0.13040361474724
"IQCN",-0.130457364962267
"STYXL1",-0.130492984298164
"CLXN",-0.130605666729874
"ACTN2",-0.130613694776908
"OPTN",-0.130670396590709
"UTP23",-0.130697749645785
"DNMT3A",-0.130698658896595
"LOXL4",-0.130740082991878
"PABIR1",-0.130858200265278
"FBXL17",-0.130872750458191
"GBP1",-0.130927574388518
"PCYOX1",-0.13093589286773
"RTN1",-0.130943577306435
"PPP2R5A",-0.131011299062842
"RPL17P33",-0.131054313901055
"CCKAR",-0.131073356389617
"RETSAT",-0.131105229849248
"KLK10",-0.131220148133474
"RPLP0P4",-0.131236934383272
"KCTD6",-0.131239708364003
"MBNL2",-0.131252034164852
"LINC01233",-0.131337419180047
"TNFSF10",-0.1313998474789
"B3GALNT2",-0.131434382291589
"SMIM2-AS1",-0.131450056447542
"ATP2B4",-0.131518010784313
"NANOG",-0.131529320159639
"CHCHD1",-0.131560378869891
"CDH19",-0.131633791581835
"BVES-AS1",-0.131651882479699
"TOGARAM2",-0.131653328804398
"SERTAD1",-0.131708811257511
"USP47",-0.131838946715707
"GPX7",-0.131869498896495
"INAFM2",-0.131914735038382
"SLC19A3",-0.131989111100762
"PTEN",-0.132056521184486
"VAMP4",-0.13211831688194
"AGPAT5",-0.13213028610338
"AASS",-0.132147463833739
"RPSAP18",-0.132195134230741
"SCGB3A1",-0.132203903419459
"C1QL4",-0.13220713832403
"RMDN1",-0.132249475717532
"RPL3P4",-0.132343561290253
"RPS4XP19",-0.132393122044323
"TSKU",-0.132501452979492
"GSTA4",-0.132505591705132
"PRSS16",-0.13255304780567
"MFSD9",-0.132613853735546
"MROH8",-0.132641948793981
"PRMT9",-0.132713595175175
"TMEM160",-0.132783521397226
"ISOC1",-0.132798114170862
"TVP23A",-0.132812951805631
"VPS33B-DT",-0.132817749827868
"SPESP1",-0.132861436611189
"TNRC18P2",-0.132872405717126
"SEPT5-GP1BB",-0.132976896869703
"ZFPM2",-0.133066728416233
"TACR1",-0.133098372421403
"NRG1",-0.133241824517473
"PSMG1",-0.133311349888701
"GLYATL1",-0.133360014215779
"HSPA1B",-0.133450924692416
"DSP",-0.133454509986309
"NMBR",-0.133457391876119
"GAL3ST3",-0.133530572023506
"RPL15P11",-0.133539428385744
"LINC00662",-0.133543692081957
"ATP5O",-0.133576378272828
"EFCAB2",-0.133586243471728
"CYP7A1",-0.133695257586512
"RPL7P13",-0.133730080792102
"OAZ3",-0.133755962348771
"RPS17P10",-0.133760043136773
"TRPM1",-0.133824581565127
"FBP1",-0.133914979487931
"FNTA",-0.13397061312505
"CGRRF1",-0.134136012455787
"CD96",-0.13420525971091
"ZMIZ1",-0.134271115602656
"RPL27AP6",-0.134293534398557
"CDC42SE2",-0.134365663116435
"LINC01399",-0.134368766279568
"LOC101930421",-0.134420276674895
"H3C11",-0.134463263805931
"EXTL1",-0.134480602474214
"ERBB4",-0.13452896362204
"RPL9",-0.134530239066116
"RGPD5",-0.134586842842298
"TMX4",-0.134693763537766
"NTN5",-0.134710837790756
"RPL5P30",-0.134824241266387
"LINC01088",-0.134868439925282
"CON_sp|KCRM_HUMAN|",-0.134874523521745
"LOC541473",-0.134880391201369
"BAIAP3",-0.134979721907039
"VRTN",-0.1349804187727
"TDRKH",-0.134996182258987
"CHCHD7",-0.135016191409144
"NAA11",-0.135026888066744
"SEZ6L",-0.13509107414954
"GPHB5",-0.135123026948105
"CA10",-0.135202593220814
"KCNG4",-0.135228950987863
"RNLS",-0.135231976694181
"NNT",-0.135284507932743
"MELTF-AS1",-0.135304578430485
"LOC402229",-0.135326056640968
"TM6SF2",-0.135341152647302
"TNFRSF8",-0.135549417299193
"ACOT11",-0.135567631409533
"PTGES3",-0.135646649781373
"ITGAV",-0.13565162551305
"ABHD5",-0.135658473428965
"ATAD1",-0.135668327491715
"RGPD8",-0.135683247073657
"NMT2",-0.13575976200993
"FHL5",-0.135778041015387
"FLJ32255",-0.135801093924809
"IDS",-0.135829598721794
"CDCA7L",-0.135836589308645
"SMIM27",-0.135925691187553
"MCF2",-0.135994074654462
"LOC107984948",-0.136
"ZP4",-0.136069143776227
"NALF1",-0.136103534145138
"FBN3",-0.136184662859784
"PLAT",-0.136191995340174
"SLC41A2",-0.136193577660088
"KLHDC10",-0.136230022479157
"RPS2P52",-0.136262208037744
"POU4F3",-0.136276582633493
"RDH5",-0.13635407811347
"GMPR2",-0.136368547831143
"TECRL",-0.136401468538798
"NBPF25P",-0.136415062340814
"AK4",-0.136461310097217
"SMPDL3A",-0.136483005158682
"RPS10P30",-0.136509164396551
"ICAM4",-0.13651819276018
"CCDC68",-0.136589838190738
"TSPAN5",-0.136601342264535
"EOMES",-0.136605572899698
"KRT18P66",-0.136624219935738
"CDH20",-0.136653916317221
"BDH2",-0.136666712392512
"TMEM184A",-0.136703070273434
"LGSN",-0.136704132460436
"OSR2",-0.136820313277583
"HEPACAM2",-0.13683391569555
"ZER1",-0.136860632150998
"LCE2C",-0.136883501828894
"ICE1",-0.136956773323582
"VASH1",-0.137012672685549
"AQP4-AS1",-0.137064959259594
"KHDC1L",-0.137081771750583
"FKBP7",-0.137147800965212
"CNNM4",-0.137169135923723
"CHST12",-0.137186162873188
"CASP8",-0.137277056012674
"SPRR1A",-0.13737128161558
"HORMAD2",-0.137420007155346
"H3C2",-0.13742541654685
"TMEM132A",-0.137428934617575
"ACER2",-0.137463431389573
"ERC2-IT1",-0.137537997362267
"PRO1804",-0.13762474201118
"BCL2L10",-0.137646252212486
"THAP8",-0.137826718877474
"SPATA7",-0.137902694539338
"MPHOSPH10P1",-0.137917254820319
"ARSJ",-0.13795943842305
"ARMH4",-0.137969913479876
"ZDHHC21",-0.138066553151232
"RTBDN",-0.138182487432808
"BMS1P1",-0.138200949416133
"KLHL23|PHOSPHO2-KLHL23",-0.13822930133343
"NMUR1",-0.138281873482048
"ERVW-1",-0.138299084850359
"STC1",-0.138404244541348
"ZNF529",-0.138425440220736
"RPS6KA6",-0.138425810693132
"NPTX2",-0.138477368971305
"CON_sp|ALBU_HUMAN|",-0.138490257741327
"CD86",-0.138614668909765
"ZFP14",-0.138623787778955
"RORB",-0.13867490452437
"EFNB2",-0.138703833988281
"ABLIM1",-0.138724670621244
"MMP24",-0.138770570506163
"ZNF595",-0.138808683652535
"TOB1",-0.138841841719531
"CSMD2",-0.138845377997636
"AZIN2",-0.138852463391098
"TAZ",-0.138854298995315
"NR4A1",-0.13888039850511
"HSBP1L1",-0.138891698625802
"MINDY3",-0.138932946128787
"CMTM4",-0.138973652207984
"CA1",-0.139035177059679
"TDRD12",-0.139158150974241
"ALDOC",-0.139239378842867
"HS3ST1",-0.139276204187504
"FAM98B",-0.139294366660119
"ATG4C",-0.139315963463488
"DYNC2LI1",-0.139345615286852
"S100A9",-0.139381293874609
"SAMD9L",-0.139402580672992
"RANBP6",-0.139472023249639
"MS4A8",-0.139532822791459
"BCL6",-0.139622378062591
"FNIP2",-0.13967769742787
"CD48",-0.139721163221091
"PQLC1",-0.139860421132174
"ESRRG",-0.139879927679041
"PRRG1",-0.139934767517654
"MOCS2-DT",-0.140052683214219
"WASF3",-0.140057562438122
"MLF1",-0.140058713341805
"LOC112268389",-0.140088919979579
"TPH1",-0.140177892833972
"MPC2",-0.140196735803549
"LINC01447",-0.140208944679019
"FAM186B",-0.140221073350776
"SMIM20",-0.140267429090917
"AGA",-0.140329450986792
"SCN1A",-0.140360298272092
"MYL6B",-0.140438582362361
"NCOR1P1",-0.140463235105648
"MAT2A",-0.140465963788869
"LINC00964",-0.140527096139812
"CYP20A1",-0.140561611090929
"CDR2",-0.14059041225564
"GJD4",-0.140642303276466
"RANGRF",-0.140657842340271
"TMEM17",-0.140692527700018
"FAM118B",-0.1407235878311
"SCXB",-0.140893682934581
"GIMAP7",-0.140928357269733
"HTRA3",-0.140964162139863
"PCSK2",-0.141017411980941
"SDHD",-0.141124427815574
"KBTBD6",-0.141161527191169
"FMNL1-DT",-0.141201012247884
"PFKFB2",-0.141207873835377
"CSRNP2",-0.141221752599684
"ZNF565",-0.141230523345151
"ATAD2",-0.141328470950904
"RPL35P1",-0.141363500796074
"ZNF543",-0.141384116045195
"ZNF853",-0.141556199596299
"DNAJC5B",-0.141586963922318
"RAB2B",-0.141650314339803
"LMO3",-0.141710896783173
"OR10T2",-0.141868725236432
"TMED8",-0.141917385160191
"CYHR1",-0.142100695693479
"RNA5SP301",-0.14212050133855
"CYP11B1",-0.142145825518081
"UBB",-0.142152339586055
"CHN1",-0.14229619495724
"SYK",-0.142340712571235
"FTHL17",-0.142374645159235
"C18orf32",-0.142385032337945
"APOBEC2",-0.142426077229669
"PPL",-0.142541253928682
"TMEM87B",-0.142560785765904
"ZNF641",-0.142562636682973
"POPDC3",-0.142616490442301
"NUDT16L2P",-0.142621132898747
"EEF1AKMT3",-0.142640497838584
"ZNF322",-0.142743015419381
"ENOSF1",-0.142790064347439
"CCDC117",-0.14297974610279
"PPP1R3G",-0.143010645363367
"RHBDL3",-0.14301543734308
"H2AC4",-0.143046946193223
"THEM4",-0.143056876479257
"PRDM16-DT",-0.143105032595046
"HMGA2",-0.143159229217006
"PCOLCE",-0.143172744251672
"UNC5D",-0.14318785081674
"TAF12",-0.143202840715835
"CHTF8",-0.143269154773351
"ZMYM1",-0.143307234656365
"GRAMD1B",-0.143390911638341
"GSTA2",-0.143508707102113
"ARV1",-0.143538281630601
"ERVV-2",-0.143776098393296
"RPS15P7",-0.143891079632431
"TMEM59",-0.143903898621504
"PELI3",-0.143978725838351
"LINC01565",-0.143991421614851
"AHRR",-0.144006464561016
"H1-3",-0.144056328025219
"BMT2",-0.144064720347478
"AADAT",-0.144081429244119
"LINC00484",-0.144102399378347
"IL17RD",-0.144268808816254
"NIPBL-DT",-0.144339636773147
"CR1",-0.144354064037793
"CDH8",-0.144361631554732
"RPS23P2",-0.144377350333272
"OR4D5",-0.144440361395612
"IGIP",-0.144445408210409
"TMEM231",-0.144458557547151
"GPR150",-0.144464663644015
"GPX5",-0.144504530260151
"HILPDA",-0.144524241445626
"PPP2R3A",-0.144539522681356
"CHAMP1",-0.144612268293164
"PEX11A",-0.144683422410106
"C1QTNF7",-0.14471058230744
"KRT18P12",-0.144711297803047
"CMSS1",-0.144730204055426
"EIF3J-DT",-0.144740568317788
"PKP1",-0.144745633562025
"TSLP",-0.144766370295887
"SMR3B",-0.144787215837008
"PAIP2B",-0.144803382368371
"NUDT8",-0.144878330400587
"ITGB1BP2",-0.144917959450747
"LINC01068",-0.145077879375998
"KLRF1",-0.145136230388928
"BACH1|GRIK1-AS2",-0.145158184328016
"DZIP1L",-0.145276173892067
"C2CD4C",-0.145287443793914
"HHAT",-0.145339377747247
"RGL4",-0.14536944518512
"NCOA3",-0.145406006553611
"GIPR",-0.14544391275576
"LINC01614",-0.145453288556652
"CHRNA2",-0.145555502404997
"LOC100288637",-0.145611267944603
"LRRC66",-0.145647222017507
"APOC2",-0.145676341372034
"HNRNPH1P1",-0.14568874904133
"INVS",-0.14570132144591
"SPTBN2",-0.145787525148923
"TM2D2",-0.145890845183171
"NME6",-0.145955316268128
"SLC25A16",-0.145964492413232
"ZNF559-ZNF177",-0.145972144830286
"ASNSD1",-0.146000980428195
"KBTBD8",-0.146005793105011
"SLC14A1",-0.14609137231312
"LINC00958",-0.146104413157847
"LAMB3",-0.146119011652029
"FAM217B",-0.146172936632581
"PPP1R12BP1",-0.146197739064676
"UTF1",-0.146206004545661
"SLC36A2",-0.146213402682212
"GLRX",-0.146238708020771
"RTP4",-0.146311823801246
"RADX",-0.146461597773013
"ZGRF1",-0.146524409639943
"SUPT3H",-0.146527543286198
"SEMA4F",-0.146602742228843
"MICU3",-0.146615753885355
"LMNTD1",-0.146643220665319
"RSKR",-0.146711859151151
"UST",-0.146814229723484
"KIF1A",-0.1468383152493
"PRAF2",-0.146863175510574
"CCL16",-0.146866252075968
"SYT1",-0.146884568211617
"LIFR",-0.147032747863132
"SMOX",-0.147049498529175
"TRIM38",-0.147064696244373
"ARL5A",-0.147154968365615
"LDHD",-0.147197354315158
"RXFP2",-0.147234566139914
"SOX13",-0.147262956284728
"WASHC5",-0.147263269862869
"TTC36",-0.147279390671038
"CLIC5",-0.147347207457258
"KRTAP13-3",-0.147517671517276
"ATP2A1-AS1",-0.147604257122897
"RPL7L1",-0.147630552665378
"CEP72",-0.147673395514129
"VWF",-0.147788123013312
"TMEM249",-0.147877203371162
"WDR47",-0.147888336931917
"ZBTB7C-AS2",-0.14789794935254
"TRIM6-TRIM34",-0.148013362805156
"RPL6P27",-0.148066682561005
"TAS1R3",-0.14812411054902
"LCE2A",-0.148255756442605
"CCL18",-0.148333954111489
"KRT18P51",-0.148377955839543
"VARS2",-0.148397529590012
"GUCA1A",-0.14844481333626
"PDE6D",-0.148530295086397
"RPL6P30",-0.148553680087944
"RHOQ",-0.148597132088603
"IFNA6",-0.148598350327819
"MPP4",-0.148602448687102
"RNF182",-0.148627569373801
"ZNF260",-0.148685537536944
"ZNF594-DT",-0.148744976075588
"ZNF780B",-0.148746520007055
"PDIK1L",-0.148938231817551
"OXGR1",-0.1489551531535
"LINC02904",-0.148996931551413
"ADAR",-0.149090303921632
"SLC25A19",-0.149211611841379
"SPDYE21",-0.149213502433738
"PTP4A1",-0.149256263483733
"CTH",-0.149305249010974
"PRG2",-0.149338892091756
"AGBL4",-0.149384849841925
"LRRC2",-0.149412679102886
"RPL18P10",-0.149430911423629
"SLC43A1",-0.149439588357811
"N4BP2",-0.149446347023086
"LOC105377590",-0.149459387929512
"ZBTB20-AS1",-0.149527682451699
"AP5B1",-0.149632442880698
"SLC44A4",-0.149684033724972
"TUBAL3",-0.14973665053583
"FHL2",-0.149769101325203
"SLC22A23",-0.149780320184909
"PRUNE1",-0.149798760597186
"SLFN11",-0.149857569974212
"CASKIN1",-0.149888031721629
"A2ML1",-0.149922294985502
"ANXA1",-0.149923738082033
"TMEM191B",-0.150070947552329
"ABTB2",-0.150082474675864
"VSIG10",-0.150117932079941
"LHFPL5",-0.150268403994557
"GPR50",-0.150279302527519
"C1orf105",-0.150370456530647
"AP4S1",-0.150372736022532
"NBPF4",-0.150374964467824
"LOC105372990",-0.150376389931439
"SLC17A9",-0.150402181304869
"FGF7P6",-0.150432626993813
"MARCHF8",-0.150450292403657
"FAM240C",-0.150530296964591
"HADHB",-0.150541167224056
"FRMD1",-0.150606033777355
"CCDC30",-0.150659021632449
"ADAM19",-0.150749681527689
"FBXL7",-0.150928919730052
"LINS1",-0.15122284302097
"ALPK2",-0.151246018473978
"TAX1BP3",-0.151315400770034
"ARHGEF37",-0.151327834658416
"MTM1",-0.151357011963007
"SETBP1",-0.151365289418785
"CGREF1",-0.151451243443453
"HIC1",-0.151457408296038
"TSPAN13",-0.151479225534474
"RPA4",-0.151488888154289
"TNFSF9",-0.15153848906956
"MAP2K6",-0.151570838242576
"SMR3A",-0.151606007789991
"ASPG",-0.151632869497059
"KRT18P64",-0.151677853392728
"PYCRL",-0.151718371130348
"FZD5",-0.151724812274422
"ATP5J",-0.151761028645541
"DET1",-0.151836052492176
"FABP3",-0.151929770879334
"DNAJC28",-0.151929956109653
"MAPK8",-0.152036057575573
"RAB3A",-0.152112884960191
"LOC101928768",-0.152310644328133
"PCOLCE2",-0.152330385550413
"NKD1",-0.15241042675821
"RPS17P6",-0.152478274884656
"AHR",-0.152534129075972
"OR7A10",-0.152557941490414
"LSM3",-0.152609924092768
"ITGB3",-0.152629413143989
"GMCL2",-0.152656737787947
"ABCC13",-0.152692268858823
"SORD",-0.152835492290611
"AMZ2",-0.152867399590312
"CALCB",-0.152881892404188
"NOD2",-0.152895332662318
"ANGPT1",-0.152968837409258
"ERC2",-0.152996485010652
"ABHD14A",-0.153011605217676
"FRS2",-0.153023030442448
"NIPAL3",-0.153142752752524
"MARVELD3",-0.153146103452206
"IQCK",-0.153233581693452
"LINC01600",-0.153276259439125
"PSMB10",-0.153304202534864
"MAP2K4P1",-0.15340092637812
"KAZN",-0.153434296808518
"SYS1",-0.153525539083312
"LINC00491",-0.153552874793756
"FAM181B",-0.153623950021821
"GABRG3",-0.153906837425471
"OR2A20P",-0.154008979012225
"PRICKLE2",-0.154039822030392
"FITM2",-0.154053634922473
"C2orf40",-0.154055618132525
"CXorf40B",-0.154063588291303
"MYBPC3",-0.154073905283836
"PRELP",-0.154151758228826
"SENP8",-0.154176251612096
"SCHIP1",-0.154190122768145
"RPL7AP60",-0.154193149766116
"ATP5C1",-0.154223653916211
"CRYL1",-0.154242266480685
"DUSP7",-0.154274257247995
"ZFP36L2",-0.154286720582773
"ENDOU",-0.154291788057255
"RPS6P1",-0.154314038615462
"SUMF1|LOC100130207",-0.15436329582247
"LINC00520",-0.154406996710058
"RPS4XP2",-0.154470027014802
"DSG2",-0.154610193144121
"RPL7AP28",-0.154702112745308
"SEMA3B",-0.154791108906226
"GAS6-DT",-0.154851816789703
"PPP1CC",-0.15489147242361
"OR7E24",-0.154970824391682
"TLR1",-0.155010763757056
"SBSPON",-0.155153329405318
"KLF12",-0.155177382248301
"MYCL",-0.155195555777778
"ENPEP",-0.155239064546431
"ZNF426",-0.155428234300201
"C1QL3",-0.155473162218679
"KATNBL1",-0.15556335251378
"C16orf89",-0.155596008336732
"ZNF16",-0.15573351769887
"LGALS4",-0.155781352630241
"ACP3",-0.155782056651825
"SCIRT",-0.155796520687511
"KLHDC1",-0.155802790308861
"CCDC18",-0.155813731016405
"LARGE2",-0.15581545715032
"SMIM8",-0.156000526148987
"KCNC1",-0.156140871094596
"NFASC",-0.156141341902052
"CCL19",-0.156176857961029
"SFTPB",-0.156339560100859
"KCNAB1",-0.156385385747526
"OXNAD1",-0.156477835560037
"ZNF578",-0.156559632965146
"DYNLT4",-0.156566349915985
"EDA2R",-0.156620221990214
"CYP2B6",-0.156689710794213
"SMTNL2",-0.156703493480598
"NEDD1",-0.156730485703529
"TRPC3",-0.15686724541464
"NIPA2",-0.156915148303069
"CSPP1",-0.157003862680969
"ZNF888",-0.157139623390217
"ID3",-0.157201169768777
"COL6A3",-0.157231605915713
"LOC780529",-0.157237248403502
"RPS2P11",-0.157242469536037
"ARL5B",-0.157376880141321
"ZNF606",-0.157419160006974
"KMT5B",-0.157476138102087
"RABL2B",-0.15762730790107
"TMEM45A",-0.15765643552968
"RNU6-1176P",-0.157656830760971
"DTWD2",-0.157659162432773
"DCLRE1C",-0.157700430918102
"CYP2A7P1",-0.157758526692562
"RAC1P7",-0.157778043613397
"C1orf68",-0.157981354436485
"ZXDA",-0.158027518654748
"EPHX2",-0.158132942589113
"RPS6P26",-0.158152956734473
"UBASH3A",-0.158273797502974
"LRRN2",-0.158279731391475
"NXPE3",-0.158333945369982
"CFAP298-TCP10L",-0.158557557117714
"RPS3AP10",-0.158586879255246
"KRT8P49",-0.158624434358959
"ZNF770",-0.158640574951033
"FRMD3",-0.1587208491646
"FLRT3",-0.158749516486039
"B3GALT2",-0.158762066099483
"SPP2",-0.158776587100397
"ARIH1",-0.158797826240141
"CNTRL",-0.1589933834931
"ADRA2C",-0.159180770045234
"TRAPPC3L",-0.159370294100989
"C7orf43",-0.159380628949907
"PAQR9",-0.15954993783438
"RPS2P55",-0.159603595707169
"PKDREJ",-0.159623714918948
"LTK",-0.159760056127763
"CACNA1C|CACNA1C-IT2",-0.159790806340697
"VCF1",-0.159846153846154
"TMEM151B",-0.159893555179669
"PPP1R12B",-0.159906264448303
"ZNF667",-0.159953777439917
"RRAD",-0.160008996670554
"MED21",-0.160043449565279
"GH2",-0.160107005799742
"FAM49B",-0.160108036509852
"ZSWIM3",-0.160134137902348
"NDUFAF4",-0.1601755003941
"BBOX1",-0.160188819994021
"CCL3L3",-0.160207004323778
"TENT5B",-0.160251394628846
"SSC5D",-0.16026475130485
"VKORC1L1",-0.160273456688477
"EPS8L1",-0.160342881217869
"SEMA3E",-0.160378793980832
"FGD6",-0.160564103776659
"MIR3682",-0.160625445540507
"ACTBP14",-0.160662209159089
"OTULIN",-0.160734888454335
"ZNF408",-0.16073936598978
"PPTC7",-0.160806512669136
"QTRT2",-0.160822159857255
"QRSL1P1",-0.160918040991811
"FN1",-0.161007173699141
"MAD2L1",-0.161046501398869
"IRX3",-0.161092298670135
"MIEF1",-0.161096460526035
"FMNL2",-0.16110425680713
"FOXC2",-0.161163337936501
"ITGB8",-0.161201243472998
"CNEP1R1P1",-0.161292079717892
"IGLV1-40",-0.161305067931348
"LY6K",-0.161331324516032
"ANKRD37",-0.161361672968706
"B3GALT1",-0.161391448602103
"CASD1",-0.161398391694212
"PLSCR4",-0.161512844490601
"GBP4",-0.161550485896677
"FAM227B",-0.161583906175301
"LOC102724159",-0.161720887014842
"SGCG",-0.161847953139976
"LAMC2",-0.161863977558419
"ASB15",-0.161877164610429
"LRRN4CL",-0.161968303634965
"COX7A1",-0.161971056043914
"CYP1A1",-0.162003486232794
"ACTRT3",-0.162224654623659
"DNAJC15",-0.162267790296223
"PTGS2",-0.162446010711419
"TSPAN8",-0.162596920254843
"FANCD2",-0.162667393895196
"PROX1",-0.162695256472202
"COL5A2",-0.16273680989108
"MKKS",-0.162787567645778
"TDG",-0.16279551822171
"PRSS42P",-0.162831904828845
"H2AC11",-0.162834050620953
"BBS1",-0.162856800323102
"RPL7AP38",-0.162911521188757
"TMEM241",-0.16291859051072
"MTNR1A",-0.163040312328839
"CALCRL",-0.163053624476048
"RCBTB1",-0.163073982616659
"ALOX5AP",-0.163078011447437
"DIRAS3",-0.163176540546856
"ZNF223",-0.163256366939706
"RPS15AP1",-0.163293699968121
"EEF1DP5",-0.163304042629655
"LINC00886",-0.163392802977532
"IKZF4",-0.163449894526069
"VWCE",-0.163473983406762
"CCDC138",-0.163593517302124
"SELPLG",-0.163610681086238
"ABRA",-0.16366631903058
"RPS4XP1",-0.163851275692715
"COL14A1",-0.163920417338807
"CON_sp|GELS_HUMAN|",-0.163963577992625
"DPH3",-0.163982170106324
"UTP25",-0.164005707514217
"CD209",-0.164062037369782
"MAD2L1BP",-0.164081608273649
"CRELD2",-0.164127690716128
"PTCD2",-0.164264478031036
"SCML4",-0.164289183739025
"AAMDC",-0.164292652261985
"EGLN1",-0.164324367969179
"STEAP1B|LOC401312",-0.164447643074054
"LRRC56",-0.16448499296071
"NUDT2",-0.164511451430606
"ABHD17C",-0.164520507120367
"FAM161B",-0.164521862914684
"FBXO43",-0.164651024338972
"VLDLR-AS1",-0.164747299286087
"DNAJC10",-0.164777456481734
"TNXB",-0.164788737234289
"CXCL5",-0.164860266900456
"NMNAT1",-0.16489692600059
"PSG5",-0.164969661996101
"PCDH15",-0.165215627477203
"PTGIS",-0.165300862842548
"PYHIN1",-0.165362999517853
"SAMD9",-0.165367289705692
"RPS7P4",-0.165403781104278
"RPL6P3",-0.165417378827472
"DCAF6",-0.165482156488432
"NPAT",-0.165591056031239
"LINC00327",-0.165593026260497
"DGCR11",-0.165617728142021
"FBXO34",-0.165706714001863
"CCDC71",-0.165716471322952
"C11orf74",-0.1657348356653
"NOBOX",-0.16576307887326
"H2AC15",-0.165770407949882
"LINC01005",-0.165780575223832
"MGAT4C",-0.165892617314045
"TYR",-0.165973889053052
"ICOSLG",-0.166047468845977
"CHRAC1",-0.166319312109833
"SNX19",-0.166330744308708
"AWAT1",-0.166457451592892
"OR2W3",-0.166487412547215
"ZFY",-0.166623519930251
"MRPL50",-0.166646142610844
"BZW2",-0.16674265109146
"LCE3B",-0.166919363418016
"TRIM52",-0.166995324354885
"TMEM190",-0.167183813542359
"STIL",-0.167217202573386
"LGR4",-0.167270364057508
"CNKSR1",-0.167370276950778
"ZNF584",-0.167494175727035
"KLHL33",-0.167542860503209
"C2orf81",-0.167607586672191
"PCDHGA11",-0.167776412935178
"TUT4",-0.167776620776795
"HRK",-0.167794153383574
"DEFA3",-0.167797230494994
"SERP1",-0.167879699046036
"SLIT1",-0.167987070080597
"LYNX1",-0.168107082263778
"CSTF3",-0.168184214798249
"RPS17P5",-0.16819899164069
"TTLL8",-0.168276462019075
"MAGI1",-0.168325279348624
"TRIM74",-0.168563379918341
"PPP1R26",-0.168629370522975
"LRTM1",-0.168867058391016
"CILP2",-0.16897342010457
"GNMT|CNPY3-GNMT",-0.168974289779272
"TTC5",-0.168976546165522
"EPC2",-0.169103390178746
"CCNP",-0.169106961661907
"CON_sp|RETBP_HUMAN|",-0.169157826057201
"MRPS16",-0.169188950896389
"HACL1",-0.169199488061834
"BTN3A3",-0.169239777947544
"RINT1",-0.169388333371829
"ADAL",-0.169430030366919
"ZNF691",-0.169560066996681
"MBD5",-0.169608439654805
"MT1JP",-0.169719440350223
"TMCO2",-0.169780672932661
"DTD2",-0.169794392449937
"CON_sp|LALBA_HUMAN|",-0.169839391732931
"KRT18P16",-0.169873870408416
"FXNP2",-0.169936911976246
"RPL22P19",-0.16994100092303
"RPS3AP11",-0.170001145136148
"SLC36A1",-0.170072370503767
"ZUP1",-0.170075116521002
"MYH2",-0.170082925045748
"FAM163B",-0.170124469147224
"HCAR1",-0.17013361201529
"PCYOX1L",-0.170176321269076
"METTL11B",-0.170366150960923
"TCEANC",-0.170482651401429
"CEP55",-0.17051514386449
"CADM3",-0.170576247813857
"RFX7",-0.170635541561215
"SLC25A32",-0.170761229038086
"FAM241A",-0.170923703684618
"FBXO28",-0.171014969894317
"UAP1",-0.171072505246795
"PDE4A",-0.171175361534852
"CORO2B",-0.171238571431005
"MAML2",-0.171263174813855
"FLVCR2",-0.171271074914069
"C8G",-0.171402543075001
"BOD1L2",-0.171456001340555
"NATD1",-0.171560416846311
"TPO",-0.171587736966503
"POC1A",-0.171633658454966
"TLL2",-0.171659021570458
"PAMR1",-0.17187395629859
"KRT36",-0.172087268304827
"IL11RA",-0.172118032800817
"IFT20",-0.172153618381498
"RPS10P8",-0.172234762740189
"C3orf38",-0.17226332831498
"RNF139",-0.172307396467286
"KRTAP6-3",-0.172312006698314
"TNP1",-0.172415676535952
"ABCA17P",-0.172543504340765
"KRT18P29",-0.172620904076782
"LOC400036",-0.17276952314961
"ZNF200",-0.172769530461745
"MPIG6B",-0.172775421148506
"KIAA1958",-0.172790537133877
"TIGD2",-0.172973284603206
"H2BC4",-0.173033017254175
"KRT1",-0.173045501323597
"IL12A",-0.173056867477868
"GSTO2",-0.173257897789908
"KLF4",-0.173264459908921
"ANO5",-0.173289359570218
"ARL6IP1",-0.173332903927533
"NPIPB2",-0.173349381276552
"TP53INP2",-0.17336341750048
"FHIP2A",-0.173579141447863
"RPS17P2",-0.173696463490425
"SFTPA1",-0.173773523501926
"BCAS4",-0.173799840441889
"MRGPRF",-0.17386632053486
"SYT15",-0.174011628719737
"ANKRD7",-0.174080481585751
"MAP10",-0.174284851917683
"MAGEA6",-0.174314324335188
"LSR",-0.17442021443177
"FKBP14",-0.174494316333298
"CON_sp|ANT3_HUMAN|",-0.174553794867787
"TMEM182",-0.174663488031065
"RPSAP8",-0.174679372624354
"MYOC",-0.174828151538876
"ANTXR2",-0.174840361698977
"SGO2",-0.174864386847723
"KREMEN1",-0.174960274389772
"KBTBD12",-0.17508793530335
"PLGLB1",-0.175161708077985
"AXL",-0.175303766315162
"KCNJ6",-0.175326288200817
"ARHGEF26",-0.175342101894681
"C3orf43",-0.175416029533943
"ITGAD",-0.175445084890734
"C12orf75",-0.175462833336886
"MTERF1",-0.175469360943988
"MANEA",-0.175813379001025
"ANKRD36",-0.175843976295704
"ZNF561",-0.175904689207991
"KIAA0040",-0.175907804829386
"KLF14",-0.175940924231498
"TM4SF20",-0.176024310222168
"GDPD1",-0.176064689370427
"ERICH2",-0.176089603997121
"RPS4XP13",-0.176102304184559
"CTAGE11P",-0.176192398612519
"IPMK",-0.176279719806676
"TEAD1",-0.176287696408854
"CNTFR",-0.176328983304541
"IGDCC3",-0.1764873291835
"GALNT10",-0.176530730435238
"PCDH19",-0.176609258372023
"SOX18",-0.176630601708234
"ZNF304",-0.176691167226319
"CDC42EP5",-0.176691965366912
"GRIK1",-0.177019932010476
"IGLV4-69",-0.177036395713889
"ERLIN2",-0.177075154591211
"FBXL4",-0.177283546513604
"CRADD-AS1",-0.177307855375898
"ZNF17",-0.177606018384674
"PQLC3",-0.177696123001937
"RPL22P3",-0.177725733065444
"KLHL31",-0.177743063076895
"THAP2",-0.17776306360588
"RPL26P12",-0.177902630652746
"RNF32-DT",-0.17791614879649
"FAM200A",-0.177971141563979
"GGN",-0.177978289122698
"E2F6",-0.178042005755216
"ATP5J2",-0.17811700042636
"ELOC",-0.178151479045721
"C19orf81",-0.178153201665175
"NT5C2",-0.178191828813955
"TUBB2A",-0.178244270930032
"GIMAP6",-0.17827619826724
"RALGAPA2",-0.178438507931033
"KTN1-AS1",-0.178444733675685
"ZNF275|LOC105373378",-0.17845120644721
"MRPL12",-0.178566730980474
"LOC105373553",-0.17857694086649
"ZNF791",-0.178861672983047
"NCF1",-0.178935624653154
"MIR1-1HG",-0.178977414106753
"BRWD3",-0.179046596552558
"ILF2P1",-0.179057043356906
"C19orf33",-0.179091154779704
"SERPINH1",-0.179197269579922
"ALPK3",-0.179240276755331
"RRP1",-0.17953965742445
"SCNN1G",-0.179594741855048
"CYB5A",-0.179614864668174
"ZNF44",-0.179883055383564
"TIMM8A",-0.179891752527563
"RPL10P5",-0.179894677415905
"FAM234B",-0.179961609811697
"LOC101927310",-0.180002451702601
"ADAMTSL5",-0.180016514405869
"CLEC4G",-0.180123026976123
"POPDC2",-0.180155154085377
"FADS6",-0.180213959295916
"SLITRK3",-0.180554887246995
"PRLH",-0.180596482516166
"FAM86C2P",-0.180637060662684
"CERS3",-0.180665808885529
"MIR22HG",-0.180677504688505
"TUBD1",-0.180740381211176
"KIR2DL4",-0.180818309904498
"SMIM14",-0.180921418899301
"LOC389199",-0.181040491226911
"USP32P1",-0.181085849959874
"DUSP26",-0.181118466883638
"CLEC3B",-0.181132899553354
"IGLV1-51",-0.181159795612869
"PTENP1",-0.181244742781683
"MNDA",-0.181286227402005
"LINC02608",-0.181296312715319
"STMN4",-0.181428609762391
"RPSAP10",-0.181517550628101
"TMEM200C",-0.181552609345838
"PAPPA",-0.181701608815063
"PRSS23",-0.181837967821033
"CCDC121",-0.181848355160215
"ENAM",-0.181876032989733
"NEDD4",-0.181937707480899
"RPS12P9",-0.182010108373418
"CTAGE7P",-0.18205074909368
"GZMH",-0.182112613757271
"PTGES2-AS1",-0.182162046818392
"NPNT",-0.182166084205262
"RPS17P13",-0.18223278940155
"PRTG",-0.182531614526464
"CSH1",-0.182534202373852
"KIF26A",-0.182626950479322
"SMYD4",-0.182743888701815
"CON_sp|CRP_HUMAN|",-0.182934530655213
"SSH1",-0.183044763992739
"BNIP3L",-0.183126242881824
"TAPT1",-0.183196405072192
"UVRAG-DT",-0.183202943638963
"DUOXA2",-0.183394945499813
"OMG",-0.183621164278326
"EFCAB3",-0.183903115152873
"SDCBP2-AS1",-0.183956355336883
"HOMER2",-0.184017776729574
"ZNF253",-0.184028846824812
"SPEF1",-0.18423698177996
"FAM114A1",-0.184321746394681
"TOB1-AS1",-0.184334047812693
"GPAM",-0.184363068388298
"VSTM2L",-0.184421246871369
"ATAT1",-0.184457783093671
"GNG10",-0.18449605386492
"DCT",-0.18450365794192
"RHOD",-0.184509865374613
"BTBD8",-0.184519646856516
"C1orf189",-0.184525625250223
"FAM184B",-0.184609896469818
"PLOD2",-0.184774996523429
"UBE2S",-0.184808307814503
"MOXD1",-0.184903056749952
"CACNA1C-AS2",-0.184911031291418
"ZNF708",-0.185290793870824
"NRARP",-0.185354632672768
"ATP5G1",-0.185491828048586
"GBX1",-0.185493927598493
"EIF3FP3",-0.185497513665663
"SHISA6",-0.185505312773987
"CCND1",-0.185549517504748
"RNF227",-0.185620024492305
"RPL7AP31",-0.185749698976345
"PRDM16",-0.185788298596605
"CCL15",-0.186118327861301
"LDAH",-0.186189180424317
"EPM2A-DT",-0.186407105355056
"SLC16A1-AS1",-0.186486652991022
"AVIL",-0.186584067403626
"TSTA3",-0.186590853448351
"TAGAP-AS1",-0.186655071799079
"ACTG1P16",-0.18671744682613
"LIN28B-AS1",-0.186827936752634
"PCDH8",-0.186875365706678
"ATF5",-0.186944479392349
"TMTC4",-0.187174614641209
"CYP4A22",-0.187175849251741
"RPSAP56",-0.187196276950307
"RPSAP52",-0.187354773386134
"KRT84",-0.187438438799148
"ADAM22",-0.187448280033159
"AASDH",-0.187522768654961
"TEX12",-0.187708268426294
"CRHR1",-0.187759145731308
"HOXB-AS1",-0.187859295202526
"RN7SL3",-0.187993160720945
"RBMXL1",-0.188004065394889
"RPL10L",-0.188050137176855
"ZBED1",-0.188103150080326
"MFAP5",-0.18825751341275
"GIMAP4",-0.188265694978031
"PDZRN4",-0.188267160264704
"ASB3|GPR75-ASB3",-0.188273547509771
"PDZK1IP1",-0.188313269780332
"RGMB",-0.188369959841382
"LOC344065",-0.188379454368229
"NPL",-0.188422982786999
"BAG2",-0.188586454701915
"SOCS1",-0.188665300456757
"SPDYE18",-0.188724225574082
"LOC102724163",-0.188736136391502
"TPSB2",-0.188762048236843
"COX5BP8",-0.18876510902772
"KCNIP2",-0.188915691429757
"CHID1",-0.189068464136772
"NUTM2A-AS1",-0.189097348383429
"CLDN3",-0.189116677522042
"SIM1",-0.189164692107825
"METTL27",-0.189169366897472
"CCR3|LOC105377067",-0.189198006314004
"RPL13AP16",-0.189241322567593
"THOC5",-0.189522118852959
"PEX2",-0.189529082458334
"RPL27AP2",-0.189590896462196
"TSNARE1",-0.189784081220325
"MTSS2",-0.189798515952804
"AKR1E2",-0.189855843132137
"HCRTR1",-0.190068094578223
"COX11",-0.190166969283918
"ANGPTL7",-0.19022121158825
"RPS13P7",-0.190351587628239
"NCEH1",-0.190392572369631
"PSAPL1",-0.190452823135662
"MKRN7P",-0.19051469871757
"ANKRD33B",-0.190531672707785
"ZFYVE9",-0.190550665252143
"SRRD",-0.190653427981294
"ADRB2",-0.190981465569006
"HAGLR",-0.191024895858113
"ADM5",-0.191100466083222
"SLCO5A1",-0.191558115949591
"RPS19P2",-0.191572691230197
"ZNF418",-0.191598032595397
"ACAA2",-0.191673779228042
"ZBTB6",-0.192034943355754
"TRMT13",-0.192060342902694
"IRAG1",-0.192090265772146
"ALG11",-0.192353891050926
"ZNF548",-0.192508514137061
"CACNG6",-0.192856361002761
"DNAJB13",-0.193013997345056
"LOC100419515",-0.193102508147572
"CMYA5",-0.193114240793135
"CHMP2B",-0.193184209975689
"SMIM15",-0.193271115387592
"AMHR2",-0.193295235131751
"PNP",-0.193342711845599
"EFNA3",-0.193390187063063
"ANXA8",-0.193507282755711
"SSPN",-0.193532047975709
"EID2B",-0.193547160362539
"RALY-AS1",-0.193585113239781
"ATP2A2",-0.193602059436615
"NUDT4",-0.193607777426046
"HRASLS",-0.193785856670286
"APOBEC3G",-0.193974903548687
"RPS3AP20",-0.194127539515124
"HOXB1",-0.194170267515591
"PRELID2",-0.194315745939911
"MRPL45",-0.194389664694612
"MAGOH-DT",-0.19447638296995
"IRS2",-0.194494188743701
"IQCH",-0.194549225528335
"C16orf72",-0.194584568809381
"NR1D1",-0.194662607573981
"LINC00687",-0.19483866249874
"EBLN3P",-0.194888101446088
"CBR3",-0.194888723892984
"TRAF3",-0.194927997645098
"SPATA2",-0.194965045458819
"ORAI1",-0.195050896238993
"ENO4",-0.195216665588636
"GABRE",-0.195312448038943
"PALB2",-0.1953794710542
"OR51B2",-0.195439175125329
"UBE3D",-0.195492616962062
"LIG4",-0.195512626948888
"TRIM63",-0.195629966750938
"SMCR2",-0.195646910532243
"USP54",-0.195836353964271
"ZNF285",-0.195880760186515
"H2AZP7",-0.195993056760706
"PLAAT1",-0.196003559717883
"SHISAL1",-0.196116362101218
"CLEC4A",-0.196372244401583
"TMEM198B",-0.19641093573706
"SNAI3-AS1",-0.196447162576912
"SAA2-SAA4",-0.196927454413223
"KRT31",-0.197051323290299
"TOGARAM1",-0.197089493121274
"IFNGR2",-0.197119820931226
"PITX3",-0.197205102370797
"MEF2C-AS1",-0.197248903200032
"SSR4P1",-0.197443299695511
"GNRH1",-0.19757210241686
"SLC6A8",-0.197801482986003
"DSCC1",-0.19781624388111
"PPIAP41",-0.197889674482728
"SLFN12L",-0.197948831864417
"TMEM30A-DT",-0.198099334247134
"WASL",-0.198285755308741
"CDK15",-0.198337935866684
"DNAJC25-GNG10",-0.198381881301058
"PDZRN3",-0.198594639688674
"RPSAP29",-0.198684507761274
"H2AC20",-0.198755126821204
"KLHL29",-0.1987607726646
"STMN2",-0.198787868822791
"SPOCK1",-0.198872490761569
"TRIM36",-0.198882054376087
"DYNC1LI2-DT",-0.198916566598608
"METRN",-0.198940036279527
"KNG1.1",-0.199096933644138
"MAP3K2-DT",-0.199097494196321
"DPP4-DT",-0.199137583223306
"LINC00477",-0.199477104528695
"RPL21P51",-0.199479318268087
"SLC22A9",-0.199530084247309
"NRK",-0.19967500023788
"RPL10P1",-0.19979251836463
"ADCY4",-0.199796778280384
"FSD1",-0.200018708244433
"KIAA0895",-0.200226313875075
"ARHGAP42",-0.200255036074046
"MUC2",-0.200440646870986
"SORBS2",-0.200478940132772
"TMEM26",-0.20049142607259
"TTTY14",-0.200540061262606
"C6orf223",-0.20057528332667
"STMP1",-0.200740118810844
"FMO11P",-0.200975290834621
"KCND3",-0.201188949098243
"MROH5",-0.201224569344829
"FAM215A",-0.201480838377141
"LZTS3",-0.201505692562148
"LINC01479",-0.201622756903809
"CEP85L",-0.201632274511321
"SLC9A2",-0.201854476754498
"ZNF233",-0.201868745579599
"EXOC3L2",-0.201968253399523
"FRAS1",-0.201998834260002
"ETNPPL",-0.202188753193224
"DAPK2",-0.202200564444887
"NPEPPSP1",-0.202369687226731
"APOL5",-0.202412413383453
"PRKAR1B-AS2",-0.202720675006361
"AIRE",-0.202783094071354
"ADORA2A-AS1",-0.202796471443184
"MAP3K5",-0.202799709572689
"RPP21",-0.202865466362226
"HOXC-AS3",-0.202884047927496
"LMOD1",-0.202886325681131
"C10orf88",-0.202922297178236
"CHCHD4",-0.203094310586197
"ADGRG7",-0.203234670264436
"SSPO",-0.203287565750851
"B4GALT6",-0.20345718743597
"SSTR4",-0.203597575911262
"SMG1P7",-0.204137499913377
"PALM",-0.20422908611341
"PPM1K-DT",-0.204252642854259
"EEF1DP2",-0.204309979893298
"WDR19",-0.204381888598864
"SGCD",-0.204523995871251
"PIM1",-0.204546927401088
"RUBCNL",-0.204587614227356
"KCNQ1OT1",-0.204668855389745
"FGFBP1",-0.2048220163571
"ZNF671",-0.205033160490178
"RPSAP15",-0.20505745677582
"KRTAP1-3",-0.205081835604172
"RPS5P5",-0.205217317909204
"GNAL",-0.205343049234632
"SEMA3G",-0.205577148703547
"DHRS7B",-0.205596703557086
"RPSAP46",-0.205664589274436
"ZNF586",-0.20588302980555
"TRMT1L",-0.206217514831997
"RPS10P15",-0.206234001022673
"PRKAA2",-0.206332785455545
"PGM2L1",-0.206591833497663
"AKAP1",-0.206658321295398
"LINC00690",-0.206961144163992
"RPS10P5",-0.207142572387392
"GPRC5C",-0.207252728380649
"BICRAL",-0.20734708849823
"IL27",-0.207360443364337
"HCCS",-0.207415123231648
"PTGDR2",-0.20757287718244
"CCT6P3",-0.207602365120063
"ACKR3",-0.20770223416329
"COBL",-0.207708388847751
"TRIM66",-0.207800723018876
"ZNF484",-0.207831956226463
"GALNT17",-0.207864477031561
"LGR5",-0.207908745319582
"H2BC20P",-0.207930197114566
"GRID2IP",-0.207988220616171
"ZNF25",-0.208223559592199
"RPL18AP10",-0.208493573317078
"APOBEC3A|APOBEC3A_B",-0.208520497341856
"LINC00933",-0.208714241897986
"SLC25A41",-0.208740608159749
"C3",-0.208747749991499
"LOC107984016",-0.208776774104106
"IGKV1-27",-0.208843327580384
"NAT8B",-0.208878437805041
"ANXA3",-0.209066345724872
"ICAM3",-0.2092956861983
"CR2",-0.209429641399418
"FAM210A",-0.20949781483962
"CXCL3",-0.209705943484042
"GIMAP3P",-0.209778137301138
"TMEM35A",-0.209905667270109
"MASP1",-0.209926812305499
"ZNF737",-0.210310061888155
"MYLK2",-0.210331901323138
"GPRASP2|ARMCX5-GPRASP2",-0.210434186991518
"LINC00216",-0.210580831536895
"SLC8A3",-0.210603757855137
"C2orf76",-0.210790279395041
"FRMD4B",-0.210847714863238
"C9orf24",-0.210914377902103
"SPRR2E",-0.211193273504112
"TMEM30B",-0.211244037659585
"KRT10",-0.211467702876209
"MCM3AP-AS1",-0.211547406162991
"HAS3",-0.211588286583524
"KDM1B",-0.211712251099831
"LINC-PINT",-0.211869233978818
"TUBA3E",-0.211975621958503
"ETV5",-0.21204735472094
"PIPSL",-0.212078359002419
"GLI4",-0.212168765794782
"RDH13",-0.212184157381533
"KIF1B",-0.212226423000084
"MDGA1",-0.212247080160583
"RPRM",-0.212309030672491
"NDUFB4P12",-0.212321937632107
"AMPD1",-0.212357995336438
"CYP4F22",-0.212542856290346
"HAS2",-0.212558143096335
"PKD1P5",-0.212712494798979
"MEX3C",-0.212847912807347
"PDLIM1",-0.212856465640058
"BBS10",-0.212890497487491
"NIPAL2",-0.213087427534279
"ACPP",-0.213243487446696
"SAMD15",-0.21329543714356
"LOC105373334",-0.213375112396974
"CCBE1",-0.213382102091109
"ACTN4P1",-0.213494012275774
"SLC2A12",-0.213508082234861
"ANKRD42",-0.213537440937345
"CLNK",-0.213570606429851
"RBM38",-0.213622186073982
"DENND5B",-0.213647450642339
"PDIA6",-0.213823251986944
"C3orf86",-0.213977271490616
"MFSD4A",-0.214057615219426
"MC4R",-0.214259520458572
"AS3MT",-0.214589204092962
"CILP",-0.214903021790401
"CLIC6",-0.2149466696727
"RPL18AP4",-0.215093150828157
"TMEM218",-0.215250501183031
"GPAT3",-0.215441745867035
"CASP14",-0.215492296317032
"LEFTY1",-0.215536083900615
"MRNIP",-0.215722624152888
"FZD10",-0.215957358489132
"LOC730101",-0.216224030444977
"CRIPT",-0.216398902110348
"MYBPC1",-0.216400957747991
"OMA1",-0.216426655322314
"RPS2P18",-0.216500555372312
"RHOU",-0.216603215321608
"RPL13AP11",-0.216635960566117
"TNC",-0.216982591933979
"FAM71F2",-0.217025266298516
"GIMAP2",-0.217081583444457
"HNRNPKP3",-0.217084446145548
"MAP6",-0.217418479396867
"AURKC",-0.217440553441587
"IGHV3-73",-0.217448447891251
"GOLGA8B",-0.217518087068066
"KRT85",-0.217603949299845
"PRR18",-0.217632998985239
"H2AC8",-0.217829631321047
"TPX2",-0.217914350686133
"RPL10AP3",-0.218118283199512
"LOC100128494",-0.218218094688656
"ST13P17",-0.218382772869795
"TMEM47",-0.218389410623786
"MNS1",-0.218490366800953
"ASB12",-0.218520364829452
"KLHL13",-0.218559328654068
"FAM66B",-0.218719569715398
"ICA1L",-0.218765453509209
"MYMK",-0.21876697540946
"CCDC62",-0.218889114334436
"CNEP1R1",-0.219150250366769
"ZNF157",-0.219304214364438
"ZP2",-0.21961915271621
"CCDC140",-0.219720822070192
"TXNDC5",-0.219804652772096
"KBTBD7",-0.219892752818913
"TPRG1-AS1",-0.219984404694085
"C12orf4",-0.220001025333811
"MRTFB",-0.22002466447212
"RPL13P7",-0.220125510592517
"CCL2",-0.220370857633381
"ANKRD2",-0.220550450726267
"FOXS1",-0.220614797808025
"PIK3IP1",-0.220868322870795
"FAM111A-DT",-0.221182577939189
"BEND7",-0.221284235839344
"CDON",-0.221372192836547
"APTR",-0.221441875972531
"C17orf113",-0.221539474034909
"TLR3",-0.221722150250072
"THAP9",-0.221731596288768
"ZNF556",-0.221825057387033
"PDP2",-0.221854015876054
"RPL6P29",-0.22203561037021
"RSPO3",-0.222054726621207
"ZNF485",-0.222109907540498
"ZBTB26",-0.222239753279419
"SLC9A3R2",-0.222282686712176
"RPL29P2",-0.222446271041875
"LNCRNA-IUR",-0.222525441870232
"KRT81",-0.222532784203131
"ZC3H8",-0.222607752946476
"SLC6A19",-0.222712977788925
"PDE10A|LINC00473",-0.22280434240533
"HBB",-0.222845220551679
"KIAA1324",-0.222913674677522
"ANKRD46",-0.223020842998597
"MTHFSD",-0.223241127303229
"HHIPL1",-0.223320769788072
"ASB4",-0.223331589640784
"KCNA7",-0.223422247383071
"ABHD17B",-0.223478844851022
"SEC1P",-0.223597462659374
"SYPL2",-0.223623229775204
"KLHL41",-0.223945976224423
"SLC16A1",-0.224172116271348
"KRT18P21",-0.224355550324575
"ATP1B1",-0.224360013626112
"ZNF267",-0.224634539417944
"ERGIC1",-0.224996212938834
"OR9I1",-0.225028149147319
"GALNT15",-0.225069855918218
"CISH",-0.225245168577814
"TRAK2",-0.225247943086602
"CPED1",-0.225268531072141
"ZBED8",-0.225377296058531
"KLLN",-0.226051302899462
"AGRP",-0.226264529061863
"EMX2",-0.226294736816634
"CLDN12",-0.226299144544007
"ART1",-0.226362508987419
"TFRC",-0.2263813893552
"MCTS2",-0.22664117507694
"CCL24",-0.226798241170697
"DAGLA",-0.22725529388156
"PPP1R1A",-0.227354972022482
"ATP8",-0.227594697959159
"EFEMP1",-0.227603731855257
"LOC100421465",-0.227630226810987
"THY1",-0.227722697001419
"SLCO2B1",-0.227944574442345
"BEST4",-0.227957241148319
"BCL7A",-0.227966561597799
"ALAS2",-0.228421407482053
"RPS8P7",-0.228537559665417
"CCNG1",-0.228551249750805
"SFTA1P",-0.228580983166975
"RPS3AP18",-0.228729897299961
"PTPRR",-0.228736013686872
"RPS6P17",-0.229424991904934
"INTS13",-0.229777227835539
"PRIM1",-0.229882624591191
"SNX25",-0.229950762071062
"DNAAF4",-0.230001692550953
"KCNK15",-0.230354065556069
"CYP2T1P",-0.230363701402855
"FAM69B",-0.230453312565113
"TIMP4",-0.230724616548608
"SH2D3A",-0.230905217454381
"DGKZP1",-0.231049259144981
"H3-3B",-0.231137196858214
"DLG2",-0.231362200821956
"SLC15A2",-0.231597602322338
"DNALI1",-0.23162392649226
"ACSS2",-0.231697789739936
"MEDAG",-0.231765981367541
"HJURP",-0.231767971661637
"ZBTB20-AS4",-0.232104554645639
"SRL",-0.232120538023688
"KRT18P2",-0.232299796843608
"SLC49A4",-0.232315188504632
"NPIPB12",-0.232601531855695
"JSRP1|LOC105372240",-0.232776652761588
"C5orf58",-0.232887813627365
"ZCCHC24",-0.233045728796269
"SEPTIN4",-0.233131893317775
"EMP2",-0.233249469798372
"KLRF2",-0.233308938573146
"COQ10A",-0.233385589052464
"HRAT17",-0.233445837795258
"SERPING1.1",-0.23346113291554
"WSCD1",-0.233565941188206
"RPS9P4",-0.233710859650558
"UBIAD1",-0.233982906611102
"FAM89A",-0.234147124154866
"CYTIP",-0.234326610244548
"FBLN1.1",-0.234368356179114
"TAF4B",-0.234443425032828
"SDHAF4",-0.234518633071873
"ZNF197|ZNF660-ZNF197",-0.234710122422396
"GCNT3",-0.234876887192082
"PHAF1",-0.2349235672182
"DEFA1",-0.235076923076923
"LAMTOR5-AS1",-0.235210679412115
"TYW1B",-0.235225792471754
"PPP1R1C",-0.235404725522748
"CCDC110",-0.235522170227579
"MYOM3",-0.235808803544387
"ZNF621",-0.236070806776001
"ATP23",-0.236076732881949
"PALM2AKAP2",-0.236162092712631
"SOHLH2",-0.23657630119329
"DNAAF11",-0.236719132635393
"HAPLN4",-0.23688039927041
"EIF5A2",-0.236929291158033
"MYORG",-0.236985249432817
"PIGY",-0.237079528782033
"PIK3CB",-0.237228853781628
"FGG.1",-0.23729253379618
"GCATP1",-0.237395877121126
"THAP1",-0.237479403003665
"ABCA8",-0.237602151808729
"FAM53C|LOC100128966",-0.237939019166268
"FOXP1",-0.238170718333307
"FKTN",-0.238548091817328
"GRAMD3",-0.238587784694061
"KYAT1",-0.238815246764537
"SPRTN",-0.2390123812331
"GNRHR",-0.239228620317785
"INHBA",-0.239278939167691
"HJV",-0.239296356567219
"BEND6",-0.239341868389778
"RPL19P9",-0.239408663943182
"FERMT1",-0.239495203151716
"RPL18AP15",-0.239633879540344
"FEZ2",-0.239648690617202
"HYMAI",-0.239728441666567
"RPL13P6",-0.239832973306042
"RPL37P6",-0.239904441496742
"FER1L5",-0.240009018937771
"NUDT7",-0.240010353502239
"GBAP1",-0.240103870261514
"CUEDC1",-0.240117941576725
"UCKL1-AS1",-0.240350686722645
"PPP1R2B",-0.240453690670104
"USP6",-0.240553543295882
"PXN-AS1",-0.240568675863083
"C15orf57",-0.240701196551816
"SLC9A5",-0.24075877358464
"RPL23AP14",-0.240933577690452
"PHOSPHO2",-0.241048939499013
"DUSP19",-0.241068676902714
"NLRP2B",-0.241470878097841
"RPS2P24",-0.241496940840792
"LOC732229",-0.241803346203441
"ANKRD35",-0.241824269969933
"PAPSS2",-0.241981850806837
"NOL4L",-0.242038645634504
"MRPS36",-0.242048091648421
"LOC101926956",-0.242068414585392
"ERO1B",-0.242191193381007
"ZNF589",-0.242218610647786
"BPIFA2",-0.242219074731633
"FAM228B",-0.242250093638024
"THAP10",-0.242491184092553
"ATE1-AS1",-0.242498459246507
"GLRX5",-0.242550417848458
"LSMEM1",-0.242587589524206
"MRM1",-0.243063659381108
"PDE7B",-0.243571523998899
"RPL21P20",-0.243639878752591
"FAM86DP",-0.243753626671998
"FBXL2",-0.243889224395464
"C10orf71",-0.244366902871166
"ZBTB49",-0.244630163347318
"METTL24",-0.245045155938889
"BPIFA3",-0.245133336875998
"ABCF2-H2BK1",-0.245231406626666
"LOC407835",-0.245361909002472
"ZSCAN20",-0.245465721589756
"CCL13",-0.245886510468579
"ZNF165",-0.246062981960279
"PDXDC2P",-0.246252764885594
"MYH6",-0.246477924265267
"COL4A6",-0.246559747420853
"HSPB6",-0.24678485040893
"RPL21P131",-0.246833393719871
"MEOX1",-0.24695005668998
"UBL7-DT",-0.247101330336498
"PTGR2",-0.247148355003518
"ZNF57",-0.247269720087344
"RIOX2",-0.247319822999243
"GPIHBP1",-0.247406831034169
"IFITM10",-0.247438360764497
"ADCY2",-0.247592898191922
"RTN4.1",-0.247640962088038
"DNAJC6",-0.247678910837539
"C3orf33",-0.24801700937447
"NAPEPLD",-0.248089191968783
"MPP7",-0.248160890819841
"LINC00680-GUSBP4",-0.248265110765763
"RPS2P42",-0.248388137088865
"PID1",-0.248481298751718
"PEPCAL_19|PEPCAL_19|",-0.248490748350025
"PNPLA4",-0.248574389816521
"NUDT12",-0.248765233724032
"VCAM1",-0.248897398445036
"RNF150",-0.248952920565378
"FBN1",-0.249220282809309
"QPCT",-0.249246312470782
"ZNF891",-0.249533557870406
"MYH10",-0.249569824498678
"HSPA1L",-0.249717758528219
"SLC47A1",-0.249824697986461
"SOD3",-0.249993122830204
"RPL21P120",-0.250466953950443
"ETFRF1",-0.250543558568778
"FNBP1L",-0.250636047801013
"EEF1DP6",-0.251069468805876
"BEND5",-0.251263631935022
"MAS1",-0.251290782124519
"B4GAT1-DT",-0.251334041150946
"ZNF70",-0.251739954847732
"CD3EAP",-0.251755826463424
"GPS2P1",-0.251855212744366
"LCE1A",-0.251950022125822
"GTPBP10|LOC101927446",-0.252175249765088
"RPL21P68",-0.252198614525421
"ADGRA1",-0.252256477136408
"KCNK2",-0.252267512341109
"RASSF10",-0.252401515557947
"FAXDC2",-0.252519552289435
"CPXM2",-0.252764617401172
"LMLN",-0.252809577429564
"COPB2-DT",-0.252833796618938
"C19orf70",-0.252866650790231
"CCDC113",-0.252901571029016
"P2RY2",-0.253106421820382
"PTGR1",-0.253186312876112
"LINC02154",-0.253253225716984
"NAALADL2",-0.253291277928603
"CEP162",-0.253357982542937
"RXRG",-0.254025257620131
"CREM",-0.254046801389249
"METRNL",-0.254171563716772
"CTNNA3",-0.254255651395134
"THAP6",-0.254598988087818
"METTL23",-0.254602654346182
"HPN",-0.254701368451637
"NT5C1A",-0.255007026031212
"GTF2H2|GTF2H2C",-0.255123441917626
"SBK2",-0.255219268722131
"EEF1B2P2",-0.255257056180191
"IMMP1L",-0.25539193671352
"PRSS56",-0.255544181285499
"FAM220A",-0.255790013441398
"TRIB1",-0.256041676118985
"OTOAP1",-0.256278983049316
"TRABD2A|LOC105374836",-0.256377355717381
"NPFFR1",-0.256468212782222
"P4HA1",-0.256706330116887
"HIGD1B",-0.256736373595515
"EXTL3-AS1",-0.256756272534086
"ARMT1",-0.256864492600237
"YOD1",-0.257036757104903
"UBE2QL1",-0.257163560118432
"SLC38A3",-0.257199205066903
"PLA2G16",-0.257354192890842
"TBCCD1",-0.257365892198259
"CEP83",-0.257381171864769
"ANO5|LOC102723370",-0.257393818843552
"EMP1",-0.257415972053903
"RPL27P2",-0.257550434611984
"SETD7|LOC105377622",-0.257638565724088
"FNTB|CHURC1-FNTB",-0.257757083495048
"SHISA4",-0.257760961945485
"PCDHA4",-0.257761342679008
"PALS2",-0.258050367629769
"ST3GAL3-AS1",-0.25822544440937
"LOC112267895",-0.258278188979024
"TPRG1",-0.258389209651522
"TEKT4P2|LOC100233156",-0.258621633220391
"LINC03014",-0.258804620425272
"MCFD2",-0.258805598737217
"DOCK11P1",-0.258885759622628
"MTARC1",-0.258888833223108
"CAV3",-0.258915215572321
"PSORS1C2",-0.258916781493777
"GGT7",-0.259282937294982
"CDIN1",-0.259348142252938
"OTUB2",-0.259457365830992
"JCAD",-0.259502626256604
"BMI1",-0.259601776443256
"TNMD",-0.260355686683058
"BMS1P4-AGAP5",-0.260484300562081
"PRKG1",-0.260680377688748
"LRRC3",-0.260753643658401
"TMEM236",-0.261098441731026
"GSTCD",-0.261246066036191
"SSUH2",-0.261437337327431
"CON_sp|CAS1_BOVIN|",-0.261484046012668
"LY6G5B",-0.261737650913743
"NUDT15",-0.262027855547932
"KRT5",-0.262302111694271
"LOC105373876",-0.262665287326609
"ABCC12",-0.262764814711144
"ZFAND4",-0.26301876200518
"PRXL2A",-0.263142250100461
"HMX1",-0.263382277854217
"KLHL38",-0.263485448181782
"HTR2A",-0.263663417293493
"CILK1",-0.263805687088886
"CDKN2AIP",-0.263942081736108
"RPL7AP41",-0.264154811131334
"ARL5C",-0.264351554095903
"SLC25A40",-0.26449618211311
"CYP2U1",-0.264525973458916
"MAFB",-0.264692455473485
"LOC100287430",-0.264813756541836
"CD244",-0.265476761489553
"KCNQ3",-0.265631018495934
"GRIA1",-0.26573318590396
"FAM153A",-0.265769082256249
"TAL2",-0.265896822531165
"PIGF",-0.266070831251291
"PDE4D",-0.266198429830332
"TTLL7",-0.266477803882818
"NTM",-0.266678516747107
"TPPP2",-0.266712571403735
"H2BC21",-0.266951101863379
"CON_sp|ALBU_BOVIN|",-0.267247064941864
"MYLK-AS1",-0.267307925364543
"CRACDL",-0.267544510846861
"LOC101927543",-0.267629785359395
"H4-16",-0.268084332029024
"H2BC19P",-0.268099396870228
"LINC02619",-0.268421949669366
"B3GALNT1",-0.268489516915019
"DEFA1B",-0.268494823571364
"ADRA1D",-0.26869542609301
"MN1",-0.268860538585557
"KRTDAP",-0.268884501863865
"LOC100422300",-0.268995903994778
"C16orf91",-0.269084133438275
"LINC02694",-0.269334769302402
"H2AC21",-0.269436043316098
"RETREG1",-0.26956523774401
"C15orf65",-0.269975044974112
"LOC400499",-0.27032296813955
"LOC105371648",-0.270553551181566
"MYADML2",-0.270568105083938
"AJAP1",-0.271042386720955
"RPS3P5",-0.271233328207306
"ZNF782",-0.271269240739912
"IGSF21",-0.271574083532623
"HOPX",-0.271784312992433
"ESRRB",-0.271901354025322
"PITPNC1",-0.272161095726814
"PKD1P4",-0.272278058745365
"ADGRF5",-0.272534070504279
"ANKRD24",-0.272645019207178
"INS-IGF2",-0.272795247513324
"SMIM13",-0.272816449692934
"CYP4Z1",-0.272876249054149
"MROH7",-0.273050689499079
"PIGZ",-0.273097525894738
"NBPF19",-0.273109714618175
"LOC102724828",-0.27359184979025
"GYG1P1",-0.273616125701192
"LINC01128",-0.273940486909905
"SLC66A3",-0.274008639276654
"FAM213B",-0.274122455971841
"AK3",-0.274234862269743
"HPS5",-0.274434093929756
"PLEKHG4B",-0.274516914207903
"DEXI",-0.274545010497398
"GARRE1",-0.274641475161812
"TNNC1",-0.274672269995721
"TAS2R14|PRH1-TAS2R14",-0.274677347691943
"SRPX",-0.274679124979454
"NR2F1-AS1",-0.27553642835647
"LINC01361",-0.275716193136574
"H2AC7",-0.276270140163829
"OSBP2",-0.276336914034191
"AAED1",-0.276354989025726
"KRTAP4-3",-0.276554205824547
"CXCL1",-0.27680488850668
"GUCY1A2",-0.276914374564109
"ADAMTS14",-0.276960842970145
"MOSMO",-0.277077202485368
"WDR66",-0.277416723856027
"SDC4",-0.277425574770398
"ATP6V1G2",-0.278824586968829
"TRAF3IP3",-0.278933167686525
"OGFR-AS1",-0.279129043807869
"ZNF562",-0.279358362136393
"LRRC37A6P",-0.279468492500228
"RPL18AP8",-0.279583287378744
"MACC1-DT",-0.27979680329405
"LOC102724023",-0.279807202275748
"RPL21P39",-0.27998142960562
"C11orf96",-0.280131920507974
"RAVER2",-0.280670513119684
"EEF1B2P6",-0.280951856601977
"TAS2R31",-0.281125641441787
"MIR378A",-0.281686647649821
"ANGPTL1",-0.282112364168464
"RPL21P46",-0.28276669560203
"P2RY1",-0.28304917920324
"CRIM1",-0.283142893838418
"C17orf97",-0.283234954161025
"HBA1",-0.283341857845118
"NOV",-0.283372781109399
"FRAT2",-0.283559258974583
"KCNT2",-0.283580159635573
"RPSAP45",-0.283820586551245
"MAMLD1",-0.283950816894434
"CON_sp|B2MG_HUMAN|",-0.284114014112052
"VAMP5",-0.284468730329137
"LOC101928295",-0.284563005044731
"ABHD16B",-0.284687100355907
"GRM4",-0.28478257653934
"CCDC112",-0.284865653806617
"IFT81",-0.284974576715025
"PIH1D2",-0.285161400323205
"RUFY4",-0.285606810725732
"SH3RF3",-0.286673716624459
"LPL",-0.286933685183876
"MINOS1",-0.286964173084268
"RPS10P3",-0.287713066770105
"KATNAL2",-0.288058954077136
"DZIP3",-0.288096257645791
"CSF3",-0.288164687767297
"HOTAIR",-0.288475307564083
"KRT8P12",-0.289242424888348
"ZNRD1",-0.289270070206973
"LEPR",-0.289357134478487
"RGS4",-0.289382764075131
"SNPH",-0.289790584305268
"UNC5A",-0.290059711517151
"RPL21P93",-0.290200552319491
"HMGN3-AS1",-0.290272352635523
"LOC441887",-0.290731193475077
"LY6G6C",-0.29119057922817
"SELENOP",-0.29130281557035
"HSPA4L",-0.291325943909614
"CUTALP",-0.291901697988701
"ULBP2",-0.291967625773867
"C1orf127",-0.292118387614297
"COX19",-0.292291496607628
"RERGL",-0.292782199708212
"LINC02541",-0.29382042327137
"HOXA-AS3",-0.294680360101973
"CARNMT1",-0.294744852500504
"PARD6G-AS1",-0.294798068083912
"FZD9",-0.294844695799323
"ZNF469",-0.295089974630756
"DAAM2",-0.295519958341037
"ZNF136",-0.295529835425152
"FSTL1",-0.295542459299993
"CDK6-AS1",-0.295858476285739
"SAA1",-0.296016439604137
"CON_sp|CATG_HUMAN|",-0.296304811566344
"PLCXD1",-0.296689948638175
"ARHGEF6",-0.296692920934001
"ZNF841",-0.296868927533532
"TBC1D9",-0.296916202859017
"H3C6",-0.297919535792044
"AQP7|LOC112267859",-0.297953949783848
"CMA1",-0.298223051979146
"LOC107986163",-0.298517522995395
"HOXA11-AS",-0.298716433240226
"FBLN7",-0.299062329431051
"IGHV3-43",-0.299403894104075
"RPS10P26",-0.299414678136171
"LINC01123",-0.299423831156404
"LOC100506405",-0.299640049675492
"LINC01948",-0.299768905738073
"F8A2",-0.299816397428906
"LINC01869",-0.300091751039837
"LOC122539212",-0.300134153889695
"SLC29A4",-0.300656966134019
"FAM88C",-0.300847499472392
"TM4SF1",-0.300913864076869
"PWWP3B",-0.301038728619093
"CLIC2",-0.301146740316844
"LOC100507053",-0.301404715023736
"GRTP1",-0.301556439196978
"RPS10P10",-0.301960097760114
"RPS15AP25",-0.302125402651884
"LRRC15",-0.302153054024493
"KBTBD3",-0.302690005640835
"PLN",-0.302805802395073
"RPS15AP36",-0.30298625955391
"ARHGEF4",-0.303230605135413
"LINC01118",-0.303245893616145
"ATP5L",-0.303425938867404
"BMP8B",-0.303583094553825
"CASQ2",-0.303715602546394
"FEM1C",-0.304150199285442
"HNRNPKP4",-0.304748082792209
"RNFT1-DT",-0.30477094342672
"IL17D",-0.304827539159921
"C8orf34",-0.304938608340113
"COX3",-0.305233391108767
"GAPDHP58",-0.305501144190654
"YIPF7",-0.30580308836193
"AIF1L",-0.306172096460855
"NREP",-0.306221999067291
"FAM21EP",-0.30634924450681
"LINC03016",-0.306742882151408
"FOXP2",-0.306887482493811
"CTXN1",-0.307083310176728
"PET117",-0.307091803877947
"CTGF",-0.307145463168548
"WBP1L|CYP17A1-AS1",-0.307268624927906
"TTTY10",-0.30743222449805
"PKD1P6",-0.308129695923282
"ARHGAP44",-0.308270400514648
"ERFL",-0.30827087087753
"NPIPB9|LOC105379464",-0.308686044110919
"BIVM",-0.308965002151716
"TMEM52",-0.309020348752859
"NAMPTP1",-0.309130368625012
"PAQR3",-0.309315198316463
"PRELID3A",-0.30952631080798
"CHML|OPN3",-0.309599612382712
"RPSAP11",-0.309961018003611
"LINC01836",-0.310358388691317
"MED28",-0.310996575546643
"UNC79",-0.311434803891471
"MOGAT3",-0.31152046771585
"SLC46A1",-0.311614500728805
"EEF1DP8",-0.311884775752487
"LINC01876",-0.311941544856802
"C4orf48",-0.312023113085512
"CDHR1",-0.312127086616192
"PCDH9",-0.31250406792044
"AURKA",-0.31279864789601
"CEP295NL",-0.313193515586639
"SLC16A9",-0.313272166351975
"TLK2P1",-0.313311413861802
"PYGO1",-0.313661855349015
"WDR27",-0.313849853128682
"SANBR",-0.313883935553617
"LCA5L",-0.314116706302251
"ADAP1",-0.315309417336677
"IRS1",-0.315664898081176
"NPB",-0.315699853471156
"SNHG28",-0.316328000826614
"PKD1P2",-0.316426715657559
"ATP5G2",-0.316688703664901
"RN7SL471P",-0.317483461955319
"SHISA3",-0.317525168845078
"SLC9A4",-0.317859699901877
"GUSBP1",-0.317997960414459
"FAM86JP",-0.318477225225033
"LIPC-AS1",-0.318530162041846
"RPL23AP51",-0.318668149965008
"ZNF404",-0.318677495590328
"SRGAP2C",-0.318748188186894
"FAM171A2",-0.318864741765153
"LINC00707",-0.318918077146007
"GRAMD1C",-0.319239910272617
"LINC01976",-0.319377511465425
"CYP4X1",-0.319459705972633
"GYG2",-0.319506215410667
"CCDC160",-0.319652129040206
"ELFN2",-0.320002340031246
"ATP1B4",-0.320320763272867
"CON_sp|LYSC_HUMAN|",-0.320351501490506
"SCARA5",-0.320368252564938
"EMX1",-0.32041395919445
"ITGA1",-0.320549473123216
"SOCS3",-0.323552228179476
"HSFX1",-0.323685909172206
"GLUD2",-0.323782326121222
"RN7SL1",-0.324220271419261
"C9orf3",-0.324303099545975
"YY2",-0.324801427158128
"IFNLR1",-0.324824960815846
"XG|XGY2",-0.325120822783695
"SERPINB7",-0.325836856603768
"NUDT17",-0.326164410904057
"TMIE",-0.326487985343115
"ELAPOR2",-0.326574525665526
"NMNAT2",-0.326602212873959
"EEF1GP8",-0.326861254390305
"PIK3R3",-0.327971150784984
"GAREM2",-0.328246353991703
"ADAMTSL4",-0.328392976535062
"UCP3",-0.328782865042854
"RB1-DT",-0.328803625873326
"CAPNS2",-0.329564714449759
"ODAD4",-0.329811177762986
"RPS10P27",-0.33038491539763
"LINC02101",-0.330708804017931
"FAM221A",-0.330787836893945
"DBH-AS1",-0.331114485122832
"ATP2B1-AS1",-0.331114594946912
"FAM129A",-0.331225797603979
"KCNB1",-0.332001771929062
"ZNF510",-0.332205686053312
"LPP-AS2",-0.332419878529702
"PTCHD4",-0.332829251977466
"MIR600HG",-0.333548619008976
"LOC107985801",-0.333595653322682
"KLK8",-0.334230325030193
"LRRD1",-0.335019438585067
"FAM228A",-0.336282839319603
"SH3D19",-0.336519549206697
"MIR3936HG",-0.336670647578068
"CCDC69",-0.337330025428887
"LRRC53",-0.338259821290286
"XPO4",-0.338638860201677
"CRNDE|LOC101927480",-0.338798799230519
"MAMDC2",-0.339706060962761
"STRADB",-0.339993004060474
"MKLN1-AS",-0.340014040980708
"GFPT2",-0.340123434537163
"HERC2P3",-0.3403693163992
"SAGSIN1",-0.340928133081022
"MAGEB3",-0.341386659999035
"LOC102723566",-0.341599451475474
"OXER1",-0.342198315579457
"H2BC17",-0.342494037676499
"TMLHE-AS1|LOC101927830",-0.343143510779644
"DUS4L-BCAP29",-0.343349616203143
"TMEM145",-0.343357183315414
"RPL27AP5",-0.343459665910017
"ZNF252P",-0.344587851295633
"MTARC2",-0.344723859287666
"LOC100507547",-0.345188319036488
"TTC12",-0.345327100979916
"ZNF20",-0.345487962473984
"LOC390282",-0.346511552363847
"RPS10P31",-0.347165106722585
"CON_sp|CAH1_HUMAN|",-0.347550952213604
"MSANTD2-AS1",-0.348138322833389
"VEPH1",-0.348144262210126
"SLC1A1",-0.348247637552237
"NYX",-0.348476354019901
"LRRC75B",-0.348540902839685
"LRRC37A",-0.349197704390499
"LINC01152",-0.349438506162236
"ITPR1-DT",-0.349953804492426
"DPY19L2P2",-0.349980785250727
"DIAPH2",-0.350516300743258
"LINC00865",-0.350724580526058
"SIK1",-0.351044949219176
"HNRNPA1P70",-0.352377032978588
"ZNF22-AS1",-0.352800604147879
"LINC00471",-0.352953202130732
"LCE1D",-0.353000270289986
"LINC02099",-0.353373989463674
"GOLGA8H",-0.353764370456474
"ZNF774",-0.353998828768258
"MRLN",-0.35433189818774
"DNAJB6P1",-0.354513283967899
"GPR176",-0.354762996975106
"MCMDC2",-0.355158122404062
"PATL2",-0.355264828162012
"SYT14",-0.355353887255633
"LOC642361",-0.357643472013496
"MYLK3",-0.358262623860159
"CEP170|CEP170P1",-0.358276572841158
"PGPEP1L",-0.359560478127862
"ERI2",-0.360148431937872
"HLA-A.2",-0.360400378573837
"LINC00942",-0.360570340533083
"TSPYL5",-0.36175655743071
"TM6SF1",-0.36214043703852
"COQ7-DT",-0.362155187800929
"LIPT2-AS1",-0.362691937245136
"CDYL2",-0.363229423775999
"LOC112268242",-0.363314897142902
"C6orf203",-0.363366695622344
"ACSM5",-0.363472737731935
"ZNF92",-0.363694877228811
"WDR62",-0.364201884593581
"RPS15.1",-0.36500594488964
"LOC100289518",-0.36500867338734
"ANO4",-0.365184137154476
"STK17A",-0.366185880683176
"LOC101928415",-0.366410974196387
"ZNF596",-0.366890080153498
"HCP5",-0.366894649429072
"UGDH-AS1",-0.368402609975195
"SDAD1P1",-0.36844729764006
"LOC107984850",-0.368751646594948
"PRKN",-0.368893839953234
"TVP23C",-0.368950993904518
"CEP78",-0.368985540798371
"MAFIP",-0.369187791075406
"KIAA2012-AS1",-0.369501844340371
"GALNT13",-0.370556299540729
"SEPT8",-0.370981214476084
"C7orf31",-0.371403037466608
"TMEM88B",-0.372049738220214
"PRCD",-0.372355990486877
"DHRS7C",-0.372627770829863
"LINC00638",-0.372821289123405
"UGT1A1",-0.373027519066012
"DUSP18",-0.37377704501774
"RBP7",-0.374197622999051
"CCDC103",-0.374240630285927
"ZNF215",-0.374431843921114
"LYPD6",-0.374854589642704
"AQP4",-0.375010422891034
"DSCR9",-0.375551000916959
"CD63-AS1",-0.375754145635953
"RPL32P29",-0.376359301080777
"TENT5C",-0.376402450378694
"NAALAD2",-0.37655305737337
"CASTOR1",-0.376845619229107
"RN7SL4P",-0.377100608238453
"BTG2-DT",-0.377103388506465
"TMEM150C",-0.377125335384911
"LOC102724642",-0.377486535529612
"TMEM35B",-0.377512492840865
"WWC2-AS1",-0.378606571768119
"RPS15AP17",-0.379494116071606
"ELMOD1",-0.380335897882242
"RNA5-8SN4",-0.380707169949557
"RNA5-8SN5",-0.380707169949557
"FRMD6-AS2",-0.381250118186866
"CSMD3",-0.381309598918424
"FOSB",-0.381333788257655
"PRSS47P",-0.383491536925462
"LOC157273|LOC101929128",-0.383924167496578
"ITIH4.1",-0.3844076530881
"LINC00310",-0.384437856507419
"FOXP4-AS1",-0.384787790591791
"LOC100507656",-0.384873245615209
"GSTT2",-0.385513536359024
"FAM133A",-0.385637965426608
"ZFHX3-AS1",-0.385761144673665
"ADAMTS9-AS2",-0.386108405579765
"IHO1",-0.386207166317601
"CENPVL3",-0.386744205178976
"NUAK2",-0.38685354395209
"GPR137C",-0.387140921863917
"SETBP1-DT",-0.387545584652525
"B3GAT1-DT",-0.38755807460228
"CON_sp|CAS2_BOVIN|",-0.389133287780405
"SCARNA2",-0.389878077243237
"LINC00654",-0.390448619256885
"RFPL2",-0.390591138938867
"ZNF391",-0.390926359292453
"PTGES3L",-0.391132139251181
"CHKB-DT",-0.391412837346754
"TRIM51JP",-0.391426226240778
"GTF2IP4",-0.391519506991086
"TBC1D8-AS1",-0.392773168261062
"OR7E38P",-0.392870879550234
"LINC02381",-0.393038813221941
"IGLV9-49",-0.39307677550863
"MIR137HG",-0.393091502892709
"SYS1-DBNDD2",-0.393381836000631
"SMG1P3",-0.393618274969776
"LNP1",-0.395446724365663
"IGHV3-74",-0.39594133382158
"CXCL13",-0.396104881940681
"HBQ1",-0.396207177707833
"ANGPTL8",-0.3962413546282
"ID1",-0.396417953147594
"AOPEP",-0.396418673120295
"RPRML",-0.397407091640368
"ANOS1",-0.399222189322566
"CON_sp|IGF2_HUMAN|",-0.400423482008992
"INSL3",-0.400578326417806
"IER3-AS1",-0.40094630178479
"CYP3A43",-0.401275433824458
"LOC105373514",-0.402052385764014
"GAREM1",-0.402773696123026
"LINC01376",-0.404336846368074
"GCNA",-0.405347934706625
"NAP1L1P1",-0.407009702775694
"IL32",-0.407107391374143
"ESPNL",-0.4084027821643
"CT69",-0.408518748797835
"LINC02649",-0.408609131283346
"PRNCR1",-0.408955835472961
"CON_sp|TRYP_PIG|",-0.409160258318667
"GREM1-AS1",-0.40918522841494
"CIBAR2",-0.410944011584813
"LOC101928847",-0.411115300689601
"C1orf167",-0.412435681349555
"GASK1B",-0.41340082974638
"LINC02478",-0.413489613553322
"LINC00869|LINC02591",-0.413829337083945
"LOC101928053",-0.41408197120097
"TUBB8P11",-0.414703301951948
"DUSP3.1",-0.414772351129943
"CXCL8",-0.414893862611681
"NYAP2",-0.415129071766754
"WDR87",-0.415732220445616
"NCBP3",-0.417165054019413
"LINC01535",-0.417311642069821
"GOLGA6C",-0.418177829633415
"IGHV3-64D",-0.418690042423392
"PTX3",-0.418969581992059
"MYH7B",-0.419594732489295
"COX2",-0.419651379097063
"HSFX3",-0.419922521250038
"GPC2",-0.419927750140305
"OLFM4",-0.42008213912115
"CYFIP2",-0.420220503543757
"LGI1",-0.420804661495679
"CASC1",-0.421685692104616
"RRN3P2",-0.422344315134498
"LOC100996318",-0.422619709157747
"SDK2",-0.422841121484284
"LOC100996643",-0.423713348321505
"DOCK3",-0.423895605358082
"PTGER4P2-CDK2AP2P2",-0.425351831284381
"RBFADN",-0.425985225197802
"AGAP4",-0.426032496613605
"PKD1P6-NPIPP1",-0.42752765904647
"PRR29",-0.428488649043238
"LINC02028",-0.42874995463759
"ATP2C2-AS1",-0.428805902118403
"SERF1A",-0.428873164556768
"PGAP4",-0.429725344306915
"DKFZp451B082",-0.429727600234294
"ACAA2P1",-0.430619107810084
"SPSB4",-0.431049641486864
"LOC122455338",-0.43134494395993
"SMARCA5-AS1",-0.431490017429983
"HSPE1-MOB4",-0.431799676123205
"PPARA",-0.432560656324346
"TNNI1",-0.432790935920259
"ONECUT2",-0.433026014448981
"DNAAF9",-0.433261952124773
"TLR12P",-0.434425684578329
"SKIDA1",-0.434441153974565
"MYL10",-0.434527051783486
"SCD5",-0.434765690522101
"TLE1-DT",-0.434781199979921
"JMJD7",-0.434836230037908
"RPS9P2",-0.43533461042995
"GPR157",-0.435638193777261
"SLC43A2",-0.435803832336897
"INSYN2A",-0.435859166850683
"OR5L2",-0.436091306278261
"CCDC184",-0.436339149178839
"MIR1915HG",-0.437797187277369
"SAMD13",-0.438462898887099
"MCL1|ADAMTSL4-AS1",-0.439751723358708
"CEACAM20",-0.440953076953185
"CON_sp|TRFL_HUMAN|",-0.441131929685642
"PDE4C",-0.44176973261174
"HBM",-0.442281633519075
"TSPY26P",-0.442812165916654
"FAM209B",-0.444037419335396
"ZKSCAN7",-0.445212563054422
"CBLN2",-0.44735817319306
"SCN2B",-0.447861237346218
"TNKS2-DT",-0.448489372664242
"PTMAP5",-0.44866818211861
"MYOZ2",-0.449036745368021
"C5orf63",-0.449070727698613
"BDH1",-0.449309133913609
"IGLV2-11",-0.450575887830978
"LNCSRLR",-0.450718156163372
"LINC02139",-0.451210990562747
"GOLGA6L9",-0.451230078166175
"CFAP52",-0.451266522885717
"LNCTAM34A",-0.4516866036712
"H2BC12",-0.452650079806571
"C17orf114",-0.453550884701228
"HTD2",-0.453700496884471
"TMEM254",-0.453975417611762
"HSD11B1",-0.454489608402944
"PPP1R14B-AS1",-0.456474618281154
"NXPE2",-0.456671533465477
"MIR193BHG",-0.457008898946599
"PPIL6",-0.457045618367909
"HBD",-0.457118702388887
"CSNK2A3",-0.457395347292214
"OGDHL",-0.457888105577213
"DRP2",-0.457948159978585
"RNF165",-0.458460027189318
"TMEM151A",-0.45860594557558
"ST13P19",-0.458673315878791
"IGLV5-39",-0.458813041024313
"TMEM202-AS1",-0.459334878821786
"RPL7AP47",-0.459498644201421
"NIPAL4",-0.460546574964113
"LINC02004",-0.460546957149974
"MGAM",-0.461119644702782
"GTF2I-AS1",-0.461837538062588
"LINC01587",-0.462420686598466
"SINHCAF",-0.462444725660013
"NDUFA6-DT",-0.463134156504992
"PTENP1-AS",-0.463521836479072
"ESCO2",-0.463994045493567
"RIMS3",-0.464538755005084
"PDE11A",-0.465159293327755
"LINC01505",-0.46583967317848
"ITGB6",-0.465859669561684
"HCG14",-0.466152033122642
"C1GALT1C1L",-0.466924540002246
"LINC02453",-0.467555891929111
"SLC28A2-AS1",-0.467782014157197
"GHET1",-0.468247112369092
"CPAMD8",-0.468467510485166
"P3H2",-0.468883487046946
"CASC18",-0.469659464736004
"ZNRD1ASP",-0.471322261392122
"TPTEP2-CSNK1E",-0.471736087913203
"MT1X",-0.472662773227167
"HASPIN",-0.472698918497216
"LOC100289230|CHD1-DT",-0.473158801191486
"LINC02606",-0.47360945511073
"ZMYND15",-0.47409122490017
"H2BC18",-0.475244671355216
"EEF1A1P23",-0.476415958614966
"H2BP1",-0.476428767439958
"SHANK2",-0.47645555309508
"CDKN3",-0.477467529440045
"PPP2R3B",-0.479070396886229
"OR2V1",-0.479329098783786
"ZNF19",-0.480326596588453
"EML1",-0.481278417029735
"CCDC180",-0.481740466976003
"CCDC9B",-0.482708094927075
"ZMIZ1-AS1",-0.482777406714472
"HLX-AS1",-0.484613566763533
"DKFZP434A062",-0.484974124695204
"PDC-AS1",-0.48633517280188
"LOC101928882",-0.486563162310668
"MARCHF4",-0.487035095443642
"OR7E106P",-0.491391116800011
"LOC105375924",-0.491948200899923
"DNAI3",-0.493917777012029
"ALDH1L1-AS2",-0.494520309286875
"PKD1P3",-0.495708247828789
"LOC101928626",-0.495930040584191
"CCDC144A",-0.496522543433961
"KIF23-AS1",-0.496629413960944
"MYL2",-0.496658963765439
"C16orf95",-0.49758167938855
"KBTBD11",-0.498815960892319
"HNRNPA1P27",-0.499374312190466
"LINC01909",-0.49952461719608
"A2M-AS1",-0.499547838788045
"LOC101927793",-0.500360605739829
"TIGD7",-0.500399098396281
"CCN5",-0.501026963467781
"RNU4-2",-0.501638652011148
"HCG20",-0.501999188656831
"PTPN3",-0.50235137054877
"BMERB1",-0.50352848575895
"FOXO3B",-0.503538413622188
"DUXAP9",-0.504105454353653
"LINC00511|LINC00673",-0.50414114242205
"NPIPA2",-0.506213131930385
"GFOD1",-0.507352117504259
"HPN-AS1",-0.507915518521279
"LINC00857",-0.508675137397953
"ACBD7",-0.509836201515414
"LOC101929470",-0.51059992695845
"NAMPT.1",-0.510943929200118
"LMCD1",-0.51154723053107
"PPARGC1A",-0.51201471883838
"CASTOR3",-0.512832146053839
"DM1-AS",-0.513879150274768
"LINC01270",-0.514249453907248
"HSPD1P10",-0.514792404788544
"NOCT",-0.515185247665604
"TCAF1P1",-0.516162509781646
"ZNF709",-0.517188856258204
"ALDH7A1P1",-0.517914333276587
"TAS2R41",-0.51796939445803
"CAVIN4",-0.518045056948405
"SMIM10L2A",-0.518504070523611
"SAMD4A-AS1",-0.519242272139153
"RN7SL2",-0.520740876420683
"LINC00659",-0.521540289633761
"ANAPC1P1",-0.522066382782116
"FRMPD3",-0.52253059257027
"ST8SIA6",-0.522801129217429
"RPS26P19",-0.523332792698343
"RPL26P6",-0.524110373807942
"LINC02729",-0.52601240847609
"KANTR",-0.526355238519321
"ASH2LP3",-0.527413512834542
"ZNF852",-0.529605609699982
"GTF2H2C",-0.531583760088537
"IGSF22",-0.532274320940281
"LINC01405",-0.533022158534732
"MFF-DT",-0.533551538321025
"MFAP3L|LOC101928198",-0.536610229940822
"TMEM178B",-0.540077861172468
"PHACTR3",-0.544961026796837
"C1orf146",-0.545370672581548
"DNAH2",-0.546701745041839
"STEAP2",-0.547539780012179
"LYNX1-SLURP2",-0.547817906800729
"IGHV3-72.1",-0.548010481859751
"KHDC1",-0.548025818362843
"LINC00923",-0.54873042747422
"FNDC5",-0.549846650795179
"MYL3",-0.55004409168769
"TEDC1",-0.550889167271822
"LOC105371083",-0.553567460146622
"CASC2",-0.553992586164094
"TNS2-AS1",-0.554294333822643
"TRPC2",-0.554446408071717
"PICART1",-0.554646689674105
"SMG1P4",-0.557466907074989
"LOC102724701",-0.558362827752566
"C11orf87",-0.55858418532829
"POSTN.3",-0.560798618367794
"FLJ13224",-0.561783848763284
"SMG1P5",-0.562521610076998
"PHEX-AS1",-0.563936731548922
"LOC652276",-0.564156644812756
"LINC00240",-0.565245484948052
"MTA1-DT",-0.56530143204651
"RASL10B",-0.565975820482613
"SMTNL1",-0.567795408193777
"DEFB1",-0.567950109653912
"STUM",-0.568057173029277
"LINC02511",-0.569136937152488
"RPL13P8",-0.569253729246381
"LRRIQ3",-0.571008082592246
"CCDC144B",-0.571689110142618
"IQSEC3P2",-0.572149931815936
"KIAA1671-AS1",-0.573080004298525
"ADGRV1",-0.57501692463709
"FAM181A-AS1",-0.575097954977158
"SRRM5",-0.575785693691619
"LOC441666",-0.577887895184586
"DCAF8-DT",-0.577955102506023
"MYO5B",-0.580337059789783
"CUZD1",-0.581378721051718
"NLRP10",-0.582160061952155
"LINC02257",-0.583836939880675
"LOC374443",-0.585382045053517
"LOC101929583",-0.586843649363432
"ELL3",-0.58803288712437
"IGF2-AS",-0.58921327563093
"C10orf105",-0.590441762001869
"LINC02607",-0.591821066433279
"FAM180B",-0.592556771547991
"LINC01894",-0.59270942021055
"ALDH1A3-AS1",-0.596212942445008
"FZD4-DT",-0.596357197996082
"STING1",-0.596481325100461
"TBC1D30",-0.600122784931701
"ZNF516-AS1",-0.601548520236462
"MRO",-0.602519168912556
"SHANK2-AS3",-0.602746843327665
"LOC122526782",-0.603316151362908
"ROR1-AS1",-0.604171092814519
"HERC2P7",-0.604740930333843
"SLITRK4",-0.605200610655492
"FAM166B",-0.60533882308688
"FAM189A1",-0.606442322378343
"LOC105375423",-0.606802171324904
"FALEC",-0.607965462910672
"TBX2-AS1",-0.608409746382471
"TUBAP2",-0.608550578379371
"MTUS2",-0.609237020172869
"SLC22A20P",-0.610888206461061
"IL20RA",-0.61133853358307
"LOC112267968",-0.612554666624337
"HMGB3P10",-0.613145367479113
"LRATD1",-0.613583868153917
"LOC100132126",-0.614008455137767
"RN7SL832P",-0.615428801178055
"BGLAP",-0.615944485567612
"LINC02188",-0.61679246002661
"C16orf96",-0.618210384204659
"HECW1",-0.618434351266238
"SUGT1-DT",-0.618457234824262
"FAM238C",-0.61907658758728
"TMEM9B-AS1",-0.619093052137512
"TRMT9B",-0.61948949860662
"CD109-AS1",-0.623334833771579
"SLC44A3-AS1",-0.623406784705454
"RMI2",-0.623750018416156
"CNTF",-0.623860567769305
"STAG2-AS1",-0.624232216802677
"L3MBTL4",-0.624351141587667
"IGHV2-5",-0.625737784840904
"NCR3LG1",-0.636219001740246
"USP3-AS1",-0.636415061533385
"MAP6D1",-0.638279113570473
"RPL13AP17",-0.638504557029505
"GOLGA8T|GOLGA8K",-0.639898561589018
"RASAL2-AS1",-0.642177152735353
"KRT18P31",-0.644283918570191
"DDX43",-0.644956338236517
"TPI1P2",-0.648070757867455
"AKAP14",-0.64875879512285
"CATSPER2P1",-0.650460533841892
"LNCATV",-0.650792665836257
"LOC100419928",-0.651797343655125
"LOC100131471",-0.652064107329001
"CHIT1",-0.652085297114539
"ACTG1P19",-0.652529577385323
"VWA2",-0.655822016897169
"RPL7P3",-0.656867125874222
"LOC102724474",-0.657493306385106
"NFIA-AS2",-0.659692084031112
"ISM2",-0.659915314522498
"FOXL2NB",-0.660036713660985
"STAG3L5P-PVRIG2P-PILRB",-0.660207714148539
"RPS10-NUDT3",-0.661011907750156
"AQP7B",-0.66306231391594
"IGHV3-21",-0.663380495899952
"LOC107984273",-0.664929264059803
"C1orf21-DT",-0.66537902866229
"PCOTH",-0.665936037923582
"FYB2",-0.6671615912992
"ADSS1",-0.672252840616439
"LOC101928438",-0.675522853718539
"TECTA|TBCEL-TECTA",-0.676390111963035
"LOC101927556",-0.677007175319189
"LOC107985177",-0.678172824819259
"LOC105370027",-0.678869666579017
"TIGD1",-0.679172322505199
"PCDHA6",-0.682435465766082
"KIAA1614-AS1",-0.682703135538844
"SUPT16HP1",-0.684061132593554
"LIX1L-AS1",-0.68434274033156
"ARHGEF35",-0.686006849161096
"LOC101927636",-0.687202106957
"ABHD14A-ACY1",-0.687454029364097
"SORD2P",-0.687775468585674
"ARLNC1",-0.688684454631094
"OXCT2P1",-0.689769461071795
"LINC02289",-0.691305075777252
"LINC00578",-0.691476621590072
"LINC02009",-0.691942431733998
"MAB21L3",-0.693609062879163
"RPL17P50",-0.694900194960652
"ATP13A4",-0.695263052235137
"LOC105372273",-0.695610041113272
"RORA-AS1",-0.696687293014839
"TRNP1",-0.697441925845365
"KLHL34",-0.697996047497812
"ZNF117|ERV3-1-ZNF117",-0.699270665874069
"CCDC192",-0.700027643419335
"PPDPFL",-0.700939182839153
"LOC100507250",-0.702790829032053
"DCXR-DT",-0.704441978495589
"DUXAP8",-0.705259487146799
"ZNF460-AS1",-0.705278244637866
"TNRC6B-DT",-0.706429399888661
"CRB3",-0.707011842179148
"SLC10A5",-0.707731118511473
"C17orf107",-0.708426623667315
"LINC00592",-0.709618518275879
"LINC03009",-0.710234432029783
"DNAJC27-AS1",-0.714436766862123
"LOC105375440",-0.714500380988675
"LOC101928505",-0.714848154634334
"ADGRD1",-0.715532319516532
"MIR133A1HG",-0.716259076578835
"HLA-A.1",-0.717395712789842
"LNCOG",-0.720427690009809
"MTCO2P12",-0.722805062487354
"NPHP3-ACAD11",-0.723033892039396
"GOLGA8R",-0.72334148083511
"FAM86B3P",-0.725019988494382
"LOC105373289",-0.727672636456869
"LOC100505774|PPP1CB-DT",-0.729526101836658
"IGLV1-44",-0.730675213206663
"PRRT3-AS1",-0.731031216792358
"LOC105375903",-0.732855259049816
"GALNT7-DT",-0.73469078525589
"CTCFL",-0.737004625602905
"HRCT1",-0.738275916185498
"EPB41L4B",-0.741465298696972
"LINC02714",-0.74287912014954
"WEE2-AS1",-0.743188265989402
"NHLH2",-0.744179647596954
"MYOSLID",-0.746029807987233
"CIBAR1-DT",-0.746434031570533
"MIR378D2HG",-0.746808884445457
"IGHV3-23",-0.747043888834914
"OR7A5",-0.748531169136502
"TMED7-TICAM2",-0.749043181168677
"NOL4",-0.749765094070962
"LOC101929130",-0.749803748563039
"MMADHC-DT",-0.750394750013642
"ECI2-DT",-0.750499503077212
"GLUD1P2",-0.751485568629666
"KCNE5",-0.75184867980166
"LINC00648",-0.75188350204835
"LOC102724646",-0.752214129545897
"LOC105370941",-0.752427060921669
"FAM86B1",-0.753679323204848
"OR7E102P",-0.756087844537002
"GPR20",-0.758038940614728
"AHI1-DT",-0.759552325817276
"CFAP54",-0.760105991387424
"NEK10",-0.760519759584746
"PLAAT2",-0.761645462991163
"TTN-AS1|LOC101927055",-0.764879090934421
"ANKRD34C-AS1",-0.767517228060227
"PTPN20",-0.769134448055928
"LINC02259",-0.769986840419183
"RGS9BP",-0.771870482388652
"LINC02175",-0.772952365272424
"IFI6",-0.774886601420825
"LINC01119",-0.777258626267806
"TRIM9",-0.778120188395845
"BDNF-AS",-0.778971303830898
"BLACAT1",-0.780985641013183
"LINC00160",-0.782308753112115
"LOC101927040",-0.782779730704532
"ZNF488",-0.783202826193516
"EEF1A1P14",-0.787005019410507
"GDF6",-0.787384353967212
"TAS2R3",-0.788716424991969
"ANKRD36B",-0.789295698014676
"INTS4P1",-0.789448098669315
"HLA-DPB1",-0.790512038458184
"TRIM49C",-0.79204870069098
"TTC36-AS1",-0.792653653934543
"LOC105379499",-0.793182576243024
"ACTN3",-0.796448305319634
"ZNF730",-0.797353828839932
"LINC01182",-0.799852244808867
"BRME1",-0.800925562213931
"LINC02798",-0.807010013289277
"CYP26B1",-0.811964740000474
"CALML6",-0.814284410159963
"LOC102724652",-0.815863850096817
"DEPP1",-0.816398858368302
"HLA-L",-0.820830723477079
"PCP4L1",-0.821336094263661
"LOC100506207",-0.823357256007057
"LINC00971",-0.825413507033405
"LOC105369203",-0.827265969638884
"ADH1A",-0.829513844596813
"EIF3EP1",-0.83130348515892
"LOC105376995",-0.83295582910623
"GJD2-DT",-0.833990433314876
"BPTFP1",-0.834023420061725
"LRTOMT",-0.83880985895567
"SOX9-AS1",-0.838991861985607
"PRRT4",-0.839471088414146
"TAFA3",-0.84061564551538
"FXYD2",-0.84110194848007
"ZNF860",-0.841154496346341
"RAET1E-AS1",-0.848165330267292
"FBXW4P1",-0.848198356845168
"SUCLG2-DT",-0.848899573198825
"NUDT4B",-0.850927459251807
"LOC440300",-0.851400551899698
"LINC02709",-0.853525032793844
"KIF15",-0.854530291098737
"PPP2R5CP",-0.857711666535636
"LOC105371814",-0.859807122678432
"SULT1A4",-0.862291992821266
"RPS3AP24",-0.86436923938416
"LOC107984525",-0.867242097976842
"RAB40A",-0.869413336845264
"FAM153B",-0.870909619590319
"ZFHX4-AS1",-0.871617022952409
"FAM86B2",-0.872333759068198
"ZNF385C",-0.874210293869743
"RN7SL731P",-0.874477340789918
"COL17A1",-0.875369004325648
"SH2D1B",-0.875696511771549
"BCDIN3D-AS1",-0.875774023800689
"SPRR2G",-0.876434834001463
"CFAP141",-0.879548163042604
"FLG-AS1",-0.880846209136788
"KCNA10",-0.885525521196296
"LOC101927377",-0.886504527055499
"IGSF1",-0.887110003243376
"IGFL4",-0.890889961924165
"LINC00242",-0.89234573920924
"LOC105376845",-0.896456313453773
"CFL1P1",-0.899897159593104
"CCL27",-0.901162315558022
"B3GAT2",-0.901337395794897
"LOC339059",-0.902893934912513
"LINC02254",-0.903031644386574
"LOC729558",-0.903066981210543
"SAA2",-0.903531247269624
"AWAT2",-0.906635872080455
"XKR9",-0.907749599640787
"SCN1A-AS1|LOC102724058",-0.907911723309312
"LOC101926964",-0.90847353687103
"LMF1-AS1",-0.909458202723219
"LOC101927533",-0.909506761409479
"AGBL2",-0.909929972987156
"CYYR1-AS1",-0.911159116134847
"FAM153CP",-0.91162519459351
"RFX3-DT",-0.912409183835293
"LINC00278",-0.913495508175279
"MALT1-AS1",-0.913621046889368
"UGT2B4",-0.915283654383746
"BIVM-ERCC5",-0.919186631326267
"SMG1P6",-0.919481215228796
"LOC101927468",-0.922061997951533
"OR1L8",-0.930540240006004
"LINC02613",-0.932642289786754
"LINC02235",-0.933302144124144
"DNAI4",-0.941108244840454
"NPTN-IT1",-0.944398803751323
"LINC01091",-0.946403615181784
"HCG17",-0.948053679406689
"LOC340090",-0.948381072633599
"ERICH6-AS1",-0.949364380227748
"CORO7-PAM16",-0.949712355504698
"LOC105374524",-0.949863004122347
"LINC02016",-0.950920591758334
"SHISAL2B",-0.951323939485274
"PPP1R26-AS1",-0.95147433305781
"LINC02884",-0.951861636724085
"HSP90B2P",-0.952708924809179
"RPL3P2",-0.955309741158537
"SPIN2A",-0.956222622678166
"LOC105371414",-0.958429552721369
"FLACC1",-0.961603664078006
"RPL23AP21",-0.966261501833148
"LOC401957",-0.976253498415391
"UBQLNL",-0.977442390078621
"OBSCN-AS1",-0.978914022378769
"ARHGAP11A-SCG5",-0.992601083874573
"LOC154761",-0.99271568652451
"LINC01762",-0.99532625279751
"CCDC26|LINC00977|LINC00976",-0.995913051853089
"KCNG2",-0.996303848949807
"CCDC39",-0.997658231153505
"BHLHE40-AS1",-0.999570417579194
"LINC02473",-1.0058858768467
"PCDHA3",-1.00629515690129
"PPP1R27",-1.0074306667637
"LINC02280",-1.00776474152571
"KIAA0408",-1.00922366646461
"TUBB8",-1.0107127546719
"CMKLR2",-1.01304742660899
"ARHGAP19-SLIT1",-1.01398435023607
"C6orf15",-1.01421362333289
"HEPHL1",-1.01448743774754
"STON1-GTF2A1L",-1.01688109101989
"OR51S1",-1.017547706811
"CHKA-DT",-1.02021484990231
"DDX10P1",-1.020328144097
"TRIM67",-1.02088214548597
"TMEM266",-1.02126952480952
"SCGB1D2",-1.02253053374772
"P3H2-AS1",-1.02383234504762
"PABPN1L",-1.02681545312827
"TRPA1",-1.02693864109793
"ZRSR2P1",-1.02753110650173
"CHURC1-FNTB",-1.03522457047141
"ADGRF3",-1.03889000572497
"TRIM43",-1.03995872686505
"NOX5",-1.04300903626184
"POLR2J4",-1.04507960896192
"SCGB1D1",-1.04640672425326
"PCAT5",-1.0481523088728
"VEZTP1",-1.0490288778084
"PTPRG-AS1",-1.05036258461014
"CHRM2",-1.05292112775617
"SHISA9",-1.05540798973577
"PWAR5",-1.05966622253767
"NUPR1L",-1.06328433265523
"BTG3-AS1",-1.06407143171344
"CNIH3-AS2",-1.07053820002009
"MSMP",-1.07058958665692
"MROH7-TTC4",-1.07169061773791
"KRT18P17",-1.07597884538935
"BTK.1",-1.07943810862326
"TTC23L-AS1",-1.07978637637642
"PRAMEF15",-1.080149175626
"LOC107984974",-1.08367335295404
"LINC01823",-1.08731187719212
"CTXN3",-1.09025889639557
"ST13P15",-1.09067006628265
"LINC00567",-1.09094390408275
"CABP1",-1.09189129317578
"LINC00595|LINC00856",-1.09229489153987
"LINC01213",-1.09238229248395
"BFSP2",-1.09392187346831
"LINC01634",-1.09468513345795
"SERPINB12",-1.09818914196646
"LINC00629",-1.09870104386136
"TTLL9",-1.10000760991347
"ZIM2-AS1",-1.10052334901049
"C10orf55",-1.10287289462357
"TBC1D3B|TBC1D3G",-1.10562470671285
"C16orf95-DT",-1.10811008193241
"XGY2",-1.10845142806785
"GPR152",-1.10907693665877
"CRH",-1.11103994386584
"CROCCP4",-1.11842763048804
"TEN1-CDK3",-1.11932190746959
"PSG4",-1.11935551462671
"PAFAH1B2P2",-1.12347896729439
"DIRAS2",-1.12445057908227
"DARS1-AS1",-1.12553357677495
"GAL3ST2",-1.12584853248398
"EEF1DP4",-1.12666506025175
"LOC101927314",-1.13334325955319
"LOC401127",-1.13513098462452
"LOC642929",-1.13537157429326
"FREM2",-1.1389385823691
"CON_sp|LEP_HUMAN|",-1.14050878983019
"UQCRB-AS1",-1.14072442187125
"LINC00839",-1.14140315175277
"FN1.1",-1.14206298847594
"GLULP4",-1.14388073612669
"SMIM2-IT1",-1.1438834287908
"STIMATE-MUSTN1",-1.14812013617954
"PLGLB2",-1.14998539069799
"ZNF660",-1.15194264391769
"TPM3.1",-1.16002969435882
"LOC101929759",-1.1639159662514
"LOC100129844",-1.16448841449182
"FBXO38-DT",-1.16660378822318
"CPB2-AS1",-1.16969179139151
"PIK3CD-AS2",-1.17099574214537
"WDR35-DT",-1.18287425440584
"RETREG1-AS1",-1.18292342980939
"FAM106A",-1.18546129231149
"LINC01605",-1.19424125141163
"ALMS1P1",-1.19646677123384
"RAET1E",-1.19890571781985
"DDX1.1",-1.20100345790785
"LOC105369292",-1.20235383557306
"LINC02234",-1.20680261859063
"DUXAP10",-1.2088578864486
"LOC105374736",-1.20940811921538
"PRAMEF20",-1.21053672704692
"TDRD9",-1.21200595470754
"LOC101928398",-1.21927064128811
"LINGO2",-1.22155481774203
"LOC105377982",-1.2258807616036
"MINAR1",-1.23717181975769
"LOC100421569",-1.23980464273291
"SYT9-AS1",-1.23990434538494
"CD24",-1.24029765665744
"ANO2",-1.2431725820184
"TAFA2",-1.24330943687505
"MIR4500HG",-1.2447869086522
"NIPAL1",-1.24947020867624
"RANBP3-DT",-1.25019002868209
"LOC285804",-1.25123033568829
"SCGB1C1",-1.25158044327484
"LOC100192426",-1.25248140375256
"LINC01821",-1.25432563257495
"OVAAL",-1.2553437195551
"SEMA6A-AS2",-1.26087412663311
"LOC100130111",-1.26226118873564
"SP2-AS1",-1.2648229491165
"SEC63P1",-1.26528444677883
"ZBED3-AS1",-1.27074075254414
"TSSK4",-1.27690503057844
"CERS6-AS1",-1.28397671258379
"EBAG9P1",-1.2874413328508
"VN1R108P",-1.29265071373956
"DFFBP1",-1.29514522384551
"FAM157A",-1.29922979203847
"GASK1B-AS1",-1.3032011142152
"TCAF2",-1.30880840852739
"C11orf98P1",-1.31119677078476
"RALGAPA1P1",-1.31835427529421
"C13orf46",-1.32831305187512
"LINC01929",-1.32838518360617
"VMO1",-1.33442019457253
"ARHGAP11B",-1.34167384596134
"POU5F1B",-1.34745569060148
"GAPDHP62",-1.34952902810121
"ALKAL2",-1.35704385858557
"PANDAR",-1.35758754624958
"COL28A1",-1.36082937058743
"PCDHA8",-1.3638179515837
"LOC100505502",-1.3641638353033
"LINC01132",-1.36490811456817
"GOLGA6B",-1.36820292700252
"GPR62",-1.37118435013624
"MIR34AHG",-1.37161368466694
"MTND4P12",-1.37370368815609
"LINC01484",-1.37597490205002
"TAS2R20",-1.38601465493905
"TTLL13",-1.38702427872614
"BCORP1",-1.38740005051228
"TGIF2-RAB5IF",-1.38751089344372
"LOC105371664",-1.39302842293684
"LINC02389",-1.39681398189116
"IGSF23",-1.39943293281501
"CTNNA1-AS1",-1.40213490121628
"GUSBP9",-1.4042304121718
"ASNSP3",-1.40496905242495
"LOC105369391",-1.41393735180388
"SOGA3",-1.41444491307553
"LOC101928143",-1.41646941221269
"C9orf116",-1.41768995771841
"LINC01684",-1.41937335756929
"MYBPHL",-1.42229179181173
"LINC01990",-1.42272995365292
"MYCBP2-AS1",-1.4245348895902
"DEFB103B",-1.42804872678779
"HTR3E",-1.42956759449866
"SMCO1",-1.43021198028502
"LOC100129774",-1.43477550205719
"RSPH10B2",-1.43768372880629
"FAM66C",-1.44734403494269
"CTAGE4",-1.44912205388994
"SVIL-AS1",-1.45045681660717
"C1orf220",-1.45139975742112
"IL21-AS1",-1.45168198503368
"GRAMD2A",-1.45237237590419
"LOC121676924",-1.45585112919307
"KLRG2",-1.45622838768287
"METTL14-DT",-1.46810421990388
"LINC01962",-1.47094389109862
"TMPOP2",-1.47547009224273
"PLCG1-AS1",-1.47591295292212
"INSC",-1.48443309449246
"TAS2R19",-1.48470428571036
"DPY19L3-DT",-1.48585768845891
"CYP4F35P",-1.48765184815353
"LOC101927189",-1.49271664991457
"PCDHA11",-1.494907245388
"LOC100506071",-1.49696549155873
"LINC02688",-1.49794767153474
"PGM5P2",-1.49867004250401
"WASIR2",-1.49887330836079
"PLPPR1",-1.49932034996359
"HEATR5A-DT",-1.50767715774305
"OR4A47",-1.51005200018183
"LINC02532",-1.51914083619974
"HOXB-AS3",-1.52055686653348
"CFAP221",-1.53393694197897
"OVCH1",-1.53650276978012
"MYCL-AS1",-1.53729805814994
"SEPTIN4-AS1",-1.53746396713012
"GOLGA8S",-1.54999973348823
"RPPH1",-1.55312778937946
"LINC01670",-1.55341702837289
"EEF1A1P19",-1.55456127078928
"CCDC28A-AS1",-1.55770732745211
"TUBB8P9",-1.55986651628994
"NPSR1-AS1",-1.5601942857562
"ABALON",-1.56049169115109
"LINC01109",-1.56626820291905
"LIMS3",-1.56968911372841
"MEG9",-1.57090309382517
"LOC105377623",-1.57531206061988
"BCYRN1",-1.57732749418516
"LINC01714",-1.59907328722779
"KISS1",-1.61193396523085
"OVOS2",-1.6130592810701
"LINC03007",-1.61381439142368
"CRAT37",-1.61434706274159
"HCG23|TSBP1-AS1",-1.62446188208491
"TRIM53AP",-1.62543523765166
"LOC102724057",-1.6361401920478
"LOC105370259",-1.63680935105434
"LINC00589",-1.64077341118503
"PLCE1-AS1",-1.64087696870991
"CFAP69",-1.64442518755566
"CAPN10-DT",-1.64981377282375
"ZNF285CP",-1.65769843887553
"LOC100506869",-1.66131166156492
"LINC01485",-1.67321904708711
"KLRK1-AS1",-1.6732582577329
"RDM1P5",-1.67911627900282
"LRRC37A17P",-1.68459327949119
"LOC400553",-1.69296429812548
"CLDND2",-1.69626619852367
"TMEM18-DT",-1.69786628996212
"LINC02802|LOC107985200",-1.69985351964748
"SQSTM1P1",-1.70300270872003
"HIKESHIP2",-1.71810925612044
"GAS2L2",-1.71960253278992
"MALRD1",-1.72019746136775
"NT5C3AP1",-1.72082643532977
"RFPL4A",-1.72459378428336
"TMEM244",-1.73681136086931
"LINC-ROR",-1.74272061201764
"PCAT1",-1.75376282139916
"LINC02639",-1.76465207968161
"LOC105373496",-1.76547891077064
"ZKSCAN8P1",-1.77328711765196
"FEZF1-AS1",-1.77703124941253
"LINC02941",-1.77782484396421
"LOC107985772",-1.78862631721606
"LINC02458",-1.79093957632359
"RPS20P33",-1.79426645330184
"RTEL1P1",-1.80206649500564
"LOC101928718",-1.80902205522312
"FAM72B",-1.81404400114029
"OR13C6P",-1.81470149170874
"PSG11",-1.81741384823148
"LINC02241",-1.81810864133251
"LINC01748",-1.82637077637268
"ZNF603P",-1.83366793402963
"FLVCR2-AS1",-1.83828895189526
"LOC105375216",-1.83833900594733
"GAS2L1P2",-1.84849369854949
"CRHR1|LINC02210-CRHR1",-1.84862617811369
"USP32P2",-1.84969959367445
"LOC729732",-1.85415513914184
"SLC9A7P1",-1.85771189353068
"SERPINA2",-1.8703732719534
"PCDHA7",-1.90463697577463
"LINC01854",-1.90605668397307
"CARMIL3",-1.9067249969359
"HAVCR1",-1.90917997250784
"LINC01790",-1.92372568713217
"ANKRD34C",-1.93524685221378
"ARHGEF7-AS2",-1.94302907719119
"LINC00601",-1.94779083059572
"DDX11L16|DDX11L5|DDX11L9",-1.95048905229432
"LNC-LBCS",-1.95244288492948
"LOC102724612",-1.96224985642769
"LINC02404",-1.97147807365167
"RPL23P2",-1.97844349370378
"ZC2HC1B",-2.00360135128805
"SULT1A2",-2.01573829407941
"GPR199P",-2.02031688381531
"ALG14-AS1",-2.04219080582403
"PDPK2P",-2.04442303702805
"PRAMEF2",-2.04678283547612
"PCDHA10",-2.0498250688878
"TSPAN14-AS1",-2.05420544971108
"MBD3L2B",-2.05618737929313
"LOC105374367",-2.06574405175763
"PSG1",-2.08187392393226
"LOC100507156",-2.08199281756201
"OR10A6",-2.08217448514827
"PRY2",-2.09642534758612
"RFPL4B",-2.10168166683309
"LRRC52",-2.10407801351111
"FARS2-AS1",-2.1060687395858
"PDYN-AS1",-2.11363805636389
"LINC02232",-2.11826879402384
"LINC02985",-2.12960706160827
"KRT8P50",-2.13476039722235
"CLSTN2-AS1",-2.13892740184581
"SPAAR",-2.14021529147974
"LINC00870",-2.14378567421435
"LINC02763",-2.14631400073483
"SPATA21",-2.14852585622757
"LINC01572",-2.15160908910178
"DSEL-AS1",-2.15230190296607
"LINC02405",-2.15232593318862
"SMARCE1P2",-2.15541845307742
"LINC02544",-2.15943589452984
"LINC02915",-2.16511429838084
"ENO1P1",-2.16958183122018
"RPL4P6",-2.1731455508092
"SNORA73A",-2.1813927812089
"HSFX4",-2.18321648514013
"ARL14EPL",-2.18890964711617
"URAHP",-2.19357710389984
"PRAMEF6",-2.19694643898546
"MROH3P",-2.20077569423465
"TRIM43B",-2.20971967957766
"TMEM95",-2.24569587491678
"SPACDR",-2.24575633117963
"NAV2-AS2",-2.24673494442886
"SCAT8",-2.24757017191998
"KRT8P52",-2.26942944806922
"LINC02159",-2.26974284993446
"KLHL2P1",-2.27003778936307
"LINC00968",-2.27829425274028
"RN7SKP276",-2.29499680880429
"CT45A5",-2.30041749612885
"LOC613038",-2.30139093952366
"LMCD1-AS1|LOC101927394",-2.30765113383694
"LINC02015",-2.3203293680282
"PRAMEF5",-2.32108579538638
"CC2D2B",-2.3220782433652
"CSTF3-DT",-2.35920066243414
"LINC00486",-2.37033190048091
"ATP6V1B1-AS1",-2.37359545045726
"A1CF",-2.38002077177873
"LINC01204",-2.40975191800064
"CFAP418-AS1",-2.41429296196384
"LINC01608",-2.42289744210233
"MTCO3P12",-2.42774764793519
"FGA.1",-2.43651304844875
"AARSD1P1",-2.43794792678549
"MT1A",-2.43817665288242
"STARD4-AS1",-2.43917938106431
"FAM24B-CUZD1",-2.46162188991965
"CHST5",-2.48103334224639
"GLIS2-AS1",-2.48680556209544
"LOC100128317",-2.50455405825106
"ZNF705G",-2.50546369583804
"TRIM49D1",-2.51546547769195
"LINC00462",-2.51812568065916
"LOC441239",-2.5212029292812
"ZKSCAN8P2",-2.53084496509086
"LINC01203",-2.53400443248321
"IQCJ",-2.56804826231663
"FAM72D",-2.57637557855236
"LIPE-AS1|LOC101930071",-2.58034206818831
"TSNAX-DISC1",-2.58115342948669
"LINC01474",-2.5822220960247
"LINC02552",-2.6060217042736
"TP53TG3D|LOC102723655|LOC102723713|TP53TG3E|TP53TG3F",-2.60856073896109
"GOLGA8Q|GOLGA8O",-2.62107038892725
"CFAP20DC",-2.62528027496806
"ULK4P1|ULK4P2",-2.64448443642107
"RFPL4AL1",-2.64534583420204
"ADAMTS7P3",-2.67878683223443
"RAB6D",-2.68878794346481
"LINC01122",-2.69770354350666
"LDLRAD2",-2.74541843166127
"TMEM235",-2.74861663354901
"LINC00319",-2.75945546190119
"LINC01115",-2.75959260585268
"LINC01340",-2.76551130917713
"LOC100130881",-2.77784588943803
"CHRFAM7A",-2.83418147852317
"LINC02421",-2.84090498646239
"VN1R83P",-2.85219470711243
"PATE2",-2.85679942342205
"SCTR-AS1",-2.86014507240188
"LOC339298",-2.87141591286986
"ZCCHC14-DT",-2.88994685327881
"KDM4E",-2.89465833744538
"LINC02622",-2.91741094387097
"LINC01996",-2.96767161616333
"TAC4",-2.98754508669652
"OR10AC1",-3.02281747318284
"DLGAP4-AS1",-3.02716719370194
"RPL10P7",-3.06946736963228
"PCA3",-3.13712521620953
"RUFY1-AS1",-3.13758697450904
"LINC02701",-3.14846683702812
"COX8C",-3.15978990332415
"FUT5",-3.17278191216161
"SEMA6A-AS1",-3.18215425628969
"ACTG1P17",-3.18238981307701
"LOC102723553",-3.1916530438332
"LINC00706",-3.20062417970254
"FAM72C",-3.20152553864623
"LOC107986639",-3.21568670284345
"LINC01139",-3.21756689692252
"LOC644909",-3.22261711470342
"CXXC5-AS1",-3.23668626123329
"LY75-CD302",-3.27732080815601
"SNORA63",-3.29198727365482
"PSMD2P1",-3.3005946270752
"RPL9P25",-3.32685301490359
"DEFB103B|DEFB103A",-3.3277983387854
"TNS1-AS1",-3.33578766413554
"RPL23AP24",-3.37665435091542
"REL-DT",-3.37858721090843
"PIWIL4-AS1",-3.39459297784285
"CPHXL",-3.40970613371341
"MRPL23-AS1",-3.42366406831231
"HERC2P5",-3.42481064905921
"CCAT2",-3.427271923028
"LINC00851",-3.51519642605996
"LOC442497",-3.52669744367316
"LOC391711",-3.56439002042528
"BLOC1S5-TXNDC5",-3.56448721962136
"OR7C1",-3.5791501377243
"RPL37P15",-3.59589425386727
"CLEC19A",-3.6550562199243
"LINC00924",-3.69158474856608
"LINC01915",-3.73714209568749
"LNCAROD|LOC105378305",-3.77690291604283
"LOC100310782",-3.78001176107748
"TERC",-3.79664931441854
"PRAMEF11",-3.83010897357131
"KPRP",-3.86013351385867
"LINC02535",-3.87052145551607
"LINC02269",-3.88161571189395
"LINC00519",-3.94312728507769
"LINC01524",-3.95134380109102
"LINC02387",-3.99753669518331
"LOC729867",-4.05094792830927
"MIR2052HG",-4.09830445403104
"LINC00499",-4.11042376040182
"LOC105370854",-4.12225699204007
"TRIM49B",-4.12606010268177
"MIR4422HG",-4.14444221927596
"CTAGE6",-4.17997830884991
"LOC101928477",-4.18117514647957
"DIO2-AS1",-4.23113348099249
"LOC105375743",-4.26954583556312
"PRAMEF27",-4.33610654287892
"RPSAP70",-4.36668641413321
"ZSWIM8-AS1",-4.42977415062249
"LINC01426",-4.46529000753671
"LOC102724593",-4.53072327106884
"LINC01697",-4.62702906977676
"LINC02995",-4.6856207939563
"LEUTX",-4.77117040471239
"DENND5B-AS1",-4.99531718182206
"FAM106C",-5.06005753976247
"PRRT1B",-5.06569169991096
"KBTBD11-AS1",-5.08442861963993
"RNPC3-DT",-5.25187152841714
"LOC105378721",-5.38770661355739
"MBD3L3",-5.76591045612877
"SRRM1P1",-6.17558145259553
"RNY3",-6.32962287244611
"RSC1A1",-8.02222261570499
